# Blender 4.4.1
# www.blender.org
mtllib dolone.mtl
o 球.002
v 5.526907 -0.808117 5.701034
v 5.524208 -0.808117 5.733072
v 5.526907 0.808116 5.701034
v 5.523307 -0.808117 5.669084
v 5.513541 -0.808117 5.638452
v 5.523307 0.808116 5.669084
v 5.513541 0.808116 5.638452
v 5.497988 0.808116 5.610311
v 5.477243 0.808116 5.585747
v 5.497988 -0.808117 5.610311
v 5.477243 -0.808117 5.585747
v 5.452103 -0.808117 5.565700
v 5.423537 -0.808117 5.550946
v 5.452103 0.808116 5.565700
v 5.423537 0.808116 5.550946
v 5.392642 0.808116 5.542046
v 5.360603 0.808116 5.539345
v 5.392642 -0.808117 5.542046
v 5.360604 -0.808117 5.539345
v 5.328654 -0.808117 5.542947
v 5.298020 -0.808117 5.552711
v 5.328653 0.808116 5.542947
v 5.298020 0.808116 5.552711
v 5.269879 0.808116 5.568265
v 5.245314 0.808116 5.589011
v 5.269879 -0.808117 5.568265
v 5.245314 -0.808117 5.589011
v 5.225270 -0.808117 5.614148
v 5.210514 -0.808117 5.642716
v 5.225269 0.808116 5.614148
v 5.210514 0.808116 5.642716
v 5.201614 0.808116 5.673610
v 5.198914 0.808116 5.705650
v 5.201614 -0.808117 5.673610
v 5.198914 -0.808117 5.705650
v 5.202514 -0.808117 5.737599
v 5.212280 -0.808117 5.768233
v 5.202514 0.808116 5.737599
v 5.212279 0.808116 5.768233
v 5.227833 0.808116 5.796373
v 5.248578 0.808116 5.820938
v 5.227833 -0.808117 5.796373
v 5.248578 -0.808117 5.820938
v 5.273718 -0.808117 5.840983
v 5.302283 -0.808117 5.855741
v 5.273718 0.808116 5.840983
v 5.302283 0.808116 5.855741
v 5.333179 0.808116 5.864639
v 5.365219 0.808116 5.867340
v 5.333179 -0.808117 5.864639
v 5.365219 -0.808117 5.867340
v 5.397168 -0.808117 5.863739
v 5.427802 -0.808117 5.853974
v 5.397168 0.808116 5.863739
v 5.427802 0.808116 5.853974
v 5.455942 0.808116 5.838419
v 5.480506 0.808116 5.817674
v 5.455942 -0.808117 5.838419
v 5.480506 -0.808117 5.817674
v 5.500552 -0.808117 5.792536
v 5.515308 -0.808117 5.763969
v 5.500552 0.808116 5.792536
v 5.515308 0.808116 5.763969
v 5.524207 0.808116 5.733072
v 3.962571 0.088039 5.503541
v 4.140048 0.089511 5.506847
v 3.945008 0.082220 5.592879
v 3.935209 0.036607 5.596575
v 3.820347 0.085805 5.506387
v 3.814762 0.082214 5.593166
v 3.820871 0.040234 5.597218
v 3.656995 0.081995 5.512438
v 3.678393 0.075885 5.596142
v 3.692116 0.038427 5.601234
v 3.475274 0.085387 5.518727
v 3.546654 0.078370 5.596069
v 3.550845 0.041450 5.603984
v 3.266541 0.075093 5.527833
v 3.393573 0.082972 5.602109
v 3.375577 0.043232 5.606643
v 3.044302 0.068578 5.542312
v 3.207105 0.073127 5.613061
v 3.207105 0.043027 5.613061
v 2.799864 0.053476 5.570579
v 3.076190 0.064802 5.633304
v 3.077964 0.043070 5.620547
v 2.704635 0.030277 5.648903
v 2.944455 0.060202 5.667266
v 2.959195 0.030209 5.675909
v 2.670720 0.000922 5.745375
v 2.925817 0.042389 5.741785
v 2.944141 0.022939 5.742477
v 2.693680 -0.032870 5.838840
v 2.946545 0.006989 5.815751
v 2.976623 -0.016984 5.808200
v 2.804375 -0.064647 5.891164
v 3.079184 -0.008808 5.845993
v 3.061917 -0.030083 5.844300
v 3.049868 -0.107763 5.937846
v 3.210616 -0.023662 5.862544
v 3.217088 -0.035394 5.865614
v 3.272427 -0.123605 5.946066
v 3.397015 -0.039308 5.871498
v 3.379225 -0.043584 5.865812
v 3.481333 -0.130539 5.949295
v 3.555178 -0.047917 5.876465
v 3.551883 -0.051907 5.873520
v 3.663159 -0.133602 5.950468
v 3.698673 -0.054845 5.880886
v 3.692694 -0.057564 5.870501
v 3.826617 -0.137150 5.951920
v 3.827808 -0.057066 5.879169
v 3.821005 -0.060593 5.869091
v 3.968863 -0.133668 5.950763
v 3.950050 -0.059556 5.878204
v 3.941432 -0.057101 5.866519
v 4.146179 -0.127452 5.942462
v 4.072271 -0.057819 5.875730
v 4.080418 -0.056674 5.859650
v 4.313725 -0.119563 5.929226
v 4.221172 -0.055151 5.868142
v 4.223113 -0.057543 5.855190
v 4.504390 -0.107261 5.915958
v 4.344718 -0.055457 5.865355
v 4.382821 -0.060344 5.848258
v 4.695414 -0.086944 5.899836
v 4.502680 -0.049805 5.855940
v 4.543416 -0.049167 5.843320
v 4.899372 -0.062580 5.868969
v 4.688754 -0.038162 5.841742
v 4.680779 -0.042240 5.834883
v 5.109943 -0.034380 5.826254
v 4.819666 -0.022768 5.821501
v 4.854929 -0.032248 5.811953
v 5.363994 0.000000 5.759014
v 5.075397 0.009057 5.778622
v 5.075242 -0.000412 5.767620
v 4.686480 0.000000 5.717009
v 4.556519 0.014375 5.718837
v 4.556519 -0.005812 5.718837
v 5.362543 0.000000 5.655957
v 5.073550 0.041456 5.647463
v 5.073372 0.022924 5.634792
v 5.106702 0.033170 5.595891
v 4.816631 0.071139 5.605787
v 4.806159 0.021884 5.628294
v 4.895012 0.060835 5.559118
v 4.685094 0.078787 5.596010
v 4.678329 0.025039 5.620416
v 4.690266 0.076083 5.534004
v 4.525063 0.081814 5.588236
v 4.511075 0.029979 5.608651
v 4.498864 0.078359 5.523265
v 4.356846 0.082372 5.589240
v 4.334425 0.034779 5.602963
v 4.307901 0.081359 5.515367
v 4.207208 0.083532 5.587205
v 4.192335 0.034768 5.595894
v 4.063699 0.032685 5.595733
v 4.071828 0.083448 5.588709
v 5.372400 0.036998 5.494735
v 5.378454 0.036998 5.924898
v 5.372400 -0.036998 5.494735
v 5.327677 0.036998 5.495365
v 5.333731 0.036998 5.925528
v 5.327677 -0.036998 5.495365
v 5.333731 -0.036998 5.925528
v 5.378454 -0.036998 5.924898
v 5.571648 0.041085 5.722758
v 5.141482 0.041085 5.728810
v 5.571648 -0.041085 5.722758
v 5.571017 0.041085 5.678034
v 5.140854 0.041085 5.684086
v 5.571017 -0.041085 5.678034
v 5.140854 -0.041085 5.684086
v 5.141482 -0.041085 5.728810
v 5.566916 0.088039 4.307091
v 5.563610 0.089511 4.484568
v 5.477581 0.082220 4.289528
v 5.473883 0.036607 4.279730
v 5.564072 0.085805 4.164868
v 5.477292 0.082214 4.159282
v 5.473240 0.040234 4.165393
v 5.558022 0.081995 4.001514
v 5.474314 0.075885 4.022913
v 5.469223 0.038427 4.036636
v 5.551732 0.085387 3.819795
v 5.474390 0.078370 3.891174
v 5.466476 0.041450 3.895365
v 5.542626 0.075093 3.611060
v 5.468351 0.082972 3.738096
v 5.463815 0.043232 3.720098
v 5.528145 0.068578 3.388822
v 5.457396 0.073127 3.551624
v 5.457396 0.043027 3.551624
v 5.499878 0.053476 3.144384
v 5.437155 0.064802 3.420711
v 5.449911 0.043070 3.422483
v 5.421556 0.030277 3.049157
v 5.403192 0.060202 3.288976
v 5.394549 0.030209 3.303715
v 5.325083 0.000922 3.015240
v 5.328672 0.042389 3.270339
v 5.327981 0.022939 3.288662
v 5.231617 -0.032870 3.038200
v 5.254706 0.006989 3.291065
v 5.262257 -0.016984 3.321144
v 5.179294 -0.064647 3.148896
v 5.224465 -0.008808 3.423705
v 5.226158 -0.030083 3.406438
v 5.132612 -0.107763 3.394388
v 5.207915 -0.023662 3.555134
v 5.204843 -0.035394 3.561609
v 5.124391 -0.123605 3.616946
v 5.198961 -0.039308 3.741534
v 5.204646 -0.043584 3.723744
v 5.121163 -0.130539 3.825852
v 5.193994 -0.047917 3.899698
v 5.196939 -0.051907 3.896404
v 5.119989 -0.133602 4.007679
v 5.189572 -0.054845 4.043195
v 5.199958 -0.057564 4.037214
v 5.118536 -0.137150 4.171137
v 5.191288 -0.057066 4.172330
v 5.201367 -0.060593 4.165526
v 5.119696 -0.133668 4.313385
v 5.192255 -0.059556 4.294572
v 5.203937 -0.057101 4.285954
v 5.127995 -0.127452 4.490698
v 5.194730 -0.057819 4.416791
v 5.210810 -0.056674 4.424939
v 5.141232 -0.119563 4.658245
v 5.202316 -0.055151 4.565692
v 5.215269 -0.057543 4.567632
v 5.154500 -0.107261 4.848910
v 5.205104 -0.055457 4.689239
v 5.222201 -0.060344 4.727341
v 5.170622 -0.086944 5.039936
v 5.214519 -0.049805 4.847200
v 5.227138 -0.049167 4.887938
v 5.201487 -0.062580 5.243892
v 5.228716 -0.038162 5.033274
v 5.235576 -0.042240 5.025300
v 5.244204 -0.034380 5.454465
v 5.248957 -0.022768 5.164186
v 5.258504 -0.032248 5.199449
v 5.311445 0.000000 5.708513
v 5.291836 0.009057 5.419917
v 5.302838 -0.000412 5.419761
v 5.353449 0.000000 5.030999
v 5.351621 0.014375 4.901039
v 5.351621 -0.005812 4.901039
v 5.414500 0.000000 5.707063
v 5.422993 0.041456 5.418071
v 5.435664 0.022924 5.417894
v 5.474566 0.033170 5.451222
v 5.464671 0.071139 5.161151
v 5.442164 0.021884 5.150677
v 5.511340 0.060835 5.239532
v 5.474449 0.078787 5.029616
v 5.450041 0.025039 5.022850
v 5.536455 0.076083 5.034788
v 5.482223 0.081814 4.869584
v 5.461809 0.029979 4.855596
v 5.547194 0.078359 4.843384
v 5.481218 0.082372 4.701365
v 5.467494 0.034779 4.678946
v 5.555093 0.081359 4.652421
v 5.483253 0.083532 4.551729
v 5.474565 0.034768 4.536854
v 5.474725 0.032685 4.408220
v 5.481749 0.083448 4.416349
v 5.159020 0.088039 7.107888
v 5.162326 0.089511 6.930410
v 5.248356 0.082220 7.125450
v 5.252053 0.036607 7.135250
v 5.161865 0.085805 7.250113
v 5.248644 0.082214 7.255697
v 5.252696 0.040234 7.249587
v 5.167915 0.081995 7.413464
v 5.251621 0.075885 7.392066
v 5.256713 0.038427 7.378344
v 5.174205 0.085387 7.595185
v 5.251548 0.078370 7.523806
v 5.259461 0.041450 7.519613
v 5.183310 0.075093 7.803918
v 5.257585 0.082972 7.676884
v 5.262122 0.043232 7.694882
v 5.197791 0.068578 8.026156
v 5.268541 0.073127 7.863356
v 5.268541 0.043027 7.863356
v 5.226059 0.053476 8.270596
v 5.288782 0.064802 7.994267
v 5.276025 0.043070 7.992496
v 5.304381 0.030277 8.365822
v 5.322744 0.060202 8.126004
v 5.331387 0.030209 8.111263
v 5.400854 0.000922 8.399740
v 5.397264 0.042389 8.144640
v 5.397956 0.022939 8.126318
v 5.494319 -0.032870 8.376778
v 5.471229 0.006989 8.123914
v 5.463678 -0.016984 8.093835
v 5.546642 -0.064647 8.266083
v 5.501472 -0.008808 7.991274
v 5.499778 -0.030083 8.008542
v 5.593324 -0.107763 8.020591
v 5.518021 -0.023662 7.859845
v 5.521094 -0.035394 7.853371
v 5.601546 -0.123605 7.798032
v 5.526976 -0.039308 7.673445
v 5.521290 -0.043584 7.691234
v 5.604773 -0.130539 7.589126
v 5.531943 -0.047917 7.515281
v 5.528997 -0.051907 7.518574
v 5.605947 -0.133602 7.407299
v 5.536364 -0.054845 7.371784
v 5.525979 -0.057564 7.377765
v 5.607399 -0.137150 7.243842
v 5.534648 -0.057066 7.242649
v 5.524569 -0.060593 7.249453
v 5.606240 -0.133668 7.101593
v 5.533682 -0.059556 7.120407
v 5.521999 -0.057101 7.129025
v 5.597943 -0.127452 6.924281
v 5.531209 -0.057819 6.998188
v 5.515127 -0.056674 6.990041
v 5.584705 -0.119563 6.756734
v 5.523621 -0.055151 6.849286
v 5.510668 -0.057543 6.847346
v 5.571436 -0.107261 6.566070
v 5.520832 -0.055457 6.725740
v 5.503736 -0.060344 6.687639
v 5.555315 -0.086944 6.375045
v 5.511417 -0.049805 6.567778
v 5.498798 -0.049167 6.527043
v 5.524450 -0.062580 6.171087
v 5.497221 -0.038162 6.381705
v 5.490361 -0.042240 6.389680
v 5.481734 -0.034380 5.960515
v 5.476980 -0.022768 6.250793
v 5.467432 -0.032248 6.215528
v 5.414493 0.000000 5.706465
v 5.434101 0.009057 5.995062
v 5.423099 -0.000412 5.995216
v 5.372488 0.000000 6.383980
v 5.374316 0.014375 6.513939
v 5.374316 -0.005812 6.513939
v 5.311438 0.000000 5.707916
v 5.302943 0.041456 5.996906
v 5.290272 0.022924 5.997085
v 5.251370 0.033170 5.963758
v 5.261266 0.071139 6.253827
v 5.283773 0.021884 6.264300
v 5.214597 0.060835 6.175447
v 5.251487 0.078787 6.385364
v 5.275896 0.025039 6.392128
v 5.189482 0.076083 6.380191
v 5.243714 0.081814 6.545396
v 5.264127 0.029979 6.559383
v 5.178742 0.078359 6.571596
v 5.244719 0.082372 6.713615
v 5.258442 0.034779 6.736033
v 5.170844 0.081359 6.762557
v 5.242684 0.083532 6.863250
v 5.251372 0.034768 6.878126
v 5.251212 0.032685 7.006760
v 5.244190 0.083448 6.998630
v 6.763368 0.088040 5.911438
v 6.585891 0.089511 5.908132
v 6.780929 0.082221 5.822102
v 6.790728 0.036608 5.818405
v 6.905590 0.085806 5.908593
v 6.911174 0.082215 5.821812
v 6.905066 0.040235 5.817762
v 7.068942 0.081996 5.902541
v 7.047544 0.075886 5.818836
v 7.033823 0.038428 5.813745
v 7.250662 0.085388 5.896253
v 7.179283 0.078371 5.818910
v 7.175092 0.041451 5.810997
v 7.459397 0.075094 5.887147
v 7.332365 0.082973 5.812871
v 7.350359 0.043233 5.808336
v 7.681635 0.068579 5.872667
v 7.518836 0.073128 5.801918
v 7.518836 0.043028 5.801918
v 7.926075 0.053477 5.844399
v 7.649747 0.064803 5.781675
v 7.647974 0.043071 5.794434
v 8.021301 0.030278 5.766077
v 7.781484 0.060203 5.747712
v 7.766742 0.030210 5.739070
v 8.055219 0.000923 5.669605
v 7.800122 0.042390 5.673194
v 7.781796 0.022940 5.672501
v 8.032259 -0.032869 5.576140
v 7.779394 0.006990 5.599229
v 7.749314 -0.016983 5.606779
v 7.921563 -0.064646 5.523815
v 7.646753 -0.008807 5.568986
v 7.664022 -0.030082 5.570679
v 7.676070 -0.107762 5.477134
v 7.515323 -0.023661 5.552437
v 7.508850 -0.035393 5.549365
v 7.453511 -0.123604 5.468914
v 7.328921 -0.039307 5.543482
v 7.346712 -0.043583 5.549167
v 7.244605 -0.130538 5.465684
v 7.170760 -0.047916 5.538515
v 7.174054 -0.051906 5.541461
v 7.062778 -0.133601 5.464511
v 7.027264 -0.054844 5.534095
v 7.033244 -0.057563 5.544480
v 6.899320 -0.137149 5.463058
v 6.898129 -0.057065 5.535810
v 6.904932 -0.060592 5.545889
v 6.757073 -0.133667 5.464215
v 6.775888 -0.059555 5.536777
v 6.784505 -0.057100 5.548460
v 6.579760 -0.127452 5.472516
v 6.653667 -0.057818 5.539251
v 6.645520 -0.056673 5.555331
v 6.412214 -0.119563 5.485754
v 6.504766 -0.055151 5.546836
v 6.502824 -0.057543 5.559790
v 6.221548 -0.107261 5.499023
v 6.381220 -0.055457 5.549626
v 6.343116 -0.060344 5.566721
v 6.030524 -0.086944 5.515143
v 6.223259 -0.049805 5.559042
v 6.182523 -0.049167 5.571658
v 5.826567 -0.062580 5.546009
v 6.037183 -0.038162 5.573236
v 6.045159 -0.042240 5.580097
v 5.615994 -0.034380 5.588725
v 5.906272 -0.022768 5.593480
v 5.871009 -0.032248 5.603026
v 5.361945 0.000000 5.655966
v 5.650541 0.009057 5.636358
v 5.650696 -0.000412 5.647361
v 6.039459 0.000000 5.697969
v 6.169418 0.014375 5.696141
v 6.169418 -0.005812 5.696141
v 5.363396 0.000000 5.759022
v 5.652387 0.041456 5.767515
v 5.652565 0.022924 5.780188
v 5.619236 0.033170 5.819088
v 5.909307 0.071139 5.809192
v 5.919780 0.021884 5.786686
v 5.830927 0.060835 5.855862
v 6.040843 0.078787 5.818971
v 6.047607 0.025039 5.794564
v 6.035674 0.076083 5.880976
v 6.200876 0.081814 5.826746
v 6.214863 0.029979 5.806329
v 6.227074 0.078359 5.891716
v 6.369094 0.082372 5.825740
v 6.391512 0.034779 5.812015
v 6.418038 0.081359 5.899614
v 6.518730 0.083532 5.827774
v 6.533605 0.034768 5.819087
v 6.662239 0.032686 5.819245
v 6.654110 0.083448 5.826269
vn -0.7118 -0.6857 0.1520
vn -0.1520 -0.6857 -0.7119
vn 0.7119 -0.6857 -0.1520
vn 0.7278 0.6857 -0.0102
vn 0.7158 -0.6857 0.1319
vn 0.7278 -0.6857 -0.0102
vn 0.7118 0.6857 -0.1520
vn 0.6685 0.6857 -0.2880
vn 0.6685 -0.6857 -0.2880
vn -0.6763 0.6857 -0.2690
vn -0.2691 0.6857 0.6764
vn 0.6763 0.6857 0.2691
vn 0.5995 0.6857 -0.4129
vn 0.5995 -0.6857 -0.4129
vn 0.5074 0.6857 -0.5219
vn 0.5074 -0.6857 -0.5219
vn 0.3958 0.6857 -0.6109
vn 0.3958 -0.6857 -0.6109
vn 0.2691 0.6857 -0.6764
vn 0.2690 -0.6857 -0.6763
vn 0.1320 0.6857 -0.7158
vn 0.1320 -0.6857 -0.7158
vn -0.0103 0.6857 -0.7278
vn -0.0103 -0.6857 -0.7278
vn -0.1520 0.6857 -0.7118
vn -0.2880 0.6857 -0.6685
vn -0.2880 -0.6857 -0.6685
vn -0.4129 0.6857 -0.5995
vn -0.4129 -0.6857 -0.5995
vn -0.5219 0.6857 -0.5074
vn -0.5219 -0.6857 -0.5074
vn -0.6109 0.6857 -0.3958
vn -0.6109 -0.6857 -0.3958
vn -0.6763 -0.6857 -0.2691
vn -0.7158 0.6857 -0.1319
vn -0.7158 -0.6857 -0.1319
vn -0.7278 0.6857 0.0102
vn -0.7278 -0.6857 0.0103
vn -0.7118 0.6857 0.1520
vn -0.6685 0.6857 0.2880
vn -0.6685 -0.6857 0.2880
vn -0.5995 0.6857 0.4129
vn -0.5995 -0.6857 0.4129
vn -0.5074 0.6857 0.5219
vn -0.5074 -0.6857 0.5219
vn -0.3958 0.6857 0.6108
vn -0.3959 -0.6857 0.6109
vn -0.2691 -0.6857 0.6763
vn -0.1319 0.6857 0.7158
vn -0.1319 -0.6857 0.7158
vn 0.0102 0.6857 0.7278
vn 0.0102 -0.6857 0.7278
vn 0.1520 0.6857 0.7118
vn 0.1520 -0.6857 0.7119
vn 0.2880 0.6857 0.6685
vn 0.2880 -0.6857 0.6685
vn 0.4129 0.6857 0.5995
vn 0.4129 -0.6857 0.5995
vn 0.5219 0.6857 0.5074
vn 0.5219 -0.6857 0.5074
vn 0.6108 0.6857 0.3959
vn 0.6109 -0.6857 0.3959
vn 0.6763 -0.6857 0.2690
vn 0.7158 0.6857 0.1319
vn -0.0321 0.2865 -0.9575
vn -0.0018 0.9765 0.2157
vn 0.0306 0.3151 -0.9486
vn -0.0040 -0.9602 -0.2792
vn -0.0201 -0.7078 -0.7061
vn 0.0056 0.9690 0.2468
vn -0.0638 0.2587 -0.9638
vn -0.0131 0.8263 0.5631
vn -0.0190 -0.7257 -0.6877
vn -0.0135 0.9949 0.1003
vn -0.0356 0.2475 -0.9682
vn -0.0049 -0.9757 0.2192
vn 0.0213 0.9947 -0.1002
vn -0.0029 0.2631 -0.9648
vn -0.0253 -0.7866 -0.6170
vn -0.0032 0.9841 0.1775
vn -0.1141 0.1710 -0.9787
vn -0.0038 -0.9049 -0.4255
vn -0.0430 0.9974 0.0584
vn -0.1496 0.1879 -0.9707
vn -0.0108 -0.9440 -0.3297
vn -0.0431 0.9939 0.1018
vn -0.4839 0.1368 -0.8644
vn -0.0083 -0.9608 -0.2773
vn -0.0463 0.9905 0.1296
vn -0.9020 0.0270 -0.4308
vn -0.0412 -0.9722 -0.2303
vn -0.0652 0.9431 0.3260
vn -0.9963 -0.0708 -0.0495
vn -0.2188 -0.9306 -0.2936
vn -0.8722 -0.2325 0.4304
vn -0.0250 -0.9122 -0.4089
vn -0.0442 0.8491 0.5263
vn -0.3804 -0.5314 0.7569
vn 0.0148 0.8263 0.5630
vn 0.0265 -0.8619 -0.5063
vn -0.0112 -0.6908 0.7230
vn -0.0290 -0.8923 -0.4504
vn 0.0363 0.8177 0.5745
vn -0.1469 -0.7351 0.6619
vn 0.0220 0.7861 0.6177
vn -0.0152 -0.8477 -0.5303
vn 0.0676 -0.7372 0.6722
vn -0.0090 0.3967 0.9179
vn -0.0296 -0.8928 -0.4495
vn -0.1687 -0.7142 0.6793
vn 0.0164 0.7289 0.6845
vn -0.0264 -0.7526 -0.6579
vn 0.0845 -0.7118 0.6973
vn 0.0164 0.7644 0.6446
vn -0.0139 -0.6890 -0.7246
vn 0.0087 0.5285 0.8489
vn -0.0972 -0.6828 0.7241
vn 0.0188 -0.9998 -0.0022
vn 0.0111 0.7903 0.6126
vn 0.0479 -0.6733 0.7378
vn -0.0180 -0.8476 -0.5303
vn 0.0172 0.8126 0.5825
vn -0.0303 -0.6656 0.7457
vn -0.0048 -0.9994 0.0351
vn 0.0144 0.7010 0.7130
vn 0.2268 -0.6375 0.7363
vn -0.0198 -0.5023 -0.8644
vn -0.0053 0.8261 0.5635
vn 0.1564 -0.5980 0.7861
vn 0.0633 -0.9966 -0.0526
vn -0.0017 0.7924 0.6100
vn 0.1674 -0.5472 0.8201
vn 0.0189 -0.8888 -0.4579
vn -0.0137 0.8436 0.5368
vn 0.2534 -0.5552 0.7922
vn -0.0325 -0.7722 -0.6346
vn 0.0260 0.9687 0.2467
vn 0.9950 0.0249 -0.0972
vn 0.0060 -0.9616 -0.2746
vn 0.3542 -0.8839 -0.3056
vn 0.0049 -0.9501 -0.3119
vn 0.1086 0.9159 0.3863
vn 0.9942 -0.0934 0.0534
vn -0.0220 -0.9399 -0.3408
vn 0.2630 0.0947 -0.9601
vn 0.0521 0.9787 0.1986
vn 0.0048 -0.9265 -0.3763
vn 0.1856 0.2509 -0.9501
vn 0.0110 0.8932 0.4496
vn -0.0026 -0.9313 -0.3643
vn 0.0964 0.2517 -0.9630
vn 0.0087 0.9795 0.2010
vn 0.0071 -0.8680 -0.4966
vn 0.0275 0.2258 -0.9738
vn 0.0083 0.9745 0.2244
vn 0.0212 -0.5812 -0.8135
vn 0.0513 0.2358 -0.9704
vn 0.0147 0.9838 0.1789
vn 0.0098 -0.9085 -0.4178
vn -0.0010 0.9014 0.4330
vn 0.5692 -0.5774 -0.5854
vn -0.5692 -0.5774 0.5854
vn -0.5854 -0.5774 -0.5692
vn -0.5692 0.5774 0.5854
vn 0.5854 0.5774 0.5692
vn 0.5854 -0.5774 0.5692
vn 0.5692 0.5774 -0.5854
vn -0.5854 0.5774 -0.5692
vn -0.5854 0.5774 -0.5691
vn -0.5691 0.5774 0.5854
vn 0.9575 0.2865 -0.0321
vn 0.2792 -0.9602 -0.0040
vn 0.7062 -0.7078 -0.0201
vn -0.2158 0.9764 -0.0018
vn 0.9486 0.3151 0.0306
vn -0.2468 0.9690 0.0056
vn 0.9638 0.2587 -0.0638
vn -0.5630 0.8263 -0.0131
vn 0.6876 -0.7259 -0.0190
vn -0.1003 0.9949 -0.0135
vn 0.9682 0.2475 -0.0356
vn -0.2206 -0.9753 -0.0048
vn 0.1002 0.9947 0.0213
vn 0.9648 0.2632 -0.0029
vn 0.6168 -0.7867 -0.0253
vn -0.1775 0.9841 -0.0032
vn 0.9787 0.1710 -0.1141
vn 0.4256 -0.9049 -0.0038
vn -0.0584 0.9974 -0.0430
vn 0.9707 0.1879 -0.1496
vn 0.3297 -0.9440 -0.0108
vn -0.1018 0.9939 -0.0431
vn 0.8644 0.1368 -0.4839
vn 0.2773 -0.9608 -0.0083
vn -0.1296 0.9905 -0.0463
vn 0.4308 0.0270 -0.9020
vn 0.2303 -0.9722 -0.0412
vn -0.3260 0.9431 -0.0652
vn 0.0495 -0.0708 -0.9963
vn 0.2936 -0.9306 -0.2188
vn -0.4304 -0.2325 -0.8722
vn 0.4089 -0.9122 -0.0250
vn -0.5263 0.8491 -0.0442
vn -0.7569 -0.5314 -0.3804
vn -0.5630 0.8263 0.0148
vn 0.5063 -0.8619 0.0266
vn -0.7230 -0.6908 -0.0112
vn 0.4504 -0.8923 -0.0290
vn -0.5746 0.8177 0.0363
vn -0.6619 -0.7351 -0.1469
vn -0.6177 0.7861 0.0220
vn 0.5303 -0.8477 -0.0152
vn -0.6722 -0.7372 0.0675
vn -0.9183 0.3958 -0.0091
vn 0.4495 -0.8928 -0.0296
vn -0.6793 -0.7142 -0.1688
vn -0.6845 0.7289 0.0164
vn 0.6580 -0.7526 -0.0264
vn -0.6973 -0.7118 0.0846
vn -0.6446 0.7644 0.0164
vn 0.7246 -0.6891 -0.0139
vn -0.8489 0.5284 0.0087
vn -0.7241 -0.6828 -0.0973
vn 0.0026 -0.9998 0.0188
vn -0.6127 0.7902 0.0111
vn -0.7378 -0.6733 0.0479
vn 0.5303 -0.8476 -0.0180
vn -0.5825 0.8126 0.0172
vn -0.7457 -0.6656 -0.0303
vn -0.0349 -0.9994 -0.0048
vn -0.7130 0.7010 0.0144
vn -0.7363 -0.6375 0.2268
vn 0.8644 -0.5023 -0.0198
vn -0.5635 0.8261 -0.0053
vn -0.7861 -0.5980 0.1564
vn 0.0526 -0.9966 0.0633
vn -0.6099 0.7924 -0.0017
vn -0.8201 -0.5471 0.1674
vn 0.4579 -0.8888 0.0189
vn -0.5368 0.8436 -0.0137
vn -0.7922 -0.5552 0.2534
vn 0.6345 -0.7722 -0.0325
vn -0.2467 0.9687 0.0260
vn 0.0972 0.0249 0.9950
vn 0.2746 -0.9616 0.0060
vn 0.3056 -0.8838 0.3542
vn 0.3119 -0.9501 0.0049
vn -0.3864 0.9159 0.1086
vn -0.0535 -0.0934 0.9942
vn 0.3408 -0.9399 -0.0220
vn 0.9601 0.0947 0.2630
vn -0.1986 0.9787 0.0521
vn 0.3763 -0.9265 0.0048
vn 0.9501 0.2509 0.1856
vn -0.4495 0.8932 0.0110
vn 0.3643 -0.9313 -0.0026
vn 0.9630 0.2517 0.0964
vn -0.2010 0.9795 0.0087
vn 0.4965 -0.8680 0.0071
vn 0.9738 0.2258 0.0275
vn -0.2244 0.9745 0.0083
vn 0.8136 -0.5811 0.0212
vn 0.9705 0.2358 0.0513
vn -0.1789 0.9838 0.0147
vn 0.4178 -0.9085 0.0098
vn -0.4330 0.9014 -0.0010
vn -0.9575 0.2865 0.0321
vn -0.2792 -0.9602 0.0040
vn -0.7061 -0.7079 0.0201
vn 0.2159 0.9764 0.0018
vn -0.9486 0.3151 -0.0306
vn 0.2468 0.9690 -0.0056
vn -0.9638 0.2587 0.0638
vn 0.5630 0.8264 0.0131
vn -0.6876 -0.7259 0.0190
vn 0.1003 0.9949 0.0135
vn -0.9682 0.2475 0.0356
vn 0.2202 -0.9755 0.0049
vn -0.1003 0.9947 -0.0213
vn -0.9648 0.2631 0.0029
vn -0.6168 -0.7867 0.0253
vn 0.1775 0.9841 0.0032
vn -0.9787 0.1710 0.1141
vn -0.4256 -0.9049 0.0038
vn 0.0584 0.9974 0.0430
vn -0.9707 0.1879 0.1496
vn -0.3297 -0.9440 0.0108
vn 0.1018 0.9939 0.0431
vn -0.8644 0.1368 0.4839
vn -0.2773 -0.9608 0.0083
vn 0.1296 0.9905 0.0463
vn -0.4308 0.0270 0.9020
vn -0.2303 -0.9722 0.0412
vn 0.3260 0.9431 0.0652
vn -0.0495 -0.0708 0.9963
vn -0.2936 -0.9306 0.2188
vn 0.4304 -0.2325 0.8722
vn -0.4089 -0.9122 0.0250
vn 0.5263 0.8491 0.0442
vn 0.7569 -0.5314 0.3804
vn 0.5630 0.8263 -0.0148
vn -0.5063 -0.8619 -0.0266
vn 0.7230 -0.6908 0.0112
vn -0.4504 -0.8923 0.0290
vn 0.5746 0.8176 -0.0363
vn 0.6619 -0.7351 0.1470
vn 0.6177 0.7861 -0.0220
vn -0.5303 -0.8477 0.0152
vn 0.6722 -0.7372 -0.0675
vn 0.9181 0.3962 0.0090
vn -0.4495 -0.8928 0.0296
vn 0.6793 -0.7142 0.1687
vn 0.6845 0.7288 -0.0164
vn -0.6579 -0.7526 0.0264
vn 0.6973 -0.7118 -0.0845
vn 0.6446 0.7644 -0.0164
vn -0.7246 -0.6890 0.0139
vn 0.8490 0.5284 -0.0087
vn 0.7241 -0.6828 0.0973
vn -0.0026 -0.9998 -0.0188
vn 0.6126 0.7903 -0.0111
vn 0.7378 -0.6733 -0.0479
vn -0.5303 -0.8476 0.0180
vn 0.5825 0.8126 -0.0172
vn 0.7457 -0.6656 0.0303
vn 0.0355 -0.9994 0.0047
vn 0.7130 0.7010 -0.0144
vn 0.7363 -0.6375 -0.2268
vn -0.8644 -0.5023 0.0198
vn 0.5635 0.8261 0.0053
vn 0.7861 -0.5980 -0.1564
vn -0.0525 -0.9966 -0.0633
vn 0.6099 0.7924 0.0017
vn 0.8201 -0.5471 -0.1674
vn -0.4579 -0.8888 -0.0189
vn 0.5368 0.8436 0.0137
vn 0.7922 -0.5552 -0.2534
vn -0.6345 -0.7722 0.0325
vn 0.2467 0.9687 -0.0260
vn -0.0972 0.0249 -0.9949
vn -0.2746 -0.9616 -0.0060
vn -0.3056 -0.8838 -0.3542
vn -0.3119 -0.9501 -0.0049
vn 0.3864 0.9159 -0.1086
vn 0.0535 -0.0934 -0.9942
vn -0.3408 -0.9399 0.0220
vn -0.9601 0.0947 -0.2630
vn 0.1986 0.9787 -0.0521
vn -0.3763 -0.9265 -0.0048
vn -0.9501 0.2509 -0.1856
vn 0.4494 0.8933 -0.0110
vn -0.3643 -0.9313 0.0026
vn -0.9630 0.2517 -0.0964
vn 0.2010 0.9795 -0.0087
vn -0.4965 -0.8680 -0.0071
vn -0.9738 0.2258 -0.0275
vn 0.2244 0.9745 -0.0083
vn -0.8136 -0.5810 -0.0212
vn -0.9705 0.2358 -0.0513
vn 0.1788 0.9838 -0.0147
vn -0.4178 -0.9085 -0.0098
vn 0.4330 0.9014 0.0010
vn 0.0321 0.2865 0.9575
vn 0.0040 -0.9602 0.2792
vn 0.0201 -0.7079 0.7060
vn 0.0018 0.9764 -0.2158
vn -0.0306 0.3151 0.9486
vn -0.0056 0.9690 -0.2468
vn 0.0638 0.2587 0.9638
vn 0.0131 0.8263 -0.5631
vn 0.0190 -0.7258 0.6876
vn 0.0135 0.9949 -0.1003
vn 0.0356 0.2475 0.9682
vn 0.0049 -0.9755 -0.2201
vn -0.0213 0.9947 0.1003
vn 0.0029 0.2632 0.9648
vn 0.0253 -0.7867 0.6168
vn 0.0032 0.9841 -0.1775
vn 0.1141 0.1710 0.9787
vn 0.0038 -0.9049 0.4256
vn 0.0430 0.9974 -0.0584
vn 0.1496 0.1879 0.9707
vn 0.0108 -0.9440 0.3297
vn 0.0431 0.9939 -0.1018
vn 0.4839 0.1368 0.8644
vn 0.0083 -0.9608 0.2773
vn 0.0463 0.9905 -0.1296
vn 0.9021 0.0270 0.4308
vn 0.0412 -0.9722 0.2303
vn 0.0652 0.9431 -0.3260
vn 0.9963 -0.0708 0.0495
vn 0.2188 -0.9306 0.2936
vn 0.8722 -0.2325 -0.4303
vn 0.0250 -0.9122 0.4089
vn 0.0442 0.8491 -0.5263
vn 0.3804 -0.5314 -0.7569
vn -0.0148 0.8263 -0.5630
vn -0.0265 -0.8619 0.5063
vn 0.0112 -0.6908 -0.7230
vn 0.0290 -0.8923 0.4504
vn -0.0363 0.8177 -0.5746
vn 0.1469 -0.7351 -0.6619
vn -0.0220 0.7861 -0.6177
vn 0.0152 -0.8477 0.5303
vn -0.0675 -0.7372 -0.6722
vn 0.0090 0.3970 -0.9178
vn 0.0296 -0.8928 0.4495
vn 0.1687 -0.7142 -0.6793
vn -0.0164 0.7288 -0.6845
vn 0.0264 -0.7526 0.6580
vn -0.0846 -0.7118 -0.6973
vn -0.0164 0.7644 -0.6446
vn 0.0139 -0.6890 0.7246
vn -0.0087 0.5284 -0.8490
vn 0.0973 -0.6828 -0.7241
vn -0.0188 -0.9998 0.0025
vn -0.0111 0.7902 -0.6127
vn -0.0479 -0.6733 -0.7378
vn 0.0180 -0.8476 0.5303
vn -0.0172 0.8126 -0.5825
vn 0.0303 -0.6656 -0.7457
vn 0.0048 -0.9994 -0.0350
vn -0.0144 0.7009 -0.7131
vn -0.2269 -0.6375 -0.7363
vn 0.0197 -0.5023 0.8645
vn 0.0053 0.8261 -0.5635
vn -0.1563 -0.5980 -0.7861
vn -0.0633 -0.9966 0.0526
vn 0.0017 0.7925 -0.6099
vn -0.1674 -0.5472 -0.8201
vn -0.0189 -0.8888 0.4579
vn 0.0137 0.8436 -0.5368
vn -0.2534 -0.5552 -0.7922
vn 0.0325 -0.7722 0.6345
vn -0.0260 0.9687 -0.2467
vn -0.9949 0.0250 0.0974
vn -0.0060 -0.9616 0.2745
vn -0.3542 -0.8838 0.3057
vn -0.0049 -0.9501 0.3119
vn -0.1086 0.9159 -0.3864
vn -0.9942 -0.0934 -0.0535
vn 0.0220 -0.9399 0.3408
vn -0.2630 0.0947 0.9601
vn -0.0521 0.9787 -0.1986
vn -0.0048 -0.9265 0.3763
vn -0.1856 0.2509 0.9501
vn -0.0110 0.8932 -0.4494
vn 0.0026 -0.9313 0.3643
vn -0.0964 0.2517 0.9630
vn -0.0087 0.9795 -0.2010
vn -0.0071 -0.8680 0.4966
vn -0.0275 0.2258 0.9738
vn -0.0083 0.9745 -0.2244
vn -0.0212 -0.5812 0.8135
vn -0.0513 0.2358 0.9705
vn -0.0147 0.9838 -0.1789
vn -0.0098 -0.9085 0.4177
vn 0.0010 0.9014 -0.4330
vt 0.643152 0.079314
vt 0.654503 0.018132
vt 0.715685 0.029483
vt 0.014123 0.770240
vt 0.738502 0.070087
vt 0.732042 0.078915
vt 0.015258 0.766129
vt 0.725815 0.086943
vt 0.016267 0.762431
vt 0.719846 0.094190
vt 0.041375 0.750632
vt 0.040608 0.771450
vt 0.014239 0.777333
vt 0.017709 0.759010
vt 0.714162 0.100678
vt 0.019014 0.755976
vt 0.708784 0.106424
vt 0.020239 0.753317
vt 0.703740 0.111449
vt 0.021599 0.751035
vt 0.699049 0.115771
vt 0.024454 0.749297
vt 0.694736 0.119413
vt 0.027291 0.748041
vt 0.690823 0.122391
vt 0.030255 0.747329
vt 0.687329 0.124728
vt 0.032974 0.747079
vt 0.684274 0.126440
vt 0.035573 0.747318
vt 0.681678 0.127550
vt 0.037853 0.747988
vt 0.679562 0.128075
vt 0.039848 0.749071
vt 0.677944 0.128035
vt 0.041492 0.750534
vt 0.676843 0.127451
vt 0.042927 0.752236
vt 0.676279 0.126338
vt 0.043977 0.754280
vt 0.676270 0.124720
vt 0.044593 0.756521
vt 0.676836 0.122614
vt 0.044768 0.759054
vt 0.677996 0.120041
vt 0.044421 0.761618
vt 0.679768 0.117021
vt 0.043619 0.764446
vt 0.682171 0.113573
vt 0.042343 0.767464
vt 0.685226 0.109719
vt 0.040562 0.770411
vt 0.688950 0.105480
vt 0.038260 0.771884
vt 0.693363 0.100875
vt 0.035556 0.773384
vt 0.698484 0.095930
vt 0.032456 0.775056
vt 0.704333 0.090665
vt 0.028987 0.776696
vt 0.710930 0.085107
vt 0.025294 0.777099
vt 0.718293 0.079280
vt 0.021173 0.777785
vt 0.726442 0.073209
vt 0.016529 0.778756
vt 0.735393 0.066920
vt 0.010401 0.781109
vt 0.745168 0.060441
vt 0.012908 0.775014
vt 0.422679 0.550886
vt 0.414181 0.571349
vt 0.398231 0.565292
vt 0.659850 0.276553
vt 0.681638 0.267492
vt 0.674202 0.286651
vt 0.432165 0.561964
vt 0.442692 0.540104
vt 0.450308 0.551748
vt 0.652347 0.298020
vt 0.667567 0.303693
vt 0.469715 0.541755
vt 0.442878 0.539985
vt 0.466280 0.528342
vt 0.652369 0.297954
vt 0.660854 0.323163
vt 0.644080 0.322744
vt 0.487961 0.531232
vt 0.466000 0.528417
vt 0.491679 0.514785
vt 0.644079 0.322791
vt 0.652997 0.344346
vt 0.634375 0.350196
vt 0.509566 0.519674
vt 0.491559 0.514758
vt 0.521135 0.499153
vt 0.634365 0.350165
vt 0.643238 0.370615
vt 0.624334 0.382065
vt 0.536596 0.506888
vt 0.521719 0.499494
vt 0.554015 0.484476
vt 0.624304 0.382015
vt 0.634485 0.396105
vt 0.613927 0.416088
vt 0.556520 0.499591
vt 0.553904 0.484390
vt 0.590365 0.469432
vt 0.613917 0.416078
vt 0.628127 0.415783
vt 0.604585 0.454367
vt 0.577498 0.493808
vt 0.589868 0.468882
vt 0.609650 0.472187
vt 0.603762 0.453853
vt 0.629358 0.436795
vt 0.610076 0.472890
vt 0.586188 0.502939
vt 0.610130 0.472919
vt 0.622956 0.484087
vt 0.638381 0.443036
vt 0.628146 0.501485
vt 0.623774 0.485776
vt 0.641886 0.486714
vt 0.651701 0.442217
vt 0.589705 0.515994
vt 0.617683 0.519191
vt 0.573870 0.531114
vt 0.655974 0.473424
vt 0.662326 0.431695
vt 0.588418 0.547732
vt 0.617862 0.519868
vt 0.679652 0.440713
vt 0.674510 0.409804
vt 0.557197 0.544383
vt 0.558463 0.567396
vt 0.532369 0.561110
vt 0.695465 0.407959
vt 0.684233 0.385743
vt 0.529824 0.584404
vt 0.510983 0.574691
vt 0.708009 0.377228
vt 0.695625 0.360537
vt 0.504661 0.598889
vt 0.491549 0.586949
vt 0.718535 0.349885
vt 0.703553 0.339444
vt 0.482094 0.612066
vt 0.473532 0.597036
vt 0.728069 0.325712
vt 0.710856 0.320269
vt 0.456538 0.606693
vt 0.461961 0.622648
vt 0.727983 0.325977
vt 0.717209 0.302083
vt 0.735758 0.304600
vt 0.439297 0.615896
vt 0.462081 0.622606
vt 0.436600 0.635132
vt 0.735791 0.304342
vt 0.724179 0.280958
vt 0.744174 0.277214
vt 0.417949 0.626504
vt 0.436503 0.635119
vt 0.411955 0.646109
vt 0.744178 0.277235
vt 0.731770 0.259435
vt 0.751317 0.251303
vt 0.400571 0.635900
vt 0.383940 0.658460
vt 0.751281 0.251216
vt 0.740102 0.235272
vt 0.759217 0.221646
vt 0.377732 0.646814
vt 0.384019 0.658517
vt 0.355397 0.669942
vt 0.759525 0.222088
vt 0.748033 0.210777
vt 0.767115 0.192220
vt 0.350435 0.658991
vt 0.355514 0.670055
vt 0.324075 0.680739
vt 0.754340 0.189671
vt 0.766939 0.192041
vt 0.330249 0.665848
vt 0.324100 0.680769
vt 0.290826 0.690406
vt 0.772722 0.159283
vt 0.760543 0.162239
vt 0.777114 0.124921
vt 0.290519 0.678719
vt 0.249655 0.700409
vt 0.765235 0.126260
vt 0.777343 0.125023
vt 0.339598 0.639275
vt 0.248773 0.698659
vt 0.735946 0.181666
vt 0.729094 0.201303
vt 0.280409 0.660144
vt 0.340756 0.641315
vt 0.242539 0.687455
vt 0.736097 0.181720
vt 0.745431 0.119076
vt 0.766136 0.077445
vt 0.271465 0.655925
vt 0.312177 0.632858
vt 0.741332 0.111800
vt 0.729249 0.158623
vt 0.297501 0.632799
vt 0.329521 0.620805
vt 0.722490 0.140814
vt 0.720670 0.177219
vt 0.323885 0.612599
vt 0.351138 0.607060
vt 0.706375 0.169688
vt 0.709201 0.201457
vt 0.349639 0.595951
vt 0.374598 0.593913
vt 0.693844 0.197701
vt 0.698063 0.227434
vt 0.375563 0.579778
vt 0.395235 0.581811
vt 0.681744 0.225660
vt 0.688930 0.248262
vt 0.398223 0.565310
vt 0.670328 0.250014
vt 0.358326 0.629989
vt 0.189371 0.152106
vt 0.135685 0.195679
vt 0.184315 0.147050
vt 0.144050 0.090056
vt 0.135685 0.098420
vt 0.132377 0.209099
vt 0.140741 0.200735
vt 0.197735 0.143741
vt 0.238000 0.200735
vt 0.192679 0.138685
vt 0.246365 0.095112
vt 0.020895 0.025950
vt 0.074581 0.069525
vt 0.069525 0.074581
vt 0.078813 0.083869
vt 0.020895 0.123210
vt 0.083869 0.078813
vt 0.132499 0.030184
vt 0.123210 0.020895
vt 0.127443 0.132499
vt 0.132499 0.127442
vt 0.011607 0.016662
vt 0.025952 0.020895
vt 0.270302 0.815628
vt 0.249207 0.805052
vt 0.268570 0.798166
vt 0.632936 0.816035
vt 0.653982 0.809104
vt 0.659813 0.825139
vt 0.635129 0.801617
vt 0.611701 0.807923
vt 0.615543 0.794551
vt 0.291451 0.807294
vt 0.285808 0.792061
vt 0.595301 0.786382
vt 0.611489 0.807860
vt 0.587387 0.797745
vt 0.291389 0.807317
vt 0.304936 0.784426
vt 0.315574 0.797402
vt 0.575414 0.779439
vt 0.587627 0.797907
vt 0.560532 0.787367
vt 0.315611 0.797371
vt 0.326107 0.776540
vt 0.342701 0.786820
vt 0.552552 0.770629
vt 0.560590 0.787475
vt 0.529456 0.775272
vt 0.342683 0.786848
vt 0.352372 0.766771
vt 0.373391 0.773607
vt 0.525215 0.758512
vt 0.529332 0.774608
vt 0.496866 0.759961
vt 0.373373 0.773662
vt 0.377391 0.756749
vt 0.405950 0.759264
vt 0.506676 0.748192
vt 0.496873 0.760102
vt 0.461732 0.742262
vt 0.405949 0.759278
vt 0.396444 0.748711
vt 0.441038 0.741335
vt 0.488595 0.736084
vt 0.461641 0.742998
vt 0.451222 0.725860
vt 0.441186 0.742294
vt 0.411551 0.734055
vt 0.451476 0.725079
vt 0.489832 0.723540
vt 0.451463 0.725019
vt 0.451542 0.708011
vt 0.410383 0.723145
vt 0.461326 0.692718
vt 0.452287 0.706289
vt 0.441167 0.691962
vt 0.401063 0.713595
vt 0.497421 0.712350
vt 0.481567 0.689076
vt 0.519213 0.714464
vt 0.421902 0.689975
vt 0.386155 0.712422
vt 0.522294 0.692594
vt 0.481964 0.688498
vt 0.381666 0.693412
vt 0.361621 0.717494
vt 0.540151 0.718423
vt 0.556750 0.702434
vt 0.569033 0.726297
vt 0.346537 0.702832
vt 0.337051 0.725848
vt 0.588334 0.713010
vt 0.593285 0.733622
vt 0.315074 0.713407
vt 0.310523 0.733686
vt 0.615738 0.722603
vt 0.615261 0.740331
vt 0.287494 0.723296
vt 0.289374 0.741460
vt 0.640456 0.731084
vt 0.634667 0.747384
vt 0.262962 0.731866
vt 0.270084 0.748455
vt 0.653079 0.753945
vt 0.661618 0.739418
vt 0.263220 0.731758
vt 0.252164 0.755523
vt 0.241954 0.739833
vt 0.671310 0.760990
vt 0.661509 0.739354
vt 0.687637 0.750468
vt 0.241736 0.739977
vt 0.231615 0.764044
vt 0.215720 0.751350
vt 0.693286 0.770226
vt 0.687690 0.750550
vt 0.712046 0.761960
vt 0.215733 0.751333
vt 0.210360 0.772355
vt 0.191435 0.762866
vt 0.711750 0.777248
vt 0.739696 0.775107
vt 0.191392 0.762951
vt 0.186621 0.781829
vt 0.163818 0.776256
vt 0.734932 0.787414
vt 0.739688 0.775009
vt 0.767034 0.789220
vt 0.163952 0.775734
vt 0.162894 0.791824
vt 0.136378 0.789497
vt 0.761983 0.800129
vt 0.767043 0.789058
vt 0.795668 0.805885
vt 0.142793 0.800835
vt 0.136357 0.789748
vt 0.780360 0.810936
vt 0.795674 0.805847
vt 0.824705 0.824748
vt 0.107776 0.806766
vt 0.117970 0.814057
vt 0.078888 0.825885
vt 0.816056 0.832614
vt 0.859170 0.849391
vt 0.087662 0.834005
vt 0.078817 0.825646
vt 0.754132 0.821213
vt 0.858421 0.851201
vt 0.148747 0.819992
vt 0.168091 0.812353
vt 0.808594 0.852401
vt 0.754920 0.819004
vt 0.854010 0.863239
vt 0.148688 0.819842
vt 0.095158 0.853694
vt 0.050111 0.865209
vt 0.811241 0.861930
vt 0.767183 0.846169
vt 0.092326 0.861550
vt 0.135673 0.840115
vt 0.776723 0.857320
vt 0.746728 0.840908
vt 0.126603 0.856865
vt 0.155357 0.834464
vt 0.744195 0.850536
vt 0.722200 0.833517
vt 0.158991 0.850207
vt 0.181202 0.827316
vt 0.714767 0.841908
vt 0.696922 0.824340
vt 0.188389 0.841397
vt 0.208146 0.818780
vt 0.685589 0.832841
vt 0.674279 0.816618
vt 0.217463 0.832296
vt 0.229883 0.812091
vt 0.659832 0.825132
vt 0.243360 0.825032
vt 0.734868 0.813098
vt 0.871525 0.635493
vt 0.860949 0.656587
vt 0.854063 0.637225
vt 0.871932 0.272860
vt 0.865001 0.251814
vt 0.881036 0.245983
vt 0.857513 0.270667
vt 0.863820 0.294095
vt 0.850448 0.290253
vt 0.863191 0.614344
vt 0.847957 0.619987
vt 0.842279 0.310495
vt 0.863757 0.294307
vt 0.853641 0.318409
vt 0.863214 0.614405
vt 0.840323 0.600859
vt 0.853298 0.590221
vt 0.835335 0.330382
vt 0.853804 0.318169
vt 0.843263 0.345264
vt 0.853268 0.590184
vt 0.832436 0.579688
vt 0.842716 0.563094
vt 0.826526 0.353244
vt 0.843371 0.345206
vt 0.831168 0.376340
vt 0.842744 0.563111
vt 0.822667 0.553423
vt 0.829503 0.532405
vt 0.814409 0.380581
vt 0.830504 0.376463
vt 0.815857 0.408930
vt 0.829558 0.532423
vt 0.812645 0.528404
vt 0.815160 0.499845
vt 0.804088 0.399120
vt 0.815998 0.408922
vt 0.798158 0.444064
vt 0.815174 0.499846
vt 0.804607 0.509351
vt 0.797231 0.464758
vt 0.791980 0.417200
vt 0.798894 0.444155
vt 0.781756 0.454573
vt 0.798189 0.464610
vt 0.789951 0.494245
vt 0.780974 0.454319
vt 0.779436 0.415963
vt 0.780914 0.454333
vt 0.763907 0.454253
vt 0.779041 0.495412
vt 0.748614 0.444469
vt 0.762185 0.453509
vt 0.747858 0.464629
vt 0.769491 0.504733
vt 0.768246 0.408374
vt 0.744972 0.424228
vt 0.770360 0.386583
vt 0.745871 0.483894
vt 0.768318 0.519640
vt 0.748490 0.383501
vt 0.744394 0.423832
vt 0.749308 0.524129
vt 0.773390 0.544174
vt 0.774319 0.365645
vt 0.758330 0.349045
vt 0.782194 0.336762
vt 0.758729 0.559259
vt 0.781745 0.568745
vt 0.768907 0.317462
vt 0.789518 0.312510
vt 0.769303 0.590722
vt 0.789582 0.595272
vt 0.778500 0.290058
vt 0.796227 0.290535
vt 0.779192 0.618301
vt 0.797356 0.616421
vt 0.786981 0.265340
vt 0.803281 0.271128
vt 0.787763 0.642833
vt 0.804351 0.635711
vt 0.809842 0.252717
vt 0.795315 0.244177
vt 0.787654 0.642576
vt 0.811420 0.653632
vt 0.795730 0.663841
vt 0.816887 0.234486
vt 0.795251 0.244287
vt 0.806365 0.218158
vt 0.795874 0.664059
vt 0.819941 0.674180
vt 0.807247 0.690075
vt 0.826123 0.212510
vt 0.806447 0.218106
vt 0.817857 0.193750
vt 0.807230 0.690062
vt 0.828252 0.695436
vt 0.818763 0.714361
vt 0.833145 0.194045
vt 0.831004 0.166100
vt 0.818848 0.714403
vt 0.837726 0.719173
vt 0.832153 0.741977
vt 0.843311 0.170864
vt 0.830906 0.166107
vt 0.845117 0.138762
vt 0.831632 0.741843
vt 0.847722 0.742901
vt 0.845394 0.769417
vt 0.856027 0.143813
vt 0.844955 0.138753
vt 0.861783 0.110128
vt 0.856733 0.763002
vt 0.845645 0.769438
vt 0.866834 0.125437
vt 0.861744 0.110122
vt 0.880646 0.081091
vt 0.862663 0.798019
vt 0.869954 0.787826
vt 0.881783 0.826906
vt 0.888511 0.089741
vt 0.905288 0.046626
vt 0.889903 0.818133
vt 0.881543 0.826978
vt 0.877111 0.151664
vt 0.907099 0.047375
vt 0.875889 0.757048
vt 0.868250 0.737704
vt 0.908299 0.097202
vt 0.874901 0.150876
vt 0.919137 0.051787
vt 0.875739 0.757107
vt 0.909591 0.810637
vt 0.921107 0.855683
vt 0.917828 0.094555
vt 0.902067 0.138614
vt 0.917448 0.813468
vt 0.896012 0.770122
vt 0.913218 0.129073
vt 0.896805 0.159068
vt 0.912762 0.779191
vt 0.890361 0.750438
vt 0.906433 0.161601
vt 0.889414 0.183597
vt 0.906104 0.746803
vt 0.883213 0.724593
vt 0.897805 0.191029
vt 0.880237 0.208874
vt 0.897294 0.717406
vt 0.874677 0.697649
vt 0.888738 0.220207
vt 0.872515 0.231517
vt 0.888193 0.688332
vt 0.867988 0.675911
vt 0.881029 0.245964
vt 0.880929 0.662435
vt 0.868995 0.170929
vt 0.266239 0.939842
vt 0.245143 0.929265
vt 0.264506 0.922379
vt 0.628897 0.940250
vt 0.649944 0.933319
vt 0.655776 0.949355
vt 0.631090 0.925831
vt 0.607661 0.932138
vt 0.611504 0.918765
vt 0.287389 0.931508
vt 0.281746 0.916273
vt 0.591260 0.910596
vt 0.607449 0.932075
vt 0.583346 0.921958
vt 0.287328 0.931531
vt 0.300875 0.908639
vt 0.311514 0.921615
vt 0.571372 0.903652
vt 0.583585 0.922121
vt 0.556489 0.911580
vt 0.311551 0.921584
vt 0.322048 0.900751
vt 0.338642 0.911032
vt 0.548508 0.894841
vt 0.556547 0.911688
vt 0.525410 0.899484
vt 0.338625 0.911060
vt 0.348315 0.890982
vt 0.369335 0.897818
vt 0.521169 0.882723
vt 0.525287 0.898820
vt 0.492818 0.884172
vt 0.369316 0.897874
vt 0.373336 0.880960
vt 0.401896 0.883475
vt 0.502629 0.872402
vt 0.492826 0.884312
vt 0.457682 0.866472
vt 0.401895 0.883488
vt 0.392390 0.872921
vt 0.436986 0.865544
vt 0.484547 0.860293
vt 0.457591 0.867207
vt 0.447172 0.850068
vt 0.437134 0.866503
vt 0.407497 0.858263
vt 0.447426 0.849287
vt 0.485784 0.847748
vt 0.447412 0.849227
vt 0.447492 0.832218
vt 0.406330 0.847353
vt 0.457277 0.816924
vt 0.448236 0.830496
vt 0.437115 0.816168
vt 0.397008 0.837802
vt 0.493374 0.836557
vt 0.477519 0.813282
vt 0.515167 0.838672
vt 0.417849 0.814181
vt 0.382100 0.836629
vt 0.518248 0.816800
vt 0.477915 0.812704
vt 0.377611 0.817618
vt 0.357564 0.841702
vt 0.536106 0.842631
vt 0.552707 0.826641
vt 0.564991 0.850506
vt 0.342479 0.827039
vt 0.332992 0.850056
vt 0.584293 0.837218
vt 0.589245 0.857831
vt 0.311014 0.837614
vt 0.306463 0.857894
vt 0.611698 0.846812
vt 0.611221 0.864540
vt 0.283432 0.847504
vt 0.285312 0.865669
vt 0.636418 0.855294
vt 0.630629 0.871595
vt 0.258899 0.856074
vt 0.266021 0.872664
vt 0.649042 0.878156
vt 0.657582 0.863628
vt 0.259156 0.855966
vt 0.248100 0.879733
vt 0.237889 0.864042
vt 0.667273 0.885202
vt 0.657472 0.863564
vt 0.683602 0.874679
vt 0.237671 0.864186
vt 0.227549 0.888255
vt 0.211653 0.875560
vt 0.689251 0.894438
vt 0.683655 0.874761
vt 0.708013 0.886173
vt 0.211667 0.875543
vt 0.206292 0.896566
vt 0.187366 0.887077
vt 0.707722 0.901459
vt 0.708000 0.886167
vt 0.735669 0.899266
vt 0.187324 0.887161
vt 0.182553 0.906041
vt 0.159748 0.900467
vt 0.730896 0.911654
vt 0.762972 0.913509
vt 0.159881 0.899946
vt 0.158824 0.916037
vt 0.132306 0.913709
vt 0.757924 0.924372
vt 0.762986 0.913310
vt 0.791585 0.930138
vt 0.138721 0.925048
vt 0.132285 0.913960
vt 0.776285 0.935180
vt 0.791592 0.930100
vt 0.820597 0.949001
vt 0.103702 0.930979
vt 0.113896 0.938271
vt 0.074812 0.950100
vt 0.811949 0.956858
vt 0.855030 0.973642
vt 0.083586 0.958221
vt 0.074741 0.949860
vt 0.750070 0.945440
vt 0.854280 0.975451
vt 0.144675 0.944206
vt 0.164021 0.936566
vt 0.804519 0.976619
vt 0.750866 0.943227
vt 0.849918 0.987457
vt 0.144617 0.944057
vt 0.091083 0.977910
vt 0.046034 0.989426
vt 0.807164 0.986145
vt 0.763122 0.970384
vt 0.088251 0.985767
vt 0.131600 0.964331
vt 0.772658 0.981532
vt 0.742675 0.965123
vt 0.122530 0.981082
vt 0.151286 0.958679
vt 0.740142 0.974748
vt 0.718155 0.957732
vt 0.154921 0.974423
vt 0.177133 0.951531
vt 0.710723 0.966122
vt 0.692887 0.948556
vt 0.184320 0.965613
vt 0.204079 0.942995
vt 0.681553 0.957058
vt 0.670243 0.940833
vt 0.213396 0.956511
vt 0.225817 0.936305
vt 0.655795 0.949348
vt 0.239295 0.949247
vt 0.730821 0.937321
vt 0.719849 0.037037
vt 0.722459 0.045258
vt 0.723416 0.053831
vt 0.722681 0.062425
vt 0.720284 0.070711
vt 0.716316 0.078370
vt 0.696780 0.094829
vt 0.688559 0.097439
vt 0.679986 0.098395
vt 0.671392 0.097660
vt 0.663106 0.095263
vt 0.655447 0.091296
vt 0.648709 0.085910
vt 0.638988 0.071760
vt 0.636378 0.063538
vt 0.635422 0.054966
vt 0.636156 0.046371
vt 0.638554 0.038086
vt 0.642521 0.030427
vt 0.647907 0.023689
vt 0.662057 0.013968
vt 0.670278 0.011358
vt 0.678851 0.010401
vt 0.687445 0.011136
vt 0.695731 0.013533
vt 0.703390 0.017501
vt 0.710128 0.022887
vt 0.013163 0.774598
vt 0.013796 0.770159
vt 0.014967 0.766170
vt 0.015707 0.762533
vt 0.017440 0.759049
vt 0.018729 0.756021
vt 0.019854 0.753356
vt 0.020546 0.750975
vt 0.024170 0.749251
vt 0.026947 0.747961
vt 0.030110 0.747291
vt 0.032776 0.747031
vt 0.035487 0.747302
vt 0.037757 0.747987
vt 0.039797 0.749092
vt 0.042906 0.752291
vt 0.043985 0.754415
vt 0.044609 0.756619
vt 0.044827 0.759294
vt 0.044447 0.761752
vt 0.043659 0.764630
vt 0.042396 0.767788
vt 0.038229 0.772183
vt 0.035520 0.773621
vt 0.025242 0.777309
vt 0.021170 0.778004
vt 0.017016 0.778449
vt 0.670168 0.250120
vt 0.422670 0.550893
vt 0.625669 0.485007
vt 0.628338 0.502004
vt 0.640440 0.486370
vt 0.655638 0.473371
vt 0.588394 0.547953
vt 0.680800 0.440500
vt 0.558499 0.567242
vt 0.695197 0.408093
vt 0.529844 0.584366
vt 0.708224 0.377067
vt 0.718445 0.350013
vt 0.772862 0.159368
vt 0.780851 0.082800
vt 0.780069 0.082527
vt 0.241286 0.685628
vt 0.765977 0.077366
vt 0.271010 0.655104
vt 0.741440 0.111828
vt 0.297310 0.632274
vt 0.323873 0.612544
vt 0.706292 0.169695
vt 0.694016 0.197677
vt 0.375561 0.579800
vt 0.127321 0.204043
vt 0.246364 0.192371
vt 0.241309 0.090056
vt 0.030183 0.132499
vt 0.016663 0.011606
vt 0.243548 0.825086
vt 0.632948 0.816037
vt 0.270290 0.815629
vt 0.450466 0.705357
vt 0.461594 0.692234
vt 0.441851 0.693282
vt 0.422082 0.690264
vt 0.522477 0.692468
vt 0.380755 0.692682
vt 0.556609 0.702506
vt 0.346813 0.702948
vt 0.588292 0.713020
vt 0.314811 0.713349
vt 0.287649 0.723280
vt 0.107749 0.806604
vt 0.044554 0.850569
vt 0.044858 0.851340
vt 0.853444 0.865381
vt 0.050156 0.865381
vt 0.810916 0.862810
vt 0.092277 0.861450
vt 0.776451 0.857807
vt 0.744161 0.850580
vt 0.159052 0.850265
vt 0.188258 0.841282
vt 0.685607 0.832829
vt 0.880983 0.662247
vt 0.871934 0.272848
vt 0.871526 0.635505
vt 0.761252 0.455329
vt 0.748130 0.444201
vt 0.749177 0.463945
vt 0.746160 0.483714
vt 0.748364 0.383318
vt 0.748578 0.525040
vt 0.758403 0.349186
vt 0.758845 0.558982
vt 0.768916 0.317503
vt 0.769246 0.590984
vt 0.779177 0.618146
vt 0.862502 0.798046
vt 0.906467 0.861241
vt 0.907237 0.860937
vt 0.921279 0.052352
vt 0.921279 0.855639
vt 0.918708 0.094880
vt 0.917347 0.813518
vt 0.913705 0.129345
vt 0.906478 0.161635
vt 0.906162 0.746743
vt 0.897179 0.717537
vt 0.888726 0.220189
vt 0.239483 0.949301
vt 0.628909 0.940252
vt 0.266227 0.939843
vt 0.446416 0.829563
vt 0.457544 0.816440
vt 0.437800 0.817488
vt 0.418029 0.814470
vt 0.518431 0.816675
vt 0.376699 0.816888
vt 0.552566 0.826714
vt 0.342755 0.827155
vt 0.584251 0.837228
vt 0.310751 0.837557
vt 0.283587 0.847488
vt 0.103675 0.930818
vt 0.040476 0.974786
vt 0.040780 0.975556
vt 0.849353 0.989598
vt 0.046078 0.989599
vt 0.806840 0.987024
vt 0.088201 0.985667
vt 0.772386 0.982020
vt 0.740108 0.974792
vt 0.154982 0.974481
vt 0.710738 0.966121
vt 0.184189 0.965498
vt 0.681571 0.957045
s 1
usemtl マテリアル.002
f 36/1/1 20/2/2 4/3/3
f 3/4/4 2/5/5 1/6/6
f 6/7/7 1/6/6 4/8/3
f 7/9/8 4/8/3 5/10/9
f 31/11/10 47/12/11 63/13/12
f 8/14/13 5/10/9 10/15/14
f 9/16/15 10/15/14 11/17/16
f 14/18/17 11/17/16 12/19/18
f 15/20/19 12/19/18 13/21/20
f 16/22/21 13/21/20 18/23/22
f 17/24/23 18/23/22 19/25/24
f 22/26/25 19/25/24 20/27/2
f 23/28/26 20/27/2 21/29/27
f 24/30/28 21/29/27 26/31/29
f 25/32/30 26/31/29 27/33/31
f 30/34/32 27/33/31 28/35/33
f 31/36/10 28/35/33 29/37/34
f 32/38/35 29/37/34 34/39/36
f 33/40/37 34/39/36 35/41/38
f 38/42/39 35/41/38 36/43/1
f 39/44/40 36/43/1 37/45/41
f 40/46/42 37/45/41 42/47/43
f 41/48/44 42/47/43 43/49/45
f 46/50/46 43/49/45 44/51/47
f 47/52/11 44/51/47 45/53/48
f 48/54/49 45/53/48 50/55/50
f 49/56/51 50/55/50 51/57/52
f 54/58/53 51/57/52 52/59/54
f 55/60/55 52/59/54 53/61/56
f 56/62/57 53/61/56 58/63/58
f 57/64/59 58/63/58 59/65/60
f 62/66/61 59/65/60 60/67/62
f 63/68/12 60/67/62 61/69/63
f 64/70/64 61/69/63 2/5/5
f 65/71/65 160/72/66 66/73/67
f 65/74/65 159/75/68 68/76/69
f 67/77/70 69/78/71 70/79/72
f 69/80/71 68/76/69 71/81/73
f 73/82/74 69/83/71 72/84/75
f 69/85/71 74/86/76 72/87/75
f 76/88/77 72/89/75 75/90/78
f 72/91/75 77/92/79 75/93/78
f 79/94/80 75/95/78 78/96/81
f 75/97/78 80/98/82 78/99/81
f 82/100/83 78/101/81 81/102/84
f 78/103/81 83/104/85 81/105/84
f 85/106/86 81/107/84 84/108/87
f 81/109/84 86/110/88 84/111/87
f 88/112/89 84/113/87 87/114/90
f 84/115/87 89/116/91 87/117/90
f 91/118/92 87/119/90 90/120/93
f 92/121/94 87/119/90 89/116/91
f 93/122/95 91/118/92 90/123/93
f 93/124/95 92/121/94 95/125/96
f 94/126/97 96/127/98 97/128/99
f 96/129/98 95/125/96 98/130/100
f 99/131/101 97/128/99 96/132/98
f 99/133/101 98/130/100 101/134/102
f 100/135/103 102/136/104 103/137/105
f 102/138/104 101/134/102 104/139/106
f 103/137/105 105/140/107 106/141/108
f 105/142/107 104/139/106 107/143/109
f 106/141/108 108/144/110 109/145/111
f 108/146/110 107/143/109 110/147/112
f 109/145/111 111/148/113 112/149/114
f 111/150/113 110/147/112 113/151/115
f 115/152/116 111/148/113 114/153/117
f 111/154/113 116/155/118 114/156/117
f 118/157/119 114/158/117 117/159/120
f 114/160/117 119/161/121 117/162/120
f 121/163/122 117/164/120 120/165/123
f 117/166/120 122/167/124 120/168/123
f 124/169/125 120/165/123 123/170/126
f 120/171/123 125/172/127 123/173/126
f 127/174/128 123/175/126 126/176/129
f 123/177/126 128/178/130 126/179/129
f 130/180/131 126/181/129 129/182/132
f 131/183/133 126/184/129 128/178/130
f 133/185/134 129/186/132 132/187/135
f 129/188/132 134/189/136 132/190/135
f 136/191/137 132/187/135 135/192/138
f 137/193/139 132/194/135 134/189/136
f 138/195/140 136/191/137 135/196/138
f 138/197/140 137/193/139 140/198/141
f 142/199/142 138/200/140 141/201/143
f 138/202/140 143/203/144 141/204/143
f 142/199/142 144/205/145 145/206/146
f 144/207/145 143/203/144 146/208/147
f 145/206/146 147/209/148 148/210/149
f 147/211/148 146/208/147 149/212/150
f 148/210/149 150/213/151 151/214/152
f 150/215/151 149/212/150 152/216/153
f 151/214/152 153/217/154 154/218/155
f 153/219/154 152/216/153 155/220/156
f 154/218/155 156/221/157 157/222/158
f 156/223/157 155/220/156 158/224/159
f 157/222/158 66/225/67 160/72/66
f 66/226/67 158/224/159 159/75/68
f 140/198/141 119/161/121 104/139/106
f 121/163/122 139/227/160 67/77/70
f 165/228/161 161/229/162 162/230/163
f 163/231/164 162/230/163 161/232/162
f 166/233/165 161/229/162 164/234/166
f 167/235/167 164/236/166 165/228/161
f 168/237/168 166/238/165 167/235/167
f 168/237/168 165/228/161 162/230/163
f 170/239/161 172/240/162 169/241/163
f 171/242/169 170/243/161 169/241/163
f 174/244/170 169/241/163 172/240/162
f 175/245/165 172/240/162 173/246/166
f 176/247/167 174/244/170 175/248/165
f 176/249/167 173/250/166 170/239/161
f 177/251/171 271/252/172 180/253/173
f 177/254/171 272/255/174 178/256/175
f 179/257/176 181/258/177 182/259/178
f 181/260/177 180/253/173 183/261/179
f 185/262/180 181/263/177 184/264/181
f 181/265/177 186/266/182 184/267/181
f 188/268/183 184/269/181 187/270/184
f 184/271/181 189/272/185 187/273/184
f 191/274/186 187/275/184 190/276/187
f 187/277/184 192/278/188 190/279/187
f 194/280/189 190/281/187 193/282/190
f 190/283/187 195/284/191 193/285/190
f 197/286/192 193/287/190 196/288/193
f 193/289/190 198/290/194 196/291/193
f 200/292/195 196/293/193 199/294/196
f 196/295/193 201/296/197 199/297/196
f 203/298/198 199/299/196 202/300/199
f 204/301/200 199/299/196 201/296/197
f 205/302/201 203/298/198 202/303/199
f 205/304/201 204/301/200 207/305/202
f 206/306/203 208/307/204 209/308/205
f 208/309/204 207/305/202 210/310/206
f 211/311/207 209/308/205 208/312/204
f 211/313/207 210/310/206 213/314/208
f 212/315/209 214/316/210 215/317/211
f 214/318/210 213/314/208 216/319/212
f 215/317/211 217/320/213 218/321/214
f 217/322/213 216/319/212 219/323/215
f 218/321/214 220/324/216 221/325/217
f 220/326/216 219/323/215 222/327/218
f 221/325/217 223/328/219 224/329/220
f 223/330/219 222/327/218 225/331/221
f 227/332/222 223/328/219 226/333/223
f 223/334/219 228/335/224 226/336/223
f 230/337/225 226/338/223 229/339/226
f 226/340/223 231/341/227 229/342/226
f 233/343/228 229/344/226 232/345/229
f 229/346/226 234/347/230 232/348/229
f 236/349/231 232/345/229 235/350/232
f 232/351/229 237/352/233 235/353/232
f 239/354/234 235/355/232 238/356/235
f 235/357/232 240/358/236 238/359/235
f 242/360/237 238/361/235 241/362/238
f 243/363/239 238/364/235 240/358/236
f 245/365/240 241/366/238 244/367/241
f 241/368/238 246/369/242 244/370/241
f 248/371/243 244/367/241 247/372/244
f 249/373/245 244/374/241 246/369/242
f 250/375/246 248/371/243 247/376/244
f 250/377/246 249/373/245 252/378/247
f 254/379/248 250/380/246 253/381/249
f 250/382/246 255/383/250 253/384/249
f 254/379/248 256/385/251 257/386/252
f 256/387/251 255/383/250 258/388/253
f 257/386/252 259/389/254 260/390/255
f 259/391/254 258/388/253 261/392/256
f 260/390/255 262/393/257 263/394/258
f 262/395/257 261/392/256 264/396/259
f 263/394/258 265/397/260 266/398/261
f 265/399/260 264/396/259 267/400/262
f 266/398/261 268/401/263 269/402/264
f 268/403/263 267/400/262 270/404/265
f 269/402/264 178/405/175 272/255/174
f 178/406/175 270/404/265 271/252/172
f 252/378/247 231/341/227 216/319/212
f 233/343/228 251/407/266 179/257/176
f 273/408/267 367/409/268 276/410/269
f 273/411/267 368/412/270 274/413/271
f 275/414/272 277/415/273 278/416/274
f 277/417/273 276/410/269 279/418/275
f 281/419/276 277/420/273 280/421/277
f 277/422/273 282/423/278 280/424/277
f 284/425/279 280/426/277 283/427/280
f 280/428/277 285/429/281 283/430/280
f 287/431/282 283/432/280 286/433/283
f 283/434/280 288/435/284 286/436/283
f 290/437/285 286/438/283 289/439/286
f 286/440/283 291/441/287 289/442/286
f 293/443/288 289/444/286 292/445/289
f 289/446/286 294/447/290 292/448/289
f 296/449/291 292/450/289 295/451/292
f 292/452/289 297/453/293 295/454/292
f 299/455/294 295/456/292 298/457/295
f 300/458/296 295/456/292 297/453/293
f 301/459/297 299/455/294 298/460/295
f 301/461/297 300/458/296 303/462/298
f 302/463/299 304/464/300 305/465/301
f 304/466/300 303/462/298 306/467/302
f 307/468/303 305/465/301 304/469/300
f 307/470/303 306/467/302 309/471/304
f 308/472/305 310/473/306 311/474/307
f 310/475/306 309/471/304 312/476/308
f 311/474/307 313/477/309 314/478/310
f 313/479/309 312/476/308 315/480/311
f 314/478/310 316/481/312 317/482/313
f 316/483/312 315/480/311 318/484/314
f 317/482/313 319/485/315 320/486/316
f 319/487/315 318/484/314 321/488/317
f 323/489/318 319/485/315 322/490/319
f 319/491/315 324/492/320 322/493/319
f 326/494/321 322/495/319 325/496/322
f 322/497/319 327/498/323 325/499/322
f 329/500/324 325/501/322 328/502/325
f 325/503/322 330/504/326 328/505/325
f 332/506/327 328/502/325 331/507/328
f 328/508/325 333/509/329 331/510/328
f 335/511/330 331/512/328 334/513/331
f 331/514/328 336/515/332 334/516/331
f 338/517/333 334/518/331 337/519/334
f 339/520/335 334/521/331 336/515/332
f 341/522/336 337/523/334 340/524/337
f 337/525/334 342/526/338 340/527/337
f 344/528/339 340/524/337 343/529/340
f 345/530/341 340/531/337 342/526/338
f 346/532/342 344/528/339 343/533/340
f 346/534/342 345/530/341 348/535/343
f 350/536/344 346/537/342 349/538/345
f 346/539/342 351/540/346 349/541/345
f 350/536/344 352/542/347 353/543/348
f 352/544/347 351/540/346 354/545/349
f 353/543/348 355/546/350 356/547/351
f 355/548/350 354/545/349 357/549/352
f 356/547/351 358/550/353 359/551/354
f 358/552/353 357/549/352 360/553/355
f 359/551/354 361/554/356 362/555/357
f 361/556/356 360/553/355 363/557/358
f 362/555/357 364/558/359 365/559/360
f 364/560/359 363/557/358 366/561/361
f 365/559/360 274/562/271 368/412/270
f 274/563/271 366/561/361 367/409/268
f 348/535/343 327/498/323 312/476/308
f 329/500/324 347/564/362 275/414/272
f 369/565/363 463/566/364 372/567/365
f 369/568/363 464/569/366 370/570/367
f 371/571/368 373/572/369 374/573/370
f 373/574/369 372/567/365 375/575/371
f 377/576/372 373/577/369 376/578/373
f 373/579/369 378/580/374 376/581/373
f 380/582/375 376/583/373 379/584/376
f 376/585/373 381/586/377 379/587/376
f 383/588/378 379/589/376 382/590/379
f 379/591/376 384/592/380 382/593/379
f 386/594/381 382/595/379 385/596/382
f 382/597/379 387/598/383 385/599/382
f 389/600/384 385/601/382 388/602/385
f 385/603/382 390/604/386 388/605/385
f 392/606/387 388/607/385 391/608/388
f 388/609/385 393/610/389 391/611/388
f 395/612/390 391/613/388 394/614/391
f 396/615/392 391/613/388 393/610/389
f 397/616/393 395/612/390 394/617/391
f 397/618/393 396/615/392 399/619/394
f 398/620/395 400/621/396 401/622/397
f 400/623/396 399/619/394 402/624/398
f 403/625/399 401/622/397 400/626/396
f 403/627/399 402/624/398 405/628/400
f 404/629/401 406/630/402 407/631/403
f 406/632/402 405/628/400 408/633/404
f 407/631/403 409/634/405 410/635/406
f 409/636/405 408/633/404 411/637/407
f 410/635/406 412/638/408 413/639/409
f 412/640/408 411/637/407 414/641/410
f 413/639/409 415/642/411 416/643/412
f 415/644/411 414/641/410 417/645/413
f 419/646/414 415/642/411 418/647/415
f 415/648/411 420/649/416 418/650/415
f 422/651/417 418/652/415 421/653/418
f 418/654/415 423/655/419 421/656/418
f 425/657/420 421/658/418 424/659/421
f 421/660/418 426/661/422 424/662/421
f 428/663/423 424/664/421 427/665/424
f 424/666/421 429/667/425 427/668/424
f 431/669/426 427/665/424 430/670/427
f 427/671/424 432/672/428 430/673/427
f 434/674/429 430/675/427 433/676/430
f 435/677/431 430/678/427 432/672/428
f 437/679/432 433/680/430 436/681/433
f 433/682/430 438/683/434 436/684/433
f 440/685/435 436/681/433 439/686/436
f 441/687/437 436/688/433 438/683/434
f 442/689/438 440/685/435 439/690/436
f 442/691/438 441/687/437 444/692/439
f 446/693/440 442/694/438 445/695/441
f 442/696/438 447/697/442 445/698/441
f 446/693/440 448/699/443 449/700/444
f 448/701/443 447/697/442 450/702/445
f 449/700/444 451/703/446 452/704/447
f 451/705/446 450/702/445 453/706/448
f 452/704/447 454/707/449 455/708/450
f 454/709/449 453/706/448 456/710/451
f 455/708/450 457/711/452 458/712/453
f 457/713/452 456/710/451 459/714/454
f 458/712/453 460/715/455 461/716/456
f 460/717/455 459/714/454 462/718/457
f 461/716/456 370/719/367 464/569/366
f 370/720/367 462/718/457 463/566/364
f 444/692/439 423/655/419 408/633/404
f 425/657/420 443/721/458 371/571/368
f 4/3/3 1/722/6 2/723/5
f 2/723/5 61/724/63 60/725/62
f 60/725/62 59/726/60 58/727/58
f 58/727/58 53/61/56 52/59/54
f 52/59/54 51/728/52 50/729/50
f 50/729/50 45/730/48 44/731/47
f 44/731/47 43/732/45 42/733/43
f 42/733/43 37/734/41 36/1/1
f 36/1/1 35/735/38 34/736/36
f 34/736/36 29/737/34 28/738/33
f 28/738/33 27/739/31 26/740/29
f 26/740/29 21/741/27 20/2/2
f 20/2/2 19/742/24 18/743/22
f 18/743/22 13/744/20 12/745/18
f 12/745/18 11/746/16 10/747/14
f 10/747/14 5/748/9 4/3/3
f 4/3/3 2/723/5 60/725/62
f 60/725/62 58/727/58 52/59/54
f 52/59/54 50/729/50 44/731/47
f 44/731/47 42/733/43 36/1/1
f 36/1/1 34/736/36 28/738/33
f 28/738/33 26/740/29 20/2/2
f 20/2/2 18/743/22 12/745/18
f 12/745/18 10/747/14 4/3/3
f 4/3/3 60/725/62 52/59/54
f 52/59/54 44/731/47 36/1/1
f 36/1/1 28/738/33 20/2/2
f 20/2/2 12/745/18 4/3/3
f 4/3/3 52/59/54 36/1/1
f 3/4/4 64/70/64 2/5/5
f 6/7/7 3/4/4 1/6/6
f 7/9/8 6/7/7 4/8/3
f 63/13/12 64/749/64 3/750/4
f 3/750/4 6/751/7 7/752/8
f 7/752/8 8/753/13 9/754/15
f 9/754/15 14/755/17 15/756/19
f 15/756/19 16/757/21 17/758/23
f 17/758/23 22/759/25 23/760/26
f 23/760/26 24/761/28 25/762/30
f 25/762/30 30/763/32 31/11/10
f 31/11/10 32/764/35 33/765/37
f 33/765/37 38/766/39 39/767/40
f 39/767/40 40/768/42 41/769/44
f 41/769/44 46/770/46 47/12/11
f 47/12/11 48/771/49 49/772/51
f 49/772/51 54/58/53 55/60/55
f 55/60/55 56/773/57 57/774/59
f 57/774/59 62/775/61 63/13/12
f 63/13/12 3/750/4 7/752/8
f 7/752/8 9/754/15 15/756/19
f 15/756/19 17/758/23 23/760/26
f 23/760/26 25/762/30 31/11/10
f 31/11/10 33/765/37 39/767/40
f 39/767/40 41/769/44 47/12/11
f 47/12/11 49/772/51 55/60/55
f 55/60/55 57/774/59 63/13/12
f 63/13/12 7/752/8 15/756/19
f 15/756/19 23/760/26 31/11/10
f 31/11/10 39/767/40 47/12/11
f 47/12/11 55/60/55 63/13/12
f 63/13/12 15/756/19 31/11/10
f 8/14/13 7/9/8 5/10/9
f 9/16/15 8/14/13 10/15/14
f 14/18/17 9/16/15 11/17/16
f 15/20/19 14/18/17 12/19/18
f 16/22/21 15/20/19 13/21/20
f 17/24/23 16/22/21 18/23/22
f 22/26/25 17/24/23 19/25/24
f 23/28/26 22/26/25 20/27/2
f 24/30/28 23/28/26 21/29/27
f 25/32/30 24/30/28 26/31/29
f 30/34/32 25/32/30 27/33/31
f 31/36/10 30/34/32 28/35/33
f 32/38/35 31/36/10 29/37/34
f 33/40/37 32/38/35 34/39/36
f 38/42/39 33/40/37 35/41/38
f 39/44/40 38/42/39 36/43/1
f 40/46/42 39/44/40 37/45/41
f 41/48/44 40/46/42 42/47/43
f 46/50/46 41/48/44 43/49/45
f 47/52/11 46/50/46 44/51/47
f 48/54/49 47/52/11 45/53/48
f 49/56/51 48/54/49 50/55/50
f 54/58/53 49/56/51 51/57/52
f 55/60/55 54/58/53 52/59/54
f 56/62/57 55/60/55 53/61/56
f 57/64/59 56/62/57 58/63/58
f 62/66/61 57/64/59 59/65/60
f 63/68/12 62/66/61 60/67/62
f 64/70/64 63/68/12 61/69/63
f 65/71/65 67/77/70 160/72/66
f 65/74/65 66/776/67 159/75/68
f 67/77/70 65/777/65 69/78/71
f 69/80/71 65/74/65 68/76/69
f 73/82/74 70/79/72 69/83/71
f 69/85/71 71/81/73 74/86/76
f 76/88/77 73/82/74 72/89/75
f 72/91/75 74/86/76 77/92/79
f 79/94/80 76/88/77 75/95/78
f 75/97/78 77/92/79 80/98/82
f 82/100/83 79/94/80 78/101/81
f 78/103/81 80/98/82 83/104/85
f 85/106/86 82/100/83 81/107/84
f 81/109/84 83/104/85 86/110/88
f 88/112/89 85/106/86 84/113/87
f 84/115/87 86/110/88 89/116/91
f 91/118/92 88/112/89 87/119/90
f 92/121/94 90/120/93 87/119/90
f 93/122/95 94/126/97 91/118/92
f 93/124/95 90/778/93 92/121/94
f 94/126/97 93/779/95 96/127/98
f 96/129/98 93/780/95 95/125/96
f 99/131/101 100/135/103 97/128/99
f 99/133/101 96/781/98 98/130/100
f 100/135/103 99/782/101 102/136/104
f 102/138/104 99/783/101 101/134/102
f 103/137/105 102/784/104 105/140/107
f 105/142/107 102/785/104 104/139/106
f 106/141/108 105/786/107 108/144/110
f 108/146/110 105/787/107 107/143/109
f 109/145/111 108/144/110 111/148/113
f 111/150/113 108/788/110 110/147/112
f 115/152/116 112/149/114 111/148/113
f 111/154/113 113/151/115 116/155/118
f 118/157/119 115/152/116 114/158/117
f 114/160/117 116/155/118 119/161/121
f 121/163/122 118/157/119 117/164/120
f 117/166/120 119/161/121 122/167/124
f 124/169/125 121/163/122 120/165/123
f 120/171/123 122/167/124 125/172/127
f 127/174/128 124/169/125 123/175/126
f 123/177/126 125/172/127 128/178/130
f 130/180/131 127/174/128 126/181/129
f 131/183/133 129/789/132 126/184/129
f 133/185/134 130/180/131 129/186/132
f 129/188/132 131/183/133 134/189/136
f 136/191/137 133/185/134 132/187/135
f 137/193/139 135/790/138 132/194/135
f 138/195/140 139/227/160 136/191/137
f 138/197/140 135/791/138 137/193/139
f 142/199/142 139/227/160 138/200/140
f 138/202/140 140/198/141 143/203/144
f 142/199/142 141/792/143 144/205/145
f 144/207/145 141/793/143 143/203/144
f 145/206/146 144/794/145 147/209/148
f 147/211/148 144/795/145 146/208/147
f 148/210/149 147/796/148 150/213/151
f 150/215/151 147/211/148 149/212/150
f 151/214/152 150/797/151 153/217/154
f 153/219/154 150/798/151 152/216/153
f 154/218/155 153/217/154 156/221/157
f 156/223/157 153/799/154 155/220/156
f 157/222/158 156/800/157 66/225/67
f 66/226/67 156/223/157 158/224/159
f 74/86/76 71/81/73 68/76/69
f 159/75/68 158/224/159 155/220/156
f 74/86/76 68/76/69 159/75/68
f 83/104/85 80/98/82 77/92/79
f 77/92/79 74/86/76 159/75/68
f 159/75/68 155/220/156 152/216/153
f 159/75/68 152/216/153 149/212/150
f 83/104/85 77/92/79 159/75/68
f 89/116/91 86/110/88 83/104/85
f 95/125/96 92/121/94 89/116/91
f 101/134/102 98/130/100 95/125/96
f 110/147/112 107/143/109 104/139/106
f 104/139/106 101/134/102 95/125/96
f 95/125/96 89/116/91 83/104/85
f 83/104/85 159/75/68 149/212/150
f 146/208/147 143/203/144 140/198/141
f 83/104/85 149/212/150 146/208/147
f 104/139/106 95/125/96 83/104/85
f 113/151/115 110/147/112 104/139/106
f 119/161/121 116/155/118 113/151/115
f 125/172/127 122/167/124 119/161/121
f 131/183/133 128/178/130 125/172/127
f 137/193/139 134/189/136 131/183/133
f 83/104/85 146/208/147 140/198/141
f 140/198/141 137/193/139 131/183/133
f 131/183/133 125/172/127 119/161/121
f 119/161/121 113/151/115 104/139/106
f 104/139/106 83/104/85 140/198/141
f 140/198/141 131/183/133 119/161/121
f 73/82/74 76/88/77 79/94/80
f 79/94/80 82/100/83 85/106/86
f 85/106/86 88/112/89 91/118/92
f 91/118/92 94/126/97 97/128/99
f 97/128/99 100/135/103 103/137/105
f 103/137/105 106/141/108 109/145/111
f 112/149/114 115/152/116 118/157/119
f 103/137/105 109/145/111 112/149/114
f 91/118/92 97/128/99 103/137/105
f 79/94/80 85/106/86 91/118/92
f 67/77/70 70/79/72 73/82/74
f 73/82/74 79/94/80 91/118/92
f 91/118/92 103/137/105 112/149/114
f 112/149/114 118/157/119 121/163/122
f 121/163/122 124/169/125 127/174/128
f 127/174/128 130/180/131 133/185/134
f 133/185/134 136/191/137 139/227/160
f 139/227/160 142/199/142 145/206/146
f 145/206/146 148/210/149 151/214/152
f 154/218/155 157/222/158 160/72/66
f 145/206/146 151/214/152 154/218/155
f 127/174/128 133/185/134 139/227/160
f 139/227/160 145/206/146 154/218/155
f 154/218/155 160/72/66 67/77/70
f 67/77/70 73/82/74 91/118/92
f 91/118/92 112/149/114 121/163/122
f 121/163/122 127/174/128 139/227/160
f 139/227/160 154/218/155 67/77/70
f 67/77/70 91/118/92 121/163/122
f 165/228/161 164/234/166 161/229/162
f 163/231/164 168/237/168 162/230/163
f 166/233/165 163/801/164 161/229/162
f 167/235/167 166/802/165 164/236/166
f 168/237/168 163/803/164 166/238/165
f 168/237/168 167/235/167 165/228/161
f 170/239/161 173/250/166 172/240/162
f 171/242/169 176/804/167 170/243/161
f 174/244/170 171/242/169 169/241/163
f 175/245/165 174/244/170 172/240/162
f 176/247/167 171/242/169 174/244/170
f 176/249/167 175/805/165 173/250/166
f 177/251/171 178/806/175 271/252/172
f 177/254/171 179/257/176 272/255/174
f 179/257/176 177/807/171 181/258/177
f 181/260/177 177/808/171 180/253/173
f 185/262/180 182/259/178 181/263/177
f 181/265/177 183/261/179 186/266/182
f 188/268/183 185/262/180 184/269/181
f 184/271/181 186/266/182 189/272/185
f 191/274/186 188/268/183 187/275/184
f 187/277/184 189/272/185 192/278/188
f 194/280/189 191/274/186 190/281/187
f 190/283/187 192/278/188 195/284/191
f 197/286/192 194/280/189 193/287/190
f 193/289/190 195/284/191 198/290/194
f 200/292/195 197/286/192 196/293/193
f 196/295/193 198/290/194 201/296/197
f 203/298/198 200/292/195 199/299/196
f 204/301/200 202/300/199 199/299/196
f 205/302/201 206/306/203 203/298/198
f 205/304/201 202/809/199 204/301/200
f 206/306/203 205/810/201 208/307/204
f 208/309/204 205/811/201 207/305/202
f 211/311/207 212/315/209 209/308/205
f 211/313/207 208/812/204 210/310/206
f 212/315/209 211/813/207 214/316/210
f 214/318/210 211/814/207 213/314/208
f 215/317/211 214/815/210 217/320/213
f 217/322/213 214/816/210 216/319/212
f 218/321/214 217/817/213 220/324/216
f 220/326/216 217/818/213 219/323/215
f 221/325/217 220/324/216 223/328/219
f 223/330/219 220/819/216 222/327/218
f 227/332/222 224/329/220 223/328/219
f 223/334/219 225/331/221 228/335/224
f 230/337/225 227/332/222 226/338/223
f 226/340/223 228/335/224 231/341/227
f 233/343/228 230/337/225 229/344/226
f 229/346/226 231/341/227 234/347/230
f 236/349/231 233/343/228 232/345/229
f 232/351/229 234/347/230 237/352/233
f 239/354/234 236/349/231 235/355/232
f 235/357/232 237/352/233 240/358/236
f 242/360/237 239/354/234 238/361/235
f 243/363/239 241/820/238 238/364/235
f 245/365/240 242/360/237 241/366/238
f 241/368/238 243/363/239 246/369/242
f 248/371/243 245/365/240 244/367/241
f 249/373/245 247/821/244 244/374/241
f 250/375/246 251/407/266 248/371/243
f 250/377/246 247/822/244 249/373/245
f 254/379/248 251/407/266 250/380/246
f 250/382/246 252/378/247 255/383/250
f 254/379/248 253/823/249 256/385/251
f 256/387/251 253/824/249 255/383/250
f 257/386/252 256/825/251 259/389/254
f 259/391/254 256/826/251 258/388/253
f 260/390/255 259/827/254 262/393/257
f 262/395/257 259/391/254 261/392/256
f 263/394/258 262/828/257 265/397/260
f 265/399/260 262/829/257 264/396/259
f 266/398/261 265/397/260 268/401/263
f 268/403/263 265/830/260 267/400/262
f 269/402/264 268/831/263 178/405/175
f 178/406/175 268/403/263 270/404/265
f 186/266/182 183/261/179 180/253/173
f 271/252/172 270/404/265 267/400/262
f 186/266/182 180/253/173 271/252/172
f 195/284/191 192/278/188 189/272/185
f 189/272/185 186/266/182 271/252/172
f 271/252/172 267/400/262 264/396/259
f 271/252/172 264/396/259 261/392/256
f 195/284/191 189/272/185 271/252/172
f 201/296/197 198/290/194 195/284/191
f 207/305/202 204/301/200 201/296/197
f 213/314/208 210/310/206 207/305/202
f 222/327/218 219/323/215 216/319/212
f 216/319/212 213/314/208 207/305/202
f 207/305/202 201/296/197 195/284/191
f 195/284/191 271/252/172 261/392/256
f 258/388/253 255/383/250 252/378/247
f 195/284/191 261/392/256 258/388/253
f 216/319/212 207/305/202 195/284/191
f 225/331/221 222/327/218 216/319/212
f 231/341/227 228/335/224 225/331/221
f 237/352/233 234/347/230 231/341/227
f 243/363/239 240/358/236 237/352/233
f 249/373/245 246/369/242 243/363/239
f 195/284/191 258/388/253 252/378/247
f 252/378/247 249/373/245 243/363/239
f 243/363/239 237/352/233 231/341/227
f 231/341/227 225/331/221 216/319/212
f 216/319/212 195/284/191 252/378/247
f 252/378/247 243/363/239 231/341/227
f 185/262/180 188/268/183 191/274/186
f 191/274/186 194/280/189 197/286/192
f 197/286/192 200/292/195 203/298/198
f 203/298/198 206/306/203 209/308/205
f 209/308/205 212/315/209 215/317/211
f 215/317/211 218/321/214 221/325/217
f 224/329/220 227/332/222 230/337/225
f 215/317/211 221/325/217 224/329/220
f 203/298/198 209/308/205 215/317/211
f 191/274/186 197/286/192 203/298/198
f 179/257/176 182/259/178 185/262/180
f 185/262/180 191/274/186 203/298/198
f 203/298/198 215/317/211 224/329/220
f 224/329/220 230/337/225 233/343/228
f 233/343/228 236/349/231 239/354/234
f 239/354/234 242/360/237 245/365/240
f 245/365/240 248/371/243 251/407/266
f 251/407/266 254/379/248 257/386/252
f 257/386/252 260/390/255 263/394/258
f 266/398/261 269/402/264 272/255/174
f 257/386/252 263/394/258 266/398/261
f 239/354/234 245/365/240 251/407/266
f 251/407/266 257/386/252 266/398/261
f 266/398/261 272/255/174 179/257/176
f 179/257/176 185/262/180 203/298/198
f 203/298/198 224/329/220 233/343/228
f 233/343/228 239/354/234 251/407/266
f 251/407/266 266/398/261 179/257/176
f 179/257/176 203/298/198 233/343/228
f 273/408/267 274/832/271 367/409/268
f 273/411/267 275/414/272 368/412/270
f 275/414/272 273/833/267 277/415/273
f 277/417/273 273/834/267 276/410/269
f 281/419/276 278/416/274 277/420/273
f 277/422/273 279/418/275 282/423/278
f 284/425/279 281/419/276 280/426/277
f 280/428/277 282/423/278 285/429/281
f 287/431/282 284/425/279 283/432/280
f 283/434/280 285/429/281 288/435/284
f 290/437/285 287/431/282 286/438/283
f 286/440/283 288/435/284 291/441/287
f 293/443/288 290/437/285 289/444/286
f 289/446/286 291/441/287 294/447/290
f 296/449/291 293/443/288 292/450/289
f 292/452/289 294/447/290 297/453/293
f 299/455/294 296/449/291 295/456/292
f 300/458/296 298/457/295 295/456/292
f 301/459/297 302/463/299 299/455/294
f 301/461/297 298/835/295 300/458/296
f 302/463/299 301/836/297 304/464/300
f 304/466/300 301/837/297 303/462/298
f 307/468/303 308/472/305 305/465/301
f 307/470/303 304/838/300 306/467/302
f 308/472/305 307/839/303 310/473/306
f 310/475/306 307/840/303 309/471/304
f 311/474/307 310/841/306 313/477/309
f 313/479/309 310/842/306 312/476/308
f 314/478/310 313/843/309 316/481/312
f 316/483/312 313/844/309 315/480/311
f 317/482/313 316/481/312 319/485/315
f 319/487/315 316/845/312 318/484/314
f 323/489/318 320/486/316 319/485/315
f 319/491/315 321/488/317 324/492/320
f 326/494/321 323/489/318 322/495/319
f 322/497/319 324/492/320 327/498/323
f 329/500/324 326/494/321 325/501/322
f 325/503/322 327/498/323 330/504/326
f 332/506/327 329/500/324 328/502/325
f 328/508/325 330/504/326 333/509/329
f 335/511/330 332/506/327 331/512/328
f 331/514/328 333/509/329 336/515/332
f 338/517/333 335/511/330 334/518/331
f 339/520/335 337/846/334 334/521/331
f 341/522/336 338/517/333 337/523/334
f 337/525/334 339/520/335 342/526/338
f 344/528/339 341/522/336 340/524/337
f 345/530/341 343/847/340 340/531/337
f 346/532/342 347/564/362 344/528/339
f 346/534/342 343/848/340 345/530/341
f 350/536/344 347/564/362 346/537/342
f 346/539/342 348/535/343 351/540/346
f 350/536/344 349/849/345 352/542/347
f 352/544/347 349/850/345 351/540/346
f 353/543/348 352/851/347 355/546/350
f 355/548/350 352/852/347 354/545/349
f 356/547/351 355/853/350 358/550/353
f 358/552/353 355/548/350 357/549/352
f 359/551/354 358/854/353 361/554/356
f 361/556/356 358/855/353 360/553/355
f 362/555/357 361/554/356 364/558/359
f 364/560/359 361/856/356 363/557/358
f 365/559/360 364/857/359 274/562/271
f 274/563/271 364/560/359 366/561/361
f 282/423/278 279/418/275 276/410/269
f 367/409/268 366/561/361 363/557/358
f 282/423/278 276/410/269 367/409/268
f 291/441/287 288/435/284 285/429/281
f 285/429/281 282/423/278 367/409/268
f 367/409/268 363/557/358 360/553/355
f 367/409/268 360/553/355 357/549/352
f 291/441/287 285/429/281 367/409/268
f 297/453/293 294/447/290 291/441/287
f 303/462/298 300/458/296 297/453/293
f 309/471/304 306/467/302 303/462/298
f 318/484/314 315/480/311 312/476/308
f 312/476/308 309/471/304 303/462/298
f 303/462/298 297/453/293 291/441/287
f 291/441/287 367/409/268 357/549/352
f 354/545/349 351/540/346 348/535/343
f 291/441/287 357/549/352 354/545/349
f 312/476/308 303/462/298 291/441/287
f 321/488/317 318/484/314 312/476/308
f 327/498/323 324/492/320 321/488/317
f 333/509/329 330/504/326 327/498/323
f 339/520/335 336/515/332 333/509/329
f 345/530/341 342/526/338 339/520/335
f 291/441/287 354/545/349 348/535/343
f 348/535/343 345/530/341 339/520/335
f 339/520/335 333/509/329 327/498/323
f 327/498/323 321/488/317 312/476/308
f 312/476/308 291/441/287 348/535/343
f 348/535/343 339/520/335 327/498/323
f 281/419/276 284/425/279 287/431/282
f 287/431/282 290/437/285 293/443/288
f 293/443/288 296/449/291 299/455/294
f 299/455/294 302/463/299 305/465/301
f 305/465/301 308/472/305 311/474/307
f 311/474/307 314/478/310 317/482/313
f 320/486/316 323/489/318 326/494/321
f 311/474/307 317/482/313 320/486/316
f 299/455/294 305/465/301 311/474/307
f 287/431/282 293/443/288 299/455/294
f 275/414/272 278/416/274 281/419/276
f 281/419/276 287/431/282 299/455/294
f 299/455/294 311/474/307 320/486/316
f 320/486/316 326/494/321 329/500/324
f 329/500/324 332/506/327 335/511/330
f 335/511/330 338/517/333 341/522/336
f 341/522/336 344/528/339 347/564/362
f 347/564/362 350/536/344 353/543/348
f 353/543/348 356/547/351 359/551/354
f 362/555/357 365/559/360 368/412/270
f 353/543/348 359/551/354 362/555/357
f 335/511/330 341/522/336 347/564/362
f 347/564/362 353/543/348 362/555/357
f 362/555/357 368/412/270 275/414/272
f 275/414/272 281/419/276 299/455/294
f 299/455/294 320/486/316 329/500/324
f 329/500/324 335/511/330 347/564/362
f 347/564/362 362/555/357 275/414/272
f 275/414/272 299/455/294 329/500/324
f 369/565/363 370/858/367 463/566/364
f 369/568/363 371/571/368 464/569/366
f 371/571/368 369/859/363 373/572/369
f 373/574/369 369/860/363 372/567/365
f 377/576/372 374/573/370 373/577/369
f 373/579/369 375/575/371 378/580/374
f 380/582/375 377/576/372 376/583/373
f 376/585/373 378/580/374 381/586/377
f 383/588/378 380/582/375 379/589/376
f 379/591/376 381/586/377 384/592/380
f 386/594/381 383/588/378 382/595/379
f 382/597/379 384/592/380 387/598/383
f 389/600/384 386/594/381 385/601/382
f 385/603/382 387/598/383 390/604/386
f 392/606/387 389/600/384 388/607/385
f 388/609/385 390/604/386 393/610/389
f 395/612/390 392/606/387 391/613/388
f 396/615/392 394/614/391 391/613/388
f 397/616/393 398/620/395 395/612/390
f 397/618/393 394/861/391 396/615/392
f 398/620/395 397/862/393 400/621/396
f 400/623/396 397/863/393 399/619/394
f 403/625/399 404/629/401 401/622/397
f 403/627/399 400/864/396 402/624/398
f 404/629/401 403/865/399 406/630/402
f 406/632/402 403/866/399 405/628/400
f 407/631/403 406/867/402 409/634/405
f 409/636/405 406/868/402 408/633/404
f 410/635/406 409/869/405 412/638/408
f 412/640/408 409/870/405 411/637/407
f 413/639/409 412/638/408 415/642/411
f 415/644/411 412/871/408 414/641/410
f 419/646/414 416/643/412 415/642/411
f 415/648/411 417/645/413 420/649/416
f 422/651/417 419/646/414 418/652/415
f 418/654/415 420/649/416 423/655/419
f 425/657/420 422/651/417 421/658/418
f 421/660/418 423/655/419 426/661/422
f 428/663/423 425/657/420 424/664/421
f 424/666/421 426/661/422 429/667/425
f 431/669/426 428/663/423 427/665/424
f 427/671/424 429/667/425 432/672/428
f 434/674/429 431/669/426 430/675/427
f 435/677/431 433/872/430 430/678/427
f 437/679/432 434/674/429 433/680/430
f 433/682/430 435/677/431 438/683/434
f 440/685/435 437/679/432 436/681/433
f 441/687/437 439/873/436 436/688/433
f 442/689/438 443/721/458 440/685/435
f 442/691/438 439/874/436 441/687/437
f 446/693/440 443/721/458 442/694/438
f 442/696/438 444/692/439 447/697/442
f 446/693/440 445/875/441 448/699/443
f 448/701/443 445/876/441 447/697/442
f 449/700/444 448/877/443 451/703/446
f 451/705/446 448/878/443 450/702/445
f 452/704/447 451/879/446 454/707/449
f 454/709/449 451/705/446 453/706/448
f 455/708/450 454/880/449 457/711/452
f 457/713/452 454/881/449 456/710/451
f 458/712/453 457/882/452 460/715/455
f 460/717/455 457/883/452 459/714/454
f 461/716/456 460/884/455 370/719/367
f 370/720/367 460/717/455 462/718/457
f 378/580/374 375/575/371 372/567/365
f 463/566/364 462/718/457 459/714/454
f 378/580/374 372/567/365 463/566/364
f 387/598/383 384/592/380 381/586/377
f 381/586/377 378/580/374 463/566/364
f 463/566/364 459/714/454 456/710/451
f 463/566/364 456/710/451 453/706/448
f 387/598/383 381/586/377 463/566/364
f 393/610/389 390/604/386 387/598/383
f 399/619/394 396/615/392 393/610/389
f 405/628/400 402/624/398 399/619/394
f 414/641/410 411/637/407 408/633/404
f 408/633/404 405/628/400 399/619/394
f 399/619/394 393/610/389 387/598/383
f 387/598/383 463/566/364 453/706/448
f 450/702/445 447/697/442 444/692/439
f 387/598/383 453/706/448 450/702/445
f 408/633/404 399/619/394 387/598/383
f 417/645/413 414/641/410 408/633/404
f 423/655/419 420/649/416 417/645/413
f 429/667/425 426/661/422 423/655/419
f 435/677/431 432/672/428 429/667/425
f 441/687/437 438/683/434 435/677/431
f 387/598/383 450/702/445 444/692/439
f 444/692/439 441/687/437 435/677/431
f 435/677/431 429/667/425 423/655/419
f 423/655/419 417/645/413 408/633/404
f 408/633/404 387/598/383 444/692/439
f 444/692/439 435/677/431 423/655/419
f 377/576/372 380/582/375 383/588/378
f 383/588/378 386/594/381 389/600/384
f 389/600/384 392/606/387 395/612/390
f 395/612/390 398/620/395 401/622/397
f 401/622/397 404/629/401 407/631/403
f 407/631/403 410/635/406 413/639/409
f 416/643/412 419/646/414 422/651/417
f 407/631/403 413/639/409 416/643/412
f 395/612/390 401/622/397 407/631/403
f 383/588/378 389/600/384 395/612/390
f 371/571/368 374/573/370 377/576/372
f 377/576/372 383/588/378 395/612/390
f 395/612/390 407/631/403 416/643/412
f 416/643/412 422/651/417 425/657/420
f 425/657/420 428/663/423 431/669/426
f 431/669/426 434/674/429 437/679/432
f 437/679/432 440/685/435 443/721/458
f 443/721/458 446/693/440 449/700/444
f 449/700/444 452/704/447 455/708/450
f 458/712/453 461/716/456 464/569/366
f 449/700/444 455/708/450 458/712/453
f 431/669/426 437/679/432 443/721/458
f 443/721/458 449/700/444 458/712/453
f 458/712/453 464/569/366 371/571/368
f 371/571/368 377/576/372 395/612/390
f 395/612/390 416/643/412 425/657/420
f 425/657/420 431/669/426 443/721/458
f 443/721/458 458/712/453 371/571/368
f 371/571/368 395/612/390 425/657/420
o 球.007
v -5.380790 0.041085 5.914160
v -5.385811 0.041085 5.483981
v -5.380790 -0.041085 5.914160
v -5.336064 0.041085 5.913637
v -5.341084 0.041085 5.483461
v -5.336064 -0.041085 5.913637
v -5.341084 -0.041085 5.483461
v -5.385811 -0.041085 5.483981
v -5.152289 0.036998 5.715463
v -5.582468 0.036998 5.720482
v -5.152289 -0.036998 5.715463
v -5.152812 0.036998 5.670738
v -5.582989 0.036998 5.675758
v -5.152812 -0.036998 5.670738
v -5.582989 -0.036998 5.675758
v -5.582468 -0.036998 5.720482
v -5.358961 -0.808116 5.869473
v -5.390992 -0.808116 5.866695
v -5.358961 0.808116 5.869473
v -5.327002 -0.808116 5.865949
v -5.296346 -0.808116 5.856257
v -5.327002 0.808116 5.865949
v -5.296346 0.808116 5.856257
v -5.268167 0.808116 5.840771
v -5.243553 0.808116 5.820085
v -5.268167 -0.808116 5.840771
v -5.243553 -0.808116 5.820085
v -5.223447 -0.808116 5.794995
v -5.208623 -0.808116 5.766464
v -5.223447 0.808116 5.794995
v -5.208623 0.808116 5.766464
v -5.199650 0.808116 5.735589
v -5.196873 0.808116 5.703557
v -5.199649 -0.808116 5.735589
v -5.196873 -0.808116 5.703557
v -5.200396 -0.808116 5.671598
v -5.210088 -0.808116 5.640943
v -5.200396 0.808116 5.671598
v -5.210088 0.808116 5.640943
v -5.225574 0.808116 5.612765
v -5.246260 0.808116 5.588150
v -5.225573 -0.808116 5.612765
v -5.246260 -0.808116 5.588150
v -5.271351 -0.808116 5.568045
v -5.299883 -0.808116 5.553220
v -5.271351 0.808116 5.568045
v -5.299883 0.808116 5.553220
v -5.330756 0.808116 5.544246
v -5.362789 0.808116 5.541469
v -5.330756 -0.808116 5.544246
v -5.362788 -0.808116 5.541469
v -5.394747 -0.808116 5.544993
v -5.425404 -0.808116 5.554684
v -5.394747 0.808116 5.544993
v -5.425404 0.808116 5.554684
v -5.453580 0.808116 5.570172
v -5.478194 0.808116 5.590856
v -5.453580 -0.808116 5.570172
v -5.478194 -0.808116 5.590856
v -5.498300 -0.808116 5.615948
v -5.513125 -0.808116 5.644479
v -5.498301 0.808116 5.615948
v -5.513125 0.808116 5.644479
v -5.522099 0.808116 5.675354
v -5.524877 0.808116 5.707386
v -5.522099 -0.808116 5.675354
v -5.524877 -0.808116 5.707386
v -5.521352 -0.808116 5.739343
v -5.511661 -0.808116 5.770000
v -5.521352 0.808116 5.739343
v -5.511662 0.808116 5.770000
v -5.496173 0.808116 5.798177
v -5.475487 0.808116 5.822791
v -5.496173 -0.808116 5.798177
v -5.475487 -0.808116 5.822791
v -5.450397 -0.808116 5.842898
v -5.421866 -0.808116 5.857723
v -5.450397 0.808116 5.842898
v -5.421866 0.808116 5.857723
v -5.390992 0.808116 5.866695
v -3.965116 0.088039 5.912829
v -4.142585 0.089511 5.909096
v -3.947339 0.082220 5.823535
v -3.937532 0.036607 5.819861
v -3.822887 0.085805 5.910325
v -3.817093 0.082214 5.823559
v -3.823194 0.040234 5.819494
v -3.659520 0.081995 5.904665
v -3.680717 0.075885 5.820909
v -3.694427 0.038427 5.815785
v -3.477784 0.085387 5.898814
v -3.548978 0.078370 5.821300
v -3.553151 0.041450 5.813377
v -3.269030 0.075094 5.890210
v -3.395886 0.082972 5.815629
v -3.377877 0.043232 5.811136
v -3.046757 0.068578 5.876262
v -3.209389 0.073127 5.805121
v -3.209389 0.043027 5.805121
v -2.802252 0.053476 5.848581
v -3.078428 0.064802 5.785195
v -3.080230 0.043070 5.797947
v -2.706837 0.030277 5.770488
v -2.946611 0.060202 5.751548
v -2.961330 0.030209 5.742869
v -2.672689 0.000922 5.674096
v -2.927796 0.042389 5.677075
v -2.946116 0.022939 5.676338
v -2.695424 -0.032870 5.580576
v -2.948343 0.006989 5.603060
v -2.978440 -0.016984 5.610536
v -2.805994 -0.064647 5.527987
v -3.080911 -0.008808 5.572498
v -3.063647 -0.030083 5.574232
v -3.051374 -0.107763 5.480716
v -3.212300 -0.023662 5.555634
v -3.218767 -0.035394 5.552546
v -3.273911 -0.123605 5.471961
v -3.398677 -0.039308 5.546231
v -3.380902 -0.043584 5.551959
v -3.482810 -0.130539 5.468231
v -3.556829 -0.047917 5.540884
v -3.553542 -0.051907 5.543838
v -3.664633 -0.133602 5.466622
v -3.700315 -0.054845 5.536118
v -3.694360 -0.057564 5.546519
v -3.828086 -0.137150 5.464777
v -3.829454 -0.057066 5.537525
v -3.822675 -0.060593 5.547621
v -3.970335 -0.133668 5.465593
v -3.951697 -0.059556 5.538198
v -3.943107 -0.057101 5.549901
v -4.147670 -0.127452 5.473467
v -4.073923 -0.057819 5.540379
v -4.082109 -0.056674 5.556439
v -4.315248 -0.119563 5.486301
v -4.222843 -0.055151 5.547608
v -4.224813 -0.057543 5.560556
v -4.505944 -0.107261 5.499112
v -4.346395 -0.055457 5.550099
v -4.384538 -0.060344 5.567105
v -4.697007 -0.086944 5.514776
v -4.504379 -0.049805 5.559135
v -4.545145 -0.049167 5.571656
v -4.901038 -0.062580 5.545151
v -4.690485 -0.038162 5.572886
v -4.682528 -0.042240 5.579765
v -5.111711 -0.034380 5.587362
v -4.821446 -0.022768 5.592813
v -4.856731 -0.032248 5.602275
v -5.365921 -0.000000 5.653994
v -5.077280 0.009057 5.635077
v -5.077149 -0.000412 5.646079
v -4.688510 -0.000000 5.697623
v -4.558546 0.014375 5.696108
v -4.558546 -0.005812 5.696108
v -5.364718 -0.000000 5.757052
v -5.075747 0.041456 5.766239
v -5.075602 0.022924 5.778910
v -5.109022 0.033170 5.817731
v -4.818929 0.071139 5.808532
v -4.808402 0.021884 5.786050
v -4.897420 0.060835 5.855013
v -4.687417 0.078787 5.818627
v -4.680593 0.025039 5.794235
v -4.692738 0.076083 5.880620
v -4.527404 0.081815 5.826784
v -4.513367 0.029979 5.806404
v -4.501360 0.078359 5.891819
v -4.359183 0.082372 5.826183
v -4.336733 0.034779 5.812514
v -4.310417 0.081359 5.900176
v -4.209552 0.083532 5.828577
v -4.194657 0.034768 5.819925
v -4.066024 0.032685 5.820394
v -4.074169 0.083448 5.827397
v -6.764925 0.088038 5.498209
v -6.587457 0.089511 5.501942
v -6.782703 0.082219 5.587502
v -6.792511 0.036606 5.591177
v -6.907157 0.085804 5.500713
v -6.912950 0.082213 5.587480
v -6.906849 0.040233 5.591544
v -7.070522 0.081994 5.506372
v -7.049325 0.075884 5.590129
v -7.035615 0.038426 5.595254
v -7.252259 0.085386 5.512224
v -7.181064 0.078369 5.589738
v -7.176892 0.041449 5.597662
v -7.461012 0.075093 5.520828
v -7.334157 0.082971 5.595408
v -7.352166 0.043231 5.599901
v -7.683285 0.068577 5.534775
v -7.520654 0.073126 5.605916
v -7.520654 0.043026 5.605916
v -7.927791 0.053475 5.562456
v -7.651615 0.064801 5.625843
v -7.649811 0.043069 5.613091
v -8.023204 0.030276 5.640550
v -7.783432 0.060201 5.659490
v -7.768711 0.030208 5.668166
v -8.057354 0.000921 5.736941
v -7.802247 0.042388 5.733963
v -7.783927 0.022938 5.734701
v -8.034618 -0.032871 5.830462
v -7.781699 0.006988 5.807978
v -7.751601 -0.016985 5.800500
v -7.924048 -0.064648 5.883050
v -7.649131 -0.008809 5.838540
v -7.666396 -0.030084 5.836804
v -7.678669 -0.107764 5.930321
v -7.517744 -0.023663 5.855405
v -7.511276 -0.035395 5.858492
v -7.456131 -0.123606 5.939077
v -7.331366 -0.039309 5.864808
v -7.349141 -0.043585 5.859078
v -7.247233 -0.130540 5.942806
v -7.173213 -0.047918 5.870153
v -7.176499 -0.051908 5.867199
v -7.065410 -0.133603 5.944417
v -7.029727 -0.054846 5.874918
v -7.035684 -0.057565 5.864518
v -6.901957 -0.137151 5.946262
v -6.900589 -0.057067 5.873513
v -6.907369 -0.060594 5.863417
v -6.759706 -0.133669 5.945444
v -6.778347 -0.059557 5.872839
v -6.786934 -0.057102 5.861137
v -6.582373 -0.127452 5.937571
v -6.656120 -0.057820 5.870660
v -6.647934 -0.056675 5.854599
v -6.414794 -0.119563 5.924737
v -6.507200 -0.055151 5.863430
v -6.505229 -0.057543 5.850482
v -6.224099 -0.107261 5.911925
v -6.383647 -0.055457 5.860937
v -6.345505 -0.060344 5.843934
v -6.033036 -0.086944 5.896263
v -6.225665 -0.049805 5.851902
v -6.184898 -0.049167 5.839382
v -5.829005 -0.062580 5.865886
v -6.039557 -0.038162 5.838152
v -6.047515 -0.042240 5.831273
v -5.618332 -0.034380 5.823675
v -5.908597 -0.022768 5.818225
v -5.873310 -0.032248 5.808764
v -5.364120 -0.000000 5.757045
v -5.652763 0.009057 5.775961
v -5.652891 -0.000412 5.764958
v -6.041533 -0.000000 5.713415
v -6.171495 0.014375 5.714931
v -6.171495 -0.005812 5.714931
v -5.365323 -0.000000 5.653988
v -5.654294 0.041456 5.644799
v -5.654442 0.022924 5.632127
v -5.621020 0.033170 5.593306
v -5.911113 0.071139 5.602505
v -5.921640 0.021884 5.624988
v -5.832622 0.060835 5.556024
v -6.042626 0.078787 5.592410
v -6.049448 0.025039 5.616803
v -6.037305 0.076083 5.530418
v -6.202638 0.081815 5.584254
v -6.216675 0.029979 5.604633
v -6.228682 0.078359 5.519218
v -6.370859 0.082372 5.584854
v -6.393311 0.034779 5.598525
v -6.419625 0.081359 5.510862
v -6.520490 0.083532 5.582460
v -6.535386 0.034768 5.591114
v -6.664019 0.032684 5.590644
v -6.655873 0.083448 5.583640
v -5.157712 0.088039 4.305615
v -5.161444 0.089511 4.483083
v -5.247006 0.082220 4.287837
v -5.250679 0.036607 4.278030
v -5.160215 0.085805 4.163384
v -5.246982 0.082214 4.157592
v -5.251049 0.040234 4.163690
v -5.165874 0.081995 4.000018
v -5.249630 0.075885 4.021215
v -5.254755 0.038427 4.034925
v -5.171727 0.085387 3.818283
v -5.249241 0.078370 3.889477
v -5.257165 0.041450 3.893649
v -5.180333 0.075094 3.609529
v -5.254912 0.082972 3.736382
v -5.259403 0.043232 3.718376
v -5.194278 0.068578 3.387256
v -5.265418 0.073127 3.549887
v -5.265418 0.043027 3.549887
v -5.221958 0.053476 3.142751
v -5.285347 0.064802 3.418926
v -5.272593 0.043070 3.420729
v -5.300053 0.030277 3.047334
v -5.318992 0.060202 3.287108
v -5.327670 0.030209 3.301827
v -5.396443 0.000922 3.013187
v -5.393466 0.042389 3.268292
v -5.394203 0.022939 3.286615
v -5.489964 -0.032870 3.035922
v -5.467483 0.006989 3.288842
v -5.460003 -0.016984 3.318938
v -5.542552 -0.064647 3.146492
v -5.498042 -0.008808 3.421408
v -5.496307 -0.030083 3.404145
v -5.589824 -0.107763 3.391873
v -5.514907 -0.023662 3.552799
v -5.517995 -0.035394 3.559267
v -5.598579 -0.123605 3.614410
v -5.524309 -0.039308 3.739176
v -5.518581 -0.043584 3.721400
v -5.602309 -0.130539 3.823309
v -5.529656 -0.047917 3.897329
v -5.526703 -0.051907 3.894040
v -5.603919 -0.133602 4.005131
v -5.534421 -0.054845 4.040813
v -5.524022 -0.057564 4.034858
v -5.605763 -0.137150 4.168584
v -5.533014 -0.057066 4.169952
v -5.522922 -0.060593 4.163171
v -5.604948 -0.133668 4.310835
v -5.532343 -0.059556 4.292195
v -5.520639 -0.057101 4.283606
v -5.597072 -0.127452 4.488168
v -5.530161 -0.057819 4.414422
v -5.514102 -0.056674 4.422606
v -5.584239 -0.119563 4.655745
v -5.522932 -0.055151 4.563341
v -5.509985 -0.057543 4.565312
v -5.571427 -0.107261 4.846442
v -5.520441 -0.055457 4.686893
v -5.503436 -0.060344 4.725037
v -5.555766 -0.086944 5.037504
v -5.511406 -0.049805 4.844878
v -5.498885 -0.049167 4.885642
v -5.525389 -0.062580 5.241536
v -5.497655 -0.038162 5.030983
v -5.490777 -0.042240 5.023026
v -5.483178 -0.034380 5.452209
v -5.477728 -0.022768 5.161945
v -5.468266 -0.032248 5.197231
v -5.416549 -0.000000 5.706420
v -5.435463 0.009057 5.417777
v -5.424461 -0.000412 5.417649
v -5.372916 -0.000000 5.029009
v -5.374434 0.014375 4.899045
v -5.374434 -0.005812 4.899045
v -5.313488 -0.000000 5.705217
v -5.304302 0.041456 5.416247
v -5.291630 0.022924 5.416099
v -5.252808 0.033170 5.449521
v -5.262007 0.071139 5.159427
v -5.284488 0.021884 5.148900
v -5.215527 0.060835 5.237920
v -5.251915 0.078787 5.027914
v -5.276305 0.025039 5.021091
v -5.189921 0.076083 5.033234
v -5.243756 0.081815 4.867902
v -5.264138 0.029979 4.853865
v -5.178721 0.078359 4.841859
v -5.244356 0.082372 4.699682
v -5.258026 0.034779 4.677230
v -5.170366 0.081359 4.650915
v -5.241963 0.083532 4.550051
v -5.250615 0.034768 4.535156
v -5.250146 0.032685 4.406522
v -5.243142 0.083448 4.414667
v -5.572332 0.088039 7.105424
v -5.568599 0.089511 6.927956
v -5.483037 0.082220 7.123200
v -5.479364 0.036607 7.133008
v -5.569828 0.085805 7.247653
v -5.483061 0.082214 7.253446
v -5.478997 0.040234 7.247348
v -5.564168 0.081995 7.411019
v -5.480410 0.075885 7.389823
v -5.475287 0.038427 7.376113
v -5.558316 0.085387 7.592755
v -5.480802 0.078370 7.521560
v -5.472878 0.041450 7.517389
v -5.549711 0.075094 7.801510
v -5.475132 0.082972 7.674657
v -5.470639 0.043232 7.692662
v -5.535765 0.068578 8.023783
v -5.464624 0.073127 7.861152
v -5.464624 0.043027 7.861152
v -5.508084 0.053476 8.268290
v -5.444697 0.064802 7.992113
v -5.457451 0.043070 7.990310
v -5.429990 0.030277 8.363705
v -5.411050 0.060202 8.123931
v -5.402372 0.030209 8.109209
v -5.333600 0.000922 8.397853
v -5.336576 0.042389 8.142747
v -5.335840 0.022939 8.124423
v -5.240080 -0.032870 8.375116
v -5.262562 0.006989 8.122197
v -5.270040 -0.016984 8.092099
v -5.187489 -0.064647 8.264547
v -5.232001 -0.008808 7.989630
v -5.233735 -0.030083 8.006894
v -5.140219 -0.107763 8.019167
v -5.215135 -0.023662 7.858241
v -5.212048 -0.035394 7.851774
v -5.131464 -0.123605 7.796628
v -5.205734 -0.039308 7.671862
v -5.211461 -0.043584 7.689638
v -5.127734 -0.130539 7.587730
v -5.200387 -0.047917 7.513710
v -5.203341 -0.051907 7.516999
v -5.126124 -0.133602 7.405907
v -5.195622 -0.054845 7.370225
v -5.206022 -0.057564 7.376182
v -5.124279 -0.137150 7.242454
v -5.197029 -0.057066 7.241086
v -5.207123 -0.060593 7.247867
v -5.125095 -0.133668 7.100204
v -5.197701 -0.059556 7.118843
v -5.209405 -0.057101 7.127433
v -5.132969 -0.127452 6.922872
v -5.199883 -0.057819 6.996619
v -5.215942 -0.056674 6.988432
v -5.145805 -0.119563 6.755293
v -5.207109 -0.055151 6.847699
v -5.220058 -0.057543 6.845726
v -5.158616 -0.107261 6.564596
v -5.209602 -0.055457 6.724147
v -5.226606 -0.060344 6.686003
v -5.174278 -0.086944 6.373535
v -5.218639 -0.049805 6.566163
v -5.231159 -0.049167 6.525397
v -5.204653 -0.062580 6.169504
v -5.232388 -0.038162 6.380054
v -5.239267 -0.042240 6.388013
v -5.246863 -0.034380 5.958829
v -5.252316 -0.022768 6.249094
v -5.261779 -0.032248 6.213809
v -5.313496 -0.000000 5.704620
v -5.294580 0.009057 5.993262
v -5.305583 -0.000412 5.993391
v -5.357126 -0.000000 6.382030
v -5.355608 0.014375 6.511994
v -5.355608 -0.005812 6.511994
v -5.416554 -0.000000 5.705823
v -5.425741 0.041456 5.994793
v -5.438414 0.022924 5.994941
v -5.477233 0.033170 5.961518
v -5.468035 0.071139 6.251612
v -5.445554 0.021884 6.262140
v -5.514516 0.060835 6.173121
v -5.478129 0.078787 6.383124
v -5.453739 0.025039 6.389948
v -5.540123 0.076083 6.377804
v -5.486288 0.081815 6.543137
v -5.465906 0.029979 6.557173
v -5.551321 0.078359 6.569180
v -5.485686 0.082372 6.711360
v -5.472015 0.034779 6.733809
v -5.559679 0.081359 6.760124
v -5.488079 0.083532 6.860989
v -5.479429 0.034768 6.875884
v -5.479895 0.032685 7.004516
v -5.486900 0.083448 6.996372
vn 0.5706 0.5774 -0.5841
vn 0.5840 -0.5774 0.5706
vn 0.5706 -0.5774 -0.5840
vn -0.5706 -0.5774 0.5840
vn -0.5841 0.5774 -0.5706
vn -0.5840 -0.5774 -0.5706
vn -0.5706 0.5774 0.5840
vn 0.5840 0.5774 0.5706
vn -0.5841 -0.5774 -0.5706
vn -0.5706 0.5774 0.5841
vn 0.5841 0.5774 0.5706
vn 0.5840 -0.5773 0.5706
vn 0.5706 0.5774 -0.5840
vn 0.0085 0.6857 0.7278
vn -0.1336 -0.6857 0.7155
vn 0.0085 -0.6857 0.7278
vn -0.1503 -0.6857 -0.7122
vn 0.7122 -0.6857 -0.1503
vn 0.1503 -0.6857 0.7122
vn 0.1503 0.6857 0.7122
vn 0.2864 0.6857 0.6692
vn 0.2864 -0.6857 0.6692
vn 0.2707 0.6857 -0.6757
vn -0.6757 0.6857 -0.2707
vn -0.2707 0.6857 0.6757
vn 0.4114 0.6857 0.6005
vn 0.4114 -0.6857 0.6005
vn 0.5207 0.6857 0.5087
vn 0.5207 -0.6857 0.5087
vn 0.6099 0.6857 0.3973
vn 0.6099 -0.6857 0.3973
vn 0.6757 0.6857 0.2707
vn 0.6757 -0.6857 0.2707
vn 0.7155 0.6857 0.1336
vn 0.7155 -0.6857 0.1337
vn 0.7278 0.6857 -0.0085
vn 0.7278 -0.6857 -0.0085
vn 0.7122 0.6857 -0.1503
vn 0.6692 0.6857 -0.2864
vn 0.6692 -0.6857 -0.2864
vn 0.6005 0.6857 -0.4114
vn 0.6005 -0.6857 -0.4114
vn 0.5087 0.6857 -0.5207
vn 0.5086 -0.6857 -0.5207
vn 0.3973 0.6857 -0.6099
vn 0.3973 -0.6857 -0.6099
vn 0.2707 -0.6857 -0.6757
vn 0.1337 0.6857 -0.7155
vn 0.1337 -0.6857 -0.7155
vn -0.0085 0.6857 -0.7278
vn -0.0085 -0.6857 -0.7278
vn -0.1503 0.6857 -0.7122
vn -0.2864 0.6857 -0.6692
vn -0.2864 -0.6857 -0.6692
vn -0.4114 0.6857 -0.6004
vn -0.4114 -0.6857 -0.6004
vn -0.5207 0.6857 -0.5087
vn -0.5207 -0.6857 -0.5086
vn -0.6099 0.6857 -0.3973
vn -0.6099 -0.6857 -0.3973
vn -0.6757 -0.6857 -0.2707
vn -0.7155 0.6857 -0.1336
vn -0.7155 -0.6857 -0.1337
vn -0.7278 0.6857 0.0085
vn -0.7278 -0.6857 0.0085
vn -0.7122 0.6857 0.1503
vn -0.7122 -0.6857 0.1503
vn -0.6692 0.6857 0.2864
vn -0.6692 -0.6857 0.2864
vn -0.6004 0.6857 0.4114
vn -0.6004 -0.6857 0.4115
vn -0.5087 0.6857 0.5207
vn -0.5087 -0.6857 0.5207
vn -0.3973 0.6857 0.6099
vn -0.3973 -0.6857 0.6099
vn -0.2707 -0.6857 0.6757
vn -0.1336 0.6857 0.7155
vn 0.0298 0.2865 0.9576
vn 0.0024 0.9764 -0.2159
vn -0.0329 0.3151 0.9485
vn 0.0034 -0.9602 0.2792
vn 0.0184 -0.7078 0.7062
vn -0.0050 0.9690 -0.2468
vn 0.0615 0.2587 0.9640
vn 0.0144 0.8264 -0.5630
vn 0.0174 -0.7260 0.6875
vn 0.0138 0.9949 -0.1003
vn 0.0332 0.2475 0.9683
vn 0.0054 -0.9755 -0.2201
vn -0.0216 0.9947 0.1002
vn 0.0006 0.2632 0.9648
vn 0.0238 -0.7868 0.6167
vn 0.0036 0.9841 -0.1775
vn 0.1117 0.1710 0.9789
vn 0.0028 -0.9048 0.4258
vn 0.0432 0.9974 -0.0583
vn 0.1473 0.1879 0.9711
vn 0.0100 -0.9440 0.3297
vn 0.0433 0.9939 -0.1017
vn 0.4818 0.1368 0.8655
vn 0.0076 -0.9608 0.2773
vn 0.0466 0.9905 -0.1295
vn 0.9010 0.0270 0.4329
vn 0.0407 -0.9722 0.2304
vn 0.0660 0.9431 -0.3259
vn 0.9961 -0.0708 0.0519
vn 0.2181 -0.9306 0.2941
vn 0.8732 -0.2325 -0.4283
vn 0.0240 -0.9122 0.4090
vn 0.0455 0.8491 -0.5262
vn 0.3822 -0.5314 -0.7560
vn -0.0135 0.8263 -0.5630
vn -0.0278 -0.8619 0.5063
vn 0.0129 -0.6908 -0.7229
vn 0.0279 -0.8923 0.4505
vn -0.0349 0.8176 -0.5747
vn 0.1485 -0.7351 -0.6615
vn -0.0205 0.7861 -0.6177
vn 0.0140 -0.8477 0.5304
vn -0.0659 -0.7372 -0.6724
vn 0.0113 0.3963 -0.9180
vn 0.0286 -0.8928 0.4495
vn 0.1704 -0.7142 -0.6789
vn -0.0147 0.7288 -0.6845
vn 0.0248 -0.7525 0.6581
vn -0.0829 -0.7118 -0.6975
vn -0.0148 0.7644 -0.6446
vn 0.0121 -0.6890 0.7246
vn -0.0066 0.5283 -0.8490
vn 0.0991 -0.6828 -0.7239
vn -0.0188 -0.9998 0.0027
vn -0.0097 0.7902 -0.6127
vn -0.0461 -0.6733 -0.7379
vn 0.0167 -0.8476 0.5303
vn -0.0158 0.8126 -0.5825
vn 0.0321 -0.6656 -0.7456
vn 0.0048 -0.9994 -0.0352
vn -0.0127 0.7010 -0.7131
vn -0.2251 -0.6375 -0.7368
vn 0.0177 -0.5023 0.8645
vn 0.0066 0.8261 -0.5635
vn -0.1545 -0.5980 -0.7865
vn -0.0635 -0.9966 0.0525
vn 0.0031 0.7924 -0.6100
vn -0.1655 -0.5471 -0.8205
vn -0.0200 -0.8888 0.4579
vn 0.0150 0.8436 -0.5368
vn -0.2515 -0.5552 -0.7928
vn 0.0309 -0.7722 0.6346
vn -0.0254 0.9687 -0.2468
vn -0.9952 0.0251 0.0949
vn -0.0066 -0.9616 0.2745
vn -0.3549 -0.8838 0.3049
vn -0.0057 -0.9501 0.3119
vn -0.1077 0.9159 -0.3866
vn -0.9941 -0.0934 -0.0559
vn 0.0212 -0.9399 0.3408
vn -0.2653 0.0947 0.9595
vn -0.0517 0.9787 -0.1987
vn -0.0057 -0.9265 0.3763
vn -0.1879 0.2509 0.9496
vn -0.0099 0.8933 -0.4493
vn 0.0017 -0.9313 0.3643
vn -0.0987 0.2517 0.9628
vn -0.0082 0.9795 -0.2011
vn -0.0083 -0.8680 0.4965
vn -0.0298 0.2258 0.9737
vn -0.0078 0.9745 -0.2244
vn -0.0232 -0.5810 0.8135
vn -0.0537 0.2358 0.9703
vn -0.0143 0.9838 -0.1789
vn -0.0108 -0.9085 0.4177
vn 0.0021 0.9014 -0.4330
vn -0.0298 0.2865 -0.9576
vn -0.0024 0.9764 0.2159
vn 0.0329 0.3151 -0.9485
vn -0.0034 -0.9602 -0.2792
vn -0.0185 -0.7078 -0.7062
vn 0.0050 0.9690 0.2468
vn -0.0615 0.2587 -0.9640
vn -0.0144 0.8263 0.5631
vn -0.0174 -0.7261 -0.6874
vn -0.0138 0.9949 0.1003
vn -0.0332 0.2475 -0.9683
vn -0.0054 -0.9755 0.2201
vn 0.0216 0.9947 -0.1002
vn -0.0006 0.2631 -0.9648
vn -0.0238 -0.7866 -0.6170
vn -0.0036 0.9841 0.1775
vn -0.1117 0.1710 -0.9789
vn -0.0028 -0.9049 -0.4255
vn -0.0432 0.9974 0.0583
vn -0.1473 0.1879 -0.9711
vn -0.0100 -0.9440 -0.3297
vn -0.0433 0.9939 0.1017
vn -0.4818 0.1368 -0.8655
vn -0.0076 -0.9608 -0.2773
vn -0.0466 0.9905 0.1295
vn -0.9010 0.0270 -0.4330
vn -0.0407 -0.9722 -0.2304
vn -0.0660 0.9431 0.3259
vn -0.9961 -0.0708 -0.0519
vn -0.2181 -0.9306 -0.2941
vn -0.8732 -0.2325 0.4283
vn -0.0240 -0.9122 -0.4090
vn -0.0455 0.8491 0.5262
vn -0.3822 -0.5314 0.7560
vn 0.0135 0.8263 0.5630
vn 0.0278 -0.8619 -0.5063
vn -0.0130 -0.6908 0.7229
vn -0.0279 -0.8923 -0.4505
vn 0.0349 0.8176 0.5747
vn -0.1486 -0.7351 0.6615
vn 0.0206 0.7861 0.6178
vn -0.0140 -0.8477 -0.5304
vn 0.0659 -0.7372 0.6724
vn -0.0112 0.3963 0.9180
vn -0.0285 -0.8928 -0.4495
vn -0.1703 -0.7142 0.6789
vn 0.0147 0.7288 0.6846
vn -0.0248 -0.7526 -0.6580
vn 0.0829 -0.7118 0.6975
vn 0.0148 0.7644 0.6446
vn -0.0121 -0.6890 -0.7246
vn 0.0066 0.5281 0.8491
vn -0.0991 -0.6828 0.7239
vn 0.0187 -0.9998 -0.0028
vn 0.0097 0.7903 0.6127
vn 0.0461 -0.6733 0.7379
vn -0.0167 -0.8476 -0.5303
vn 0.0158 0.8126 0.5825
vn -0.0321 -0.6656 0.7457
vn -0.0048 -0.9994 0.0350
vn 0.0127 0.7009 0.7132
vn 0.2251 -0.6375 0.7369
vn -0.0177 -0.5023 -0.8645
vn -0.0066 0.8261 0.5635
vn 0.1545 -0.5980 0.7865
vn 0.0635 -0.9966 -0.0525
vn -0.0031 0.7925 0.6099
vn 0.1655 -0.5472 0.8205
vn 0.0200 -0.8888 -0.4579
vn -0.0150 0.8436 0.5368
vn 0.2515 -0.5552 0.7928
vn -0.0309 -0.7722 -0.6346
vn 0.0254 0.9687 0.2468
vn 0.9952 0.0249 -0.0948
vn 0.0066 -0.9616 -0.2745
vn 0.3549 -0.8839 -0.3047
vn 0.0057 -0.9501 -0.3119
vn 0.1077 0.9159 0.3866
vn 0.9940 -0.0935 0.0559
vn -0.0212 -0.9399 -0.3408
vn 0.2653 0.0947 -0.9595
vn 0.0517 0.9787 0.1987
vn 0.0057 -0.9265 -0.3762
vn 0.1879 0.2509 -0.9496
vn 0.0099 0.8933 0.4493
vn -0.0017 -0.9313 -0.3643
vn 0.0987 0.2517 -0.9628
vn 0.0082 0.9795 0.2011
vn 0.0083 -0.8680 -0.4964
vn 0.0298 0.2258 -0.9737
vn 0.0078 0.9745 0.2244
vn 0.0233 -0.5812 -0.8135
vn 0.0537 0.2358 -0.9703
vn 0.0143 0.9838 0.1789
vn 0.0108 -0.9085 -0.4177
vn -0.0021 0.9014 0.4330
vn 0.9576 0.2865 -0.0298
vn -0.2158 0.9764 -0.0024
vn 0.9485 0.3151 0.0329
vn 0.2792 -0.9602 -0.0034
vn 0.7062 -0.7078 -0.0185
vn -0.2468 0.9690 0.0050
vn 0.9640 0.2587 -0.0615
vn -0.5630 0.8263 -0.0144
vn 0.6878 -0.7257 -0.0174
vn -0.1003 0.9949 -0.0138
vn 0.9683 0.2475 -0.0332
vn -0.2197 -0.9755 -0.0054
vn 0.1002 0.9947 0.0216
vn 0.9648 0.2632 -0.0006
vn 0.6169 -0.7866 -0.0238
vn -0.1775 0.9841 -0.0036
vn 0.9789 0.1710 -0.1117
vn 0.4258 -0.9048 -0.0028
vn -0.0583 0.9974 -0.0432
vn 0.9711 0.1879 -0.1473
vn 0.3297 -0.9440 -0.0100
vn -0.1017 0.9939 -0.0433
vn 0.8655 0.1368 -0.4818
vn 0.2773 -0.9608 -0.0077
vn -0.1295 0.9905 -0.0466
vn 0.4330 0.0270 -0.9010
vn 0.2304 -0.9722 -0.0407
vn -0.3259 0.9431 -0.0660
vn 0.0519 -0.0708 -0.9961
vn 0.2941 -0.9306 -0.2181
vn -0.4283 -0.2325 -0.8732
vn 0.4090 -0.9122 -0.0240
vn -0.5262 0.8491 -0.0455
vn -0.7560 -0.5314 -0.3822
vn -0.5630 0.8263 0.0135
vn 0.5063 -0.8619 0.0278
vn -0.7229 -0.6908 -0.0129
vn 0.4505 -0.8923 -0.0279
vn -0.5746 0.8177 0.0349
vn -0.6615 -0.7351 -0.1486
vn -0.6178 0.7861 0.0205
vn 0.5304 -0.8477 -0.0140
vn -0.6724 -0.7372 0.0659
vn -0.9179 0.3968 -0.0112
vn 0.4495 -0.8928 -0.0286
vn -0.6789 -0.7142 -0.1704
vn -0.6845 0.7288 0.0147
vn 0.6581 -0.7525 -0.0248
vn -0.6975 -0.7118 0.0829
vn -0.6446 0.7644 0.0148
vn 0.7246 -0.6891 -0.0121
vn -0.8488 0.5286 0.0066
vn -0.7239 -0.6828 -0.0990
vn 0.0023 -0.9998 0.0188
vn -0.6127 0.7903 0.0097
vn -0.7379 -0.6733 0.0461
vn 0.5303 -0.8476 -0.0167
vn -0.5826 0.8126 0.0158
vn -0.7456 -0.6656 -0.0321
vn -0.0349 -0.9994 -0.0049
vn -0.7131 0.7010 0.0127
vn -0.7368 -0.6375 0.2250
vn 0.8645 -0.5023 -0.0177
vn -0.5635 0.8261 -0.0066
vn -0.7865 -0.5980 0.1545
vn 0.0524 -0.9966 0.0635
vn -0.6099 0.7924 -0.0031
vn -0.8205 -0.5472 0.1655
vn 0.4579 -0.8888 0.0200
vn -0.5368 0.8436 -0.0150
vn -0.7928 -0.5552 0.2515
vn 0.6346 -0.7722 -0.0310
vn -0.2468 0.9687 0.0254
vn 0.0949 0.0249 0.9952
vn 0.2745 -0.9616 0.0066
vn 0.3047 -0.8839 0.3549
vn 0.3119 -0.9501 0.0057
vn -0.3866 0.9159 0.1077
vn -0.0559 -0.0934 0.9941
vn 0.3408 -0.9399 -0.0212
vn 0.9595 0.0947 0.2653
vn -0.1987 0.9787 0.0517
vn 0.3763 -0.9265 0.0057
vn 0.9496 0.2509 0.1879
vn -0.4496 0.8932 0.0099
vn 0.3643 -0.9313 -0.0017
vn 0.9628 0.2517 0.0987
vn -0.2012 0.9795 0.0082
vn 0.4966 -0.8679 0.0083
vn 0.9737 0.2258 0.0298
vn -0.2244 0.9745 0.0078
vn 0.8133 -0.5813 0.0232
vn 0.9703 0.2358 0.0537
vn -0.1790 0.9838 0.0143
vn 0.4177 -0.9085 0.0108
vn -0.4330 0.9014 -0.0021
vn -0.9576 0.2865 0.0298
vn 0.2158 0.9764 0.0024
vn -0.9485 0.3151 -0.0329
vn -0.2792 -0.9602 0.0034
vn -0.7062 -0.7078 0.0185
vn 0.2468 0.9690 -0.0050
vn -0.9640 0.2587 0.0615
vn 0.5629 0.8264 0.0144
vn -0.6875 -0.7260 0.0174
vn 0.1003 0.9949 0.0138
vn -0.9683 0.2475 0.0332
vn 0.2201 -0.9755 0.0054
vn -0.1002 0.9947 -0.0216
vn -0.9648 0.2631 0.0006
vn -0.6169 -0.7867 0.0238
vn 0.1775 0.9841 0.0036
vn -0.9789 0.1710 0.1117
vn -0.4256 -0.9049 0.0028
vn 0.0583 0.9974 0.0432
vn -0.9711 0.1879 0.1473
vn -0.3297 -0.9440 0.0100
vn 0.1017 0.9939 0.0433
vn -0.8655 0.1368 0.4818
vn -0.2773 -0.9608 0.0076
vn 0.1295 0.9905 0.0466
vn -0.4330 0.0270 0.9010
vn -0.2304 -0.9722 0.0407
vn 0.3259 0.9431 0.0660
vn -0.0519 -0.0708 0.9961
vn -0.2941 -0.9306 0.2181
vn 0.4283 -0.2325 0.8732
vn -0.4090 -0.9122 0.0240
vn 0.5262 0.8491 0.0455
vn 0.7560 -0.5314 0.3822
vn 0.5630 0.8263 -0.0135
vn -0.5063 -0.8619 -0.0278
vn 0.7229 -0.6908 0.0130
vn -0.4505 -0.8923 0.0279
vn 0.5746 0.8177 -0.0350
vn 0.6615 -0.7351 0.1485
vn 0.6178 0.7861 -0.0205
vn -0.5304 -0.8477 0.0140
vn 0.6724 -0.7372 -0.0658
vn 0.9179 0.3968 0.0112
vn -0.4495 -0.8928 0.0286
vn 0.6789 -0.7142 0.1704
vn 0.6845 0.7288 -0.0147
vn -0.6581 -0.7525 0.0248
vn 0.6975 -0.7118 -0.0829
vn 0.6446 0.7644 -0.0148
vn -0.7246 -0.6890 0.0121
vn 0.8489 0.5286 -0.0066
vn 0.7239 -0.6828 0.0990
vn -0.0023 -0.9998 -0.0188
vn 0.6128 0.7902 -0.0097
vn 0.7379 -0.6733 -0.0461
vn -0.5303 -0.8476 0.0167
vn 0.5826 0.8126 -0.0158
vn 0.7456 -0.6656 0.0321
vn 0.0351 -0.9994 0.0049
vn 0.7131 0.7010 -0.0127
vn 0.7368 -0.6375 -0.2251
vn -0.8645 -0.5024 0.0177
vn 0.5635 0.8261 0.0066
vn 0.7865 -0.5980 -0.1545
vn -0.0524 -0.9966 -0.0635
vn 0.6099 0.7925 0.0031
vn 0.8205 -0.5471 -0.1655
vn -0.4579 -0.8888 -0.0200
vn 0.5368 0.8436 0.0150
vn 0.7928 -0.5552 -0.2515
vn -0.6346 -0.7722 0.0310
vn 0.2468 0.9687 -0.0254
vn -0.0949 0.0249 -0.9952
vn -0.2745 -0.9616 -0.0066
vn -0.3050 -0.8837 -0.3549
vn -0.3119 -0.9501 -0.0057
vn 0.3866 0.9159 -0.1077
vn 0.0559 -0.0934 -0.9941
vn -0.3408 -0.9399 0.0212
vn -0.9595 0.0947 -0.2653
vn 0.1987 0.9787 -0.0517
vn -0.3763 -0.9265 -0.0057
vn -0.9496 0.2509 -0.1879
vn 0.4495 0.8932 -0.0099
vn -0.3643 -0.9313 0.0017
vn -0.9628 0.2517 -0.0987
vn 0.2011 0.9795 -0.0082
vn -0.4966 -0.8680 -0.0083
vn -0.9737 0.2258 -0.0298
vn 0.2244 0.9745 -0.0078
vn -0.8135 -0.5811 -0.0232
vn -0.9703 0.2358 -0.0537
vn 0.1790 0.9838 -0.0143
vn -0.4176 -0.9085 -0.0108
vn 0.4330 0.9014 0.0021
vt 0.360680 0.060241
vt 0.419509 0.020282
vt 0.370115 0.069676
vt 0.414373 0.124206
vt 0.419508 0.119070
vt 0.355545 0.065377
vt 0.364979 0.074811
vt 0.306151 0.114770
vt 0.315585 0.124205
vt 0.306151 0.015983
vt 0.428942 0.128505
vt 0.560427 0.070671
vt 0.502537 0.111569
vt 0.551931 0.062176
vt 0.448008 0.067311
vt 0.453143 0.062175
vt 0.439512 0.058815
vt 0.505898 0.125201
vt 0.448008 0.166099
vt 0.497402 0.116705
vt 0.511033 0.120065
vt 0.555291 0.174595
vt 0.025986 0.087138
vt 0.843357 0.760222
vt 0.840702 0.754413
vt 0.805384 0.742509
vt 0.820974 0.730380
vt 0.838795 0.749016
vt 0.033206 0.095051
vt 0.838398 0.749346
vt 0.040087 0.102166
vt 0.836107 0.745372
vt 0.125494 0.053785
vt 0.082340 0.103192
vt 0.032933 0.060037
vt 0.046606 0.108506
vt 0.833905 0.741927
vt 0.052739 0.114091
vt 0.831836 0.738911
vt 0.058463 0.118947
vt 0.829915 0.736310
vt 0.063756 0.123095
vt 0.827253 0.734207
vt 0.068595 0.126557
vt 0.824769 0.732548
vt 0.072962 0.129357
vt 0.822487 0.731324
vt 0.076833 0.131516
vt 0.820284 0.730557
vt 0.080190 0.133058
vt 0.817306 0.730519
vt 0.083012 0.134004
vt 0.814500 0.730987
vt 0.085281 0.134376
vt 0.812041 0.731896
vt 0.086980 0.134196
vt 0.809977 0.733210
vt 0.088088 0.133486
vt 0.808165 0.734915
vt 0.088588 0.132268
vt 0.806785 0.736997
vt 0.088462 0.130565
vt 0.805867 0.739410
vt 0.087691 0.128396
vt 0.805456 0.742014
vt 0.086256 0.125786
vt 0.805667 0.744111
vt 0.084140 0.122758
vt 0.806360 0.746360
vt 0.081325 0.119334
vt 0.807520 0.748500
vt 0.077790 0.115539
vt 0.809151 0.750805
vt 0.073518 0.111395
vt 0.811254 0.752882
vt 0.068492 0.106929
vt 0.813828 0.755132
vt 0.062692 0.102166
vt 0.816876 0.757507
vt 0.056101 0.097129
vt 0.820406 0.760041
vt 0.048699 0.091847
vt 0.824003 0.760493
vt 0.040468 0.086347
vt 0.828022 0.761062
vt 0.031392 0.080657
vt 0.832538 0.761822
vt 0.021453 0.074806
vt 0.837982 0.763074
vt 0.010631 0.068824
vt 0.847395 0.767316
vt 0.018453 0.078404
vt 0.062296 0.718624
vt 0.069337 0.740000
vt 0.053050 0.745924
vt 0.062710 0.350289
vt 0.073452 0.328862
vt 0.080446 0.348529
vt 0.076942 0.720851
vt 0.070536 0.697055
vt 0.084118 0.700958
vt 0.071175 0.371770
vt 0.086648 0.366038
vt 0.092415 0.680397
vt 0.070600 0.696840
vt 0.080875 0.672359
vt 0.071152 0.371708
vt 0.094402 0.385467
vt 0.081223 0.396273
vt 0.099468 0.660198
vt 0.080709 0.672602
vt 0.091415 0.645082
vt 0.081254 0.396310
vt 0.102413 0.406971
vt 0.091971 0.423826
vt 0.108416 0.636976
vt 0.091306 0.645141
vt 0.103700 0.613517
vt 0.091943 0.423808
vt 0.112335 0.433649
vt 0.105392 0.454998
vt 0.120724 0.609209
vt 0.104375 0.613391
vt 0.119252 0.580414
vt 0.105335 0.454980
vt 0.122514 0.459062
vt 0.119960 0.488070
vt 0.131206 0.590379
vt 0.119109 0.580422
vt 0.137229 0.544728
vt 0.119946 0.488068
vt 0.130679 0.478414
vt 0.138171 0.523709
vt 0.143504 0.572014
vt 0.136482 0.544636
vt 0.153889 0.534054
vt 0.137197 0.523859
vt 0.145566 0.493758
vt 0.154683 0.534311
vt 0.156246 0.573270
vt 0.154744 0.534298
vt 0.172018 0.534378
vt 0.156647 0.492572
vt 0.187552 0.544316
vt 0.173768 0.535134
vt 0.188320 0.523840
vt 0.166348 0.483105
vt 0.167612 0.580979
vt 0.191251 0.564875
vt 0.165464 0.603113
vt 0.190338 0.504272
vt 0.167539 0.467964
vt 0.187678 0.606242
vt 0.191839 0.565278
vt 0.186848 0.463404
vt 0.162387 0.443044
vt 0.161444 0.624380
vt 0.177684 0.641240
vt 0.153445 0.653717
vt 0.177279 0.427722
vt 0.153901 0.418087
vt 0.166941 0.673320
vt 0.146006 0.678350
vt 0.166539 0.395765
vt 0.145941 0.391143
vt 0.157197 0.701155
vt 0.139191 0.700671
vt 0.156494 0.367751
vt 0.138044 0.369660
vt 0.148583 0.726262
vt 0.132027 0.720382
vt 0.147789 0.342834
vt 0.130939 0.350067
vt 0.125362 0.739084
vt 0.140118 0.747757
vt 0.147899 0.343095
vt 0.123760 0.331866
vt 0.139697 0.321495
vt 0.118207 0.757601
vt 0.140183 0.747646
vt 0.128895 0.774185
vt 0.139550 0.321274
vt 0.115105 0.310994
vt 0.127999 0.294849
vt 0.108826 0.779922
vt 0.128811 0.774238
vt 0.117222 0.798978
vt 0.128016 0.294863
vt 0.106663 0.289404
vt 0.116302 0.270181
vt 0.101693 0.798677
vt 0.103869 0.827062
vt 0.116216 0.270139
vt 0.097040 0.265293
vt 0.102701 0.242131
vt 0.091368 0.822223
vt 0.103968 0.827055
vt 0.089534 0.854830
vt 0.103231 0.242267
vt 0.086888 0.241192
vt 0.089252 0.214259
vt 0.078452 0.849699
vt 0.089698 0.854839
vt 0.072606 0.883914
vt 0.077735 0.220775
vt 0.088997 0.214238
vt 0.067476 0.868365
vt 0.072645 0.883920
vt 0.053447 0.913408
vt 0.071712 0.185208
vt 0.064306 0.195562
vt 0.052291 0.155866
vt 0.045457 0.904622
vt 0.028417 0.948415
vt 0.044044 0.164777
vt 0.052535 0.155793
vt 0.057037 0.841725
vt 0.026578 0.947654
vt 0.058278 0.226822
vt 0.066037 0.246471
vt 0.025359 0.897043
vt 0.059281 0.842526
vt 0.014350 0.943173
vt 0.058430 0.226763
vt 0.024046 0.172391
vt 0.012350 0.126637
vt 0.015680 0.899732
vt 0.031689 0.854981
vt 0.016066 0.169515
vt 0.037839 0.213543
vt 0.020363 0.864672
vt 0.037033 0.834205
vt 0.020825 0.204331
vt 0.043578 0.233537
vt 0.027253 0.831632
vt 0.044540 0.809291
vt 0.027588 0.237228
vt 0.050839 0.259788
vt 0.036017 0.801741
vt 0.053861 0.783616
vt 0.036536 0.267088
vt 0.059508 0.287156
vt 0.045226 0.772104
vt 0.061705 0.760617
vt 0.045780 0.296619
vt 0.066302 0.309235
vt 0.053057 0.745943
vt 0.053158 0.322923
vt 0.065280 0.822158
vt 0.355095 0.161449
vt 0.333718 0.168489
vt 0.327795 0.152202
vt 0.723429 0.161862
vt 0.744856 0.172604
vt 0.725189 0.179598
vt 0.352867 0.176094
vt 0.376664 0.169688
vt 0.372761 0.183271
vt 0.701948 0.170327
vt 0.707680 0.185800
vt 0.393322 0.191567
vt 0.376879 0.169752
vt 0.401360 0.180027
vt 0.702010 0.170304
vt 0.688251 0.193554
vt 0.677446 0.180375
vt 0.413521 0.198620
vt 0.401116 0.179861
vt 0.428637 0.190568
vt 0.677408 0.180406
vt 0.666747 0.201565
vt 0.649892 0.191124
vt 0.436743 0.207568
vt 0.428578 0.190458
vt 0.460201 0.202852
vt 0.649910 0.191095
vt 0.640069 0.211487
vt 0.618720 0.204544
vt 0.464509 0.219876
vt 0.460327 0.203527
vt 0.493304 0.218404
vt 0.618739 0.204488
vt 0.614656 0.221667
vt 0.585649 0.219112
vt 0.483340 0.230359
vt 0.493297 0.218262
vt 0.528990 0.236381
vt 0.585650 0.219098
vt 0.595304 0.229831
vt 0.550010 0.237323
vt 0.501705 0.242657
vt 0.529083 0.235634
vt 0.539665 0.253042
vt 0.549859 0.236350
vt 0.579960 0.244718
vt 0.539407 0.253835
vt 0.500448 0.255398
vt 0.539421 0.253896
vt 0.539340 0.271171
vt 0.581146 0.255800
vt 0.529402 0.286705
vt 0.538584 0.272920
vt 0.549879 0.287473
vt 0.590613 0.265500
vt 0.492740 0.266764
vt 0.508843 0.290404
vt 0.470606 0.264617
vt 0.569447 0.289491
vt 0.605755 0.266691
vt 0.467476 0.286831
vt 0.508440 0.290991
vt 0.610315 0.286000
vt 0.630674 0.261539
vt 0.449338 0.260596
vt 0.432478 0.276836
vt 0.420002 0.252597
vt 0.645997 0.276431
vt 0.655631 0.253054
vt 0.400398 0.266094
vt 0.395369 0.245158
vt 0.677954 0.265691
vt 0.682576 0.245093
vt 0.372563 0.256349
vt 0.373048 0.238343
vt 0.705967 0.255646
vt 0.704058 0.237196
vt 0.347457 0.247735
vt 0.353336 0.231179
vt 0.730885 0.246941
vt 0.723651 0.230091
vt 0.334635 0.224515
vt 0.325962 0.239270
vt 0.730623 0.247051
vt 0.741853 0.222912
vt 0.752223 0.238848
vt 0.316118 0.217359
vt 0.326073 0.239335
vt 0.299533 0.228047
vt 0.752444 0.238702
vt 0.762724 0.214257
vt 0.778870 0.227150
vt 0.293796 0.207978
vt 0.299480 0.227963
vt 0.274741 0.216374
vt 0.778856 0.227168
vt 0.784314 0.205815
vt 0.803537 0.215453
vt 0.275041 0.200845
vt 0.246656 0.203020
vt 0.803580 0.215367
vt 0.808425 0.196192
vt 0.831587 0.201853
vt 0.251495 0.190520
vt 0.246664 0.203119
vt 0.218889 0.188686
vt 0.831451 0.202383
vt 0.832526 0.186040
vt 0.859459 0.188404
vt 0.224019 0.177604
vt 0.218880 0.188850
vt 0.189805 0.171758
vt 0.852943 0.176887
vt 0.859480 0.188149
vt 0.205354 0.166628
vt 0.189798 0.171797
vt 0.160311 0.152599
vt 0.888510 0.170863
vt 0.878157 0.163458
vt 0.917852 0.151443
vt 0.169096 0.144609
vt 0.125304 0.127569
vt 0.908941 0.143196
vt 0.917925 0.151687
vt 0.231994 0.156189
vt 0.126065 0.125729
vt 0.846896 0.157430
vt 0.827247 0.165189
vt 0.176675 0.124510
vt 0.231193 0.158433
vt 0.130546 0.113502
vt 0.846955 0.157582
vt 0.901327 0.123198
vt 0.947081 0.111502
vt 0.173987 0.114831
vt 0.218738 0.130841
vt 0.904203 0.115218
vt 0.860175 0.136990
vt 0.209047 0.119514
vt 0.239514 0.136185
vt 0.869387 0.119977
vt 0.840181 0.142730
vt 0.242087 0.126405
vt 0.264428 0.143692
vt 0.836490 0.126740
vt 0.813930 0.149990
vt 0.271978 0.135169
vt 0.290103 0.153013
vt 0.806630 0.135688
vt 0.786562 0.158660
vt 0.301614 0.144378
vt 0.313102 0.160857
vt 0.777099 0.144932
vt 0.764483 0.165454
vt 0.327776 0.152209
vt 0.750795 0.152310
vt 0.251561 0.164432
vt 0.319626 0.451665
vt 0.299486 0.441621
vt 0.306741 0.425882
vt 0.580994 0.711207
vt 0.588650 0.733919
vt 0.569757 0.725043
vt 0.307736 0.460501
vt 0.329149 0.472699
vt 0.316817 0.479601
vt 0.559767 0.702100
vt 0.552953 0.717126
vt 0.325583 0.499966
vt 0.329257 0.472896
vt 0.339415 0.497425
vt 0.559833 0.702128
vt 0.533694 0.708959
vt 0.535294 0.691992
vt 0.334968 0.519192
vt 0.339359 0.497137
vt 0.351373 0.524111
vt 0.535246 0.691988
vt 0.512780 0.699515
vt 0.508156 0.680234
vt 0.345166 0.541893
vt 0.351409 0.523992
vt 0.365150 0.555054
vt 0.508189 0.680226
vt 0.486846 0.687785
vt 0.476567 0.667828
vt 0.356229 0.570179
vt 0.364764 0.555622
vt 0.377719 0.589400
vt 0.476620 0.667801
vt 0.461629 0.677130
vt 0.442821 0.654899
vt 0.362227 0.590879
vt 0.377815 0.589293
vt 0.390418 0.627287
vt 0.442831 0.654890
vt 0.442135 0.669309
vt 0.404687 0.642751
vt 0.366618 0.612541
vt 0.391009 0.626822
vt 0.386274 0.646636
vt 0.405265 0.641954
vt 0.420757 0.669084
vt 0.385533 0.647018
vt 0.356757 0.620708
vt 0.385500 0.647071
vt 0.373284 0.659285
vt 0.413800 0.677791
vt 0.355291 0.663326
vt 0.371516 0.659996
vt 0.369296 0.678283
vt 0.413698 0.691345
vt 0.343282 0.623357
vt 0.338083 0.651483
vt 0.329070 0.606252
vt 0.381776 0.693489
vt 0.423616 0.702848
vt 0.311212 0.619830
vt 0.337384 0.651617
vt 0.413264 0.719774
vt 0.444944 0.716728
vt 0.316792 0.588428
vt 0.293385 0.588098
vt 0.301582 0.562098
vt 0.445346 0.738091
vt 0.468644 0.728266
vt 0.278157 0.557888
vt 0.289319 0.539476
vt 0.475607 0.752954
vt 0.493387 0.741576
vt 0.265242 0.531375
vt 0.278259 0.518925
vt 0.502576 0.765536
vt 0.514205 0.751086
vt 0.253470 0.507585
vt 0.269299 0.499962
vt 0.526403 0.776890
vt 0.533124 0.759830
vt 0.260704 0.482066
vt 0.244158 0.486443
vt 0.526140 0.776784
vt 0.551107 0.767541
vt 0.547257 0.786160
vt 0.252586 0.463950
vt 0.244191 0.486567
vt 0.233283 0.459870
vt 0.547517 0.786212
vt 0.572025 0.776084
vt 0.574419 0.796606
vt 0.243333 0.441575
vt 0.233304 0.459773
vt 0.223887 0.434128
vt 0.574397 0.796609
vt 0.593303 0.785283
vt 0.600173 0.805659
vt 0.235030 0.423308
vt 0.213335 0.404875
vt 0.600264 0.805629
vt 0.617204 0.795418
vt 0.629672 0.815742
vt 0.225570 0.399401
vt 0.213270 0.404951
vt 0.203699 0.375149
vt 0.629202 0.816023
vt 0.641469 0.805170
vt 0.658936 0.825806
vt 0.215143 0.370888
vt 0.203576 0.375260
vt 0.194952 0.342654
vt 0.662414 0.813039
vt 0.659130 0.825640
vt 0.209608 0.349953
vt 0.194920 0.342677
vt 0.187485 0.308285
vt 0.691918 0.833795
vt 0.689776 0.821247
vt 0.726430 0.840652
vt 0.199349 0.308793
vt 0.180234 0.265865
vt 0.725905 0.828522
vt 0.726311 0.840877
vt 0.235880 0.361287
vt 0.182068 0.265095
vt 0.671814 0.794961
vt 0.652395 0.786643
vt 0.218879 0.299850
vt 0.233732 0.362318
vt 0.193858 0.259562
vt 0.671749 0.795111
vt 0.734572 0.808957
vt 0.775306 0.832854
vt 0.223781 0.291081
vt 0.244304 0.333951
vt 0.742232 0.805313
vt 0.695633 0.789790
vt 0.245391 0.319084
vt 0.255301 0.352370
vt 0.714152 0.784188
vt 0.677390 0.779794
vt 0.264012 0.347234
vt 0.267716 0.375238
vt 0.686023 0.765837
vt 0.653633 0.766474
vt 0.279078 0.374497
vt 0.279394 0.399930
vt 0.658514 0.751176
vt 0.628090 0.753369
vt 0.293649 0.401898
vt 0.290212 0.421689
vt 0.631031 0.736957
vt 0.607625 0.742655
vt 0.306722 0.425874
vt 0.607153 0.723684
vt 0.243978 0.380915
vt 0.634664 0.939245
vt 0.656042 0.932205
vt 0.661965 0.948492
vt 0.266304 0.938831
vt 0.244876 0.928087
vt 0.264544 0.921093
vt 0.636891 0.924599
vt 0.613093 0.931005
vt 0.616996 0.917422
vt 0.287787 0.930365
vt 0.282055 0.914891
vt 0.596434 0.909124
vt 0.612878 0.930941
vt 0.588396 0.920665
vt 0.287724 0.930388
vt 0.301484 0.907136
vt 0.312291 0.920316
vt 0.576234 0.902071
vt 0.588639 0.920831
vt 0.561117 0.910124
vt 0.312328 0.920286
vt 0.322990 0.899125
vt 0.339846 0.909567
vt 0.553010 0.893122
vt 0.561176 0.910234
vt 0.529550 0.897838
vt 0.339828 0.909596
vt 0.349670 0.889202
vt 0.371020 0.896146
vt 0.525242 0.880813
vt 0.529424 0.897163
vt 0.496445 0.882285
vt 0.371002 0.896202
vt 0.375084 0.879022
vt 0.404094 0.881577
vt 0.506410 0.870330
vt 0.496453 0.882428
vt 0.460756 0.864307
vt 0.404093 0.881591
vt 0.394438 0.870857
vt 0.439736 0.863365
vt 0.488044 0.858031
vt 0.460664 0.865054
vt 0.450081 0.847645
vt 0.439886 0.864338
vt 0.409783 0.855969
vt 0.450339 0.846851
vt 0.489301 0.845288
vt 0.450325 0.846791
vt 0.450406 0.829515
vt 0.408597 0.844887
vt 0.460345 0.813980
vt 0.451162 0.827765
vt 0.439867 0.813212
vt 0.399129 0.835186
vt 0.497009 0.833922
vt 0.480905 0.810281
vt 0.519145 0.836070
vt 0.420297 0.811193
vt 0.383987 0.833995
vt 0.522275 0.813854
vt 0.481308 0.809693
vt 0.379427 0.814685
vt 0.359065 0.839147
vt 0.540414 0.840091
vt 0.557275 0.823850
vt 0.569752 0.848090
vt 0.343742 0.824254
vt 0.334106 0.847633
vt 0.589357 0.834593
vt 0.594387 0.855530
vt 0.311782 0.834995
vt 0.307160 0.855594
vt 0.617194 0.844338
vt 0.616710 0.862345
vt 0.283767 0.845040
vt 0.285677 0.863491
vt 0.642302 0.852953
vt 0.636422 0.869510
vt 0.258848 0.853746
vt 0.266082 0.870596
vt 0.655125 0.876175
vt 0.663799 0.861418
vt 0.259110 0.853636
vt 0.247879 0.877776
vt 0.237508 0.861839
vt 0.673643 0.883331
vt 0.663688 0.861354
vt 0.690229 0.872643
vt 0.237287 0.861985
vt 0.227006 0.886432
vt 0.210860 0.873538
vt 0.695966 0.892713
vt 0.690282 0.872726
vt 0.715023 0.884317
vt 0.210874 0.873520
vt 0.205415 0.894874
vt 0.186191 0.885235
vt 0.714727 0.899844
vt 0.715010 0.884312
vt 0.743113 0.897616
vt 0.186148 0.885321
vt 0.181302 0.904498
vt 0.158139 0.898837
vt 0.738266 0.910199
vt 0.770845 0.912083
vt 0.158274 0.898307
vt 0.157200 0.914651
vt 0.130265 0.912286
vt 0.765719 0.923118
vt 0.770860 0.911881
vt 0.799909 0.928974
vt 0.136782 0.923804
vt 0.130244 0.912541
vt 0.784368 0.934095
vt 0.799916 0.928935
vt 0.829377 0.948133
vt 0.101212 0.929828
vt 0.111566 0.937235
vt 0.071868 0.949250
vt 0.820593 0.956114
vt 0.864351 0.973162
vt 0.080780 0.957498
vt 0.071795 0.949006
vt 0.757741 0.944516
vt 0.863590 0.974999
vt 0.142829 0.943263
vt 0.162479 0.935503
vt 0.813046 0.976185
vt 0.758550 0.942269
vt 0.859159 0.987194
vt 0.142770 0.943111
vt 0.088394 0.977497
vt 0.042637 0.989194
vt 0.815733 0.985861
vt 0.770998 0.969853
vt 0.085518 0.985478
vt 0.129549 0.963704
vt 0.780685 0.981176
vt 0.750230 0.964509
vt 0.120336 0.980718
vt 0.149544 0.957964
vt 0.747657 0.974285
vt 0.725325 0.957002
vt 0.153236 0.973955
vt 0.175797 0.950703
vt 0.717775 0.965523
vt 0.699659 0.947681
vt 0.183097 0.965006
vt 0.203167 0.942033
vt 0.688147 0.956317
vt 0.676659 0.939837
vt 0.212630 0.955762
vt 0.225247 0.935238
vt 0.661984 0.948485
vt 0.238936 0.948383
vt 0.738190 0.936270
vt 0.410075 0.010847
vt 0.311286 0.010847
vt 0.423807 0.133640
vt 0.444647 0.053680
vt 0.456503 0.174595
vt 0.560427 0.169459
vt 0.840951 0.754261
vt 0.843115 0.759786
vt 0.844862 0.765284
vt 0.836267 0.761992
vt 0.832371 0.761939
vt 0.828071 0.761314
vt 0.816888 0.757749
vt 0.813841 0.755378
vt 0.811270 0.753093
vt 0.809163 0.751204
vt 0.807529 0.748692
vt 0.806371 0.746680
vt 0.805670 0.744287
vt 0.805850 0.739542
vt 0.806795 0.737049
vt 0.808200 0.734934
vt 0.810110 0.733214
vt 0.812110 0.731886
vt 0.814603 0.730954
vt 0.817509 0.730448
vt 0.822763 0.731291
vt 0.824996 0.732525
vt 0.827501 0.734179
vt 0.830637 0.736262
vt 0.832124 0.738915
vt 0.834212 0.741923
vt 0.836449 0.745321
vt 0.033212 0.050949
vt 0.035259 0.042089
vt 0.038995 0.033798
vt 0.044277 0.026397
vt 0.050902 0.020167
vt 0.058614 0.015350
vt 0.067118 0.012130
vt 0.076087 0.010631
vt 0.085176 0.010910
vt 0.094036 0.012957
vt 0.102326 0.016693
vt 0.109728 0.021975
vt 0.115957 0.028600
vt 0.120775 0.036312
vt 0.123995 0.044816
vt 0.125215 0.062874
vt 0.123167 0.071734
vt 0.119432 0.080024
vt 0.114150 0.087426
vt 0.107525 0.093655
vt 0.099813 0.098473
vt 0.091308 0.101693
vt 0.073250 0.102913
vt 0.064390 0.100865
vt 0.042469 0.085223
vt 0.037652 0.077510
vt 0.034432 0.069006
vt 0.053103 0.323114
vt 0.062295 0.718636
vt 0.062709 0.350277
vt 0.174715 0.533286
vt 0.188044 0.544588
vt 0.186980 0.524535
vt 0.190045 0.504455
vt 0.187806 0.606428
vt 0.187589 0.462478
vt 0.177610 0.641097
vt 0.177161 0.428003
vt 0.166931 0.673278
vt 0.166597 0.395498
vt 0.156510 0.367909
vt 0.071876 0.185181
vt 0.027220 0.120992
vt 0.026437 0.121301
vt 0.012175 0.942599
vt 0.012175 0.126682
vt 0.014786 0.899402
vt 0.016168 0.169465
vt 0.019868 0.864396
vt 0.027208 0.831597
vt 0.027529 0.237290
vt 0.036653 0.266955
vt 0.045239 0.772123
vt 0.750604 0.152255
vt 0.355083 0.161447
vt 0.723441 0.161861
vt 0.540433 0.273867
vt 0.529130 0.287196
vt 0.549184 0.286132
vt 0.569264 0.289197
vt 0.467290 0.286958
vt 0.611240 0.286742
vt 0.432621 0.276762
vt 0.645716 0.276313
vt 0.400440 0.266083
vt 0.678221 0.265749
vt 0.705810 0.255662
vt 0.888537 0.171027
vt 0.952726 0.126371
vt 0.952417 0.125589
vt 0.131120 0.111327
vt 0.947036 0.111326
vt 0.174317 0.113938
vt 0.904253 0.115320
vt 0.209323 0.119019
vt 0.242122 0.126360
vt 0.836428 0.126680
vt 0.806763 0.135805
vt 0.301596 0.144391
vt 0.607057 0.723514
vt 0.319619 0.451656
vt 0.372162 0.661970
vt 0.354752 0.663484
vt 0.369746 0.676842
vt 0.381853 0.693152
vt 0.310990 0.619790
vt 0.413400 0.720952
vt 0.293538 0.588146
vt 0.445229 0.737810
vt 0.278194 0.557910
vt 0.475755 0.753184
vt 0.502453 0.765436
vt 0.691822 0.833930
vt 0.768849 0.847389
vt 0.769181 0.846616
vt 0.195797 0.258421
vt 0.775397 0.832698
vt 0.224645 0.290679
vt 0.742196 0.805421
vt 0.245936 0.318927
vt 0.264069 0.347226
vt 0.686021 0.765752
vt 0.658527 0.751353
vt 0.293627 0.401895
vt 0.239127 0.948438
vt 0.634675 0.939247
vt 0.266292 0.938832
vt 0.449313 0.826818
vt 0.460616 0.813489
vt 0.440562 0.814553
vt 0.420480 0.811487
vt 0.522461 0.813727
vt 0.378501 0.813943
vt 0.557132 0.823924
vt 0.344023 0.824372
vt 0.589315 0.834603
vt 0.311516 0.834937
vt 0.283925 0.845025
vt 0.101185 0.929664
vt 0.036992 0.974323
vt 0.037300 0.975106
vt 0.858585 0.989369
vt 0.042681 0.989369
vt 0.815403 0.986754
vt 0.085467 0.985376
vt 0.780408 0.981671
vt 0.747622 0.974330
vt 0.153297 0.974014
vt 0.717790 0.965523
vt 0.182965 0.964890
vt 0.688165 0.956304
s 1
usemtl マテリアル.004
f 467/885/459 466/886/460 465/887/461
f 469/888/462 465/887/461 466/889/460
f 470/890/463 465/887/461 468/891/464
f 471/892/465 468/891/464 469/893/462
f 471/894/465 467/885/459 470/890/463
f 472/895/466 469/888/462 466/889/460
f 475/896/463 474/897/461 473/898/467
f 474/897/461 476/899/462 473/900/467
f 478/901/468 473/900/467 476/899/462
f 479/902/469 476/903/462 477/904/470
f 480/905/471 478/906/468 479/902/469
f 480/905/471 477/904/470 474/897/461
f 483/907/472 482/908/473 481/909/474
f 516/910/475 500/911/476 484/912/477
f 486/913/478 481/909/474 484/914/477
f 487/915/479 484/914/477 485/916/480
f 511/917/481 527/918/482 543/919/483
f 488/920/484 485/916/480 490/921/485
f 489/922/486 490/921/485 491/923/487
f 494/924/488 491/923/487 492/925/489
f 495/926/490 492/925/489 493/927/491
f 496/928/492 493/927/491 498/929/493
f 497/930/494 498/929/493 499/931/495
f 502/932/496 499/931/495 500/933/476
f 503/934/497 500/933/476 501/935/498
f 504/936/499 501/935/498 506/937/500
f 505/938/501 506/937/500 507/939/502
f 510/940/503 507/939/502 508/941/504
f 511/942/481 508/941/504 509/943/505
f 512/944/506 509/943/505 514/945/507
f 513/946/508 514/945/507 515/947/509
f 518/948/510 515/947/509 516/949/475
f 519/950/511 516/949/475 517/951/512
f 520/952/513 517/951/512 522/953/514
f 521/954/515 522/953/514 523/955/516
f 526/956/517 523/955/516 524/957/518
f 527/958/482 524/957/518 525/959/519
f 528/960/520 525/959/519 530/961/521
f 529/962/522 530/961/521 531/963/523
f 534/964/524 531/963/523 532/965/525
f 535/966/526 532/965/525 533/967/527
f 536/968/528 533/967/527 538/969/529
f 537/970/530 538/969/529 539/971/531
f 542/972/532 539/971/531 540/973/533
f 543/974/483 540/973/533 541/975/534
f 544/976/535 541/975/534 482/908/473
f 545/977/536 640/978/537 546/979/538
f 545/980/536 639/981/539 548/982/540
f 547/983/541 549/984/542 550/985/543
f 549/986/542 548/982/540 551/987/544
f 553/988/545 549/989/542 552/990/546
f 549/991/542 554/992/547 552/993/546
f 556/994/548 552/995/546 555/996/549
f 552/997/546 557/998/550 555/999/549
f 559/1000/551 555/1001/549 558/1002/552
f 555/1003/549 560/1004/553 558/1005/552
f 562/1006/554 558/1007/552 561/1008/555
f 558/1009/552 563/1010/556 561/1011/555
f 565/1012/557 561/1013/555 564/1014/558
f 561/1015/555 566/1016/559 564/1017/558
f 568/1018/560 564/1019/558 567/1020/561
f 564/1021/558 569/1022/562 567/1023/561
f 571/1024/563 567/1025/561 570/1026/564
f 572/1027/565 567/1025/561 569/1022/562
f 573/1028/566 571/1024/563 570/1029/564
f 573/1030/566 572/1027/565 575/1031/567
f 574/1032/568 576/1033/569 577/1034/570
f 576/1035/569 575/1031/567 578/1036/571
f 579/1037/572 577/1034/570 576/1038/569
f 579/1039/572 578/1036/571 581/1040/573
f 580/1041/574 582/1042/575 583/1043/576
f 582/1044/575 581/1040/573 584/1045/577
f 583/1043/576 585/1046/578 586/1047/579
f 585/1048/578 584/1045/577 587/1049/580
f 586/1047/579 588/1050/581 589/1051/582
f 588/1052/581 587/1049/580 590/1053/583
f 589/1051/582 591/1054/584 592/1055/585
f 591/1056/584 590/1053/583 593/1057/586
f 595/1058/587 591/1054/584 594/1059/588
f 591/1060/584 596/1061/589 594/1062/588
f 598/1063/590 594/1064/588 597/1065/591
f 594/1066/588 599/1067/592 597/1068/591
f 601/1069/593 597/1070/591 600/1071/594
f 597/1072/591 602/1073/595 600/1074/594
f 604/1075/596 600/1071/594 603/1076/597
f 600/1077/594 605/1078/598 603/1079/597
f 607/1080/599 603/1081/597 606/1082/600
f 603/1083/597 608/1084/601 606/1085/600
f 610/1086/602 606/1087/600 609/1088/603
f 611/1089/604 606/1090/600 608/1084/601
f 613/1091/605 609/1092/603 612/1093/606
f 609/1094/603 614/1095/607 612/1096/606
f 616/1097/608 612/1093/606 615/1098/609
f 617/1099/610 612/1100/606 614/1095/607
f 618/1101/611 616/1097/608 615/1102/609
f 618/1103/611 617/1099/610 620/1104/612
f 622/1105/613 618/1106/611 621/1107/614
f 618/1108/611 623/1109/615 621/1110/614
f 622/1105/613 624/1111/616 625/1112/617
f 624/1113/616 623/1109/615 626/1114/618
f 625/1112/617 627/1115/619 628/1116/620
f 627/1117/619 626/1114/618 629/1118/621
f 628/1116/620 630/1119/622 631/1120/623
f 630/1121/622 629/1118/621 632/1122/624
f 631/1120/623 633/1123/625 634/1124/626
f 633/1125/625 632/1122/624 635/1126/627
f 634/1124/626 636/1127/628 637/1128/629
f 636/1129/628 635/1126/627 638/1130/630
f 637/1128/629 546/1131/538 640/978/537
f 546/1132/538 638/1130/630 639/981/539
f 620/1104/612 599/1067/592 584/1045/577
f 601/1069/593 619/1133/631 547/983/541
f 641/1134/632 736/1135/633 642/1136/634
f 641/1137/632 735/1138/635 644/1139/636
f 643/1140/637 645/1141/638 646/1142/639
f 645/1143/638 644/1139/636 647/1144/640
f 649/1145/641 645/1146/638 648/1147/642
f 645/1148/638 650/1149/643 648/1150/642
f 652/1151/644 648/1152/642 651/1153/645
f 648/1154/642 653/1155/646 651/1156/645
f 655/1157/647 651/1158/645 654/1159/648
f 651/1160/645 656/1161/649 654/1162/648
f 658/1163/650 654/1164/648 657/1165/651
f 654/1166/648 659/1167/652 657/1168/651
f 661/1169/653 657/1170/651 660/1171/654
f 657/1172/651 662/1173/655 660/1174/654
f 664/1175/656 660/1176/654 663/1177/657
f 660/1178/654 665/1179/658 663/1180/657
f 667/1181/659 663/1182/657 666/1183/660
f 668/1184/661 663/1182/657 665/1179/658
f 669/1185/662 667/1181/659 666/1186/660
f 669/1187/662 668/1184/661 671/1188/663
f 670/1189/664 672/1190/665 673/1191/666
f 672/1192/665 671/1188/663 674/1193/667
f 675/1194/668 673/1191/666 672/1195/665
f 675/1196/668 674/1193/667 677/1197/669
f 676/1198/670 678/1199/671 679/1200/672
f 678/1201/671 677/1197/669 680/1202/673
f 679/1200/672 681/1203/674 682/1204/675
f 681/1205/674 680/1202/673 683/1206/676
f 682/1204/675 684/1207/677 685/1208/678
f 684/1209/677 683/1206/676 686/1210/679
f 685/1208/678 687/1211/680 688/1212/681
f 687/1213/680 686/1210/679 689/1214/682
f 691/1215/683 687/1211/680 690/1216/684
f 687/1217/680 692/1218/685 690/1219/684
f 694/1220/686 690/1221/684 693/1222/687
f 690/1223/684 695/1224/688 693/1225/687
f 697/1226/689 693/1227/687 696/1228/690
f 693/1229/687 698/1230/691 696/1231/690
f 700/1232/692 696/1228/690 699/1233/693
f 696/1234/690 701/1235/694 699/1236/693
f 703/1237/695 699/1238/693 702/1239/696
f 699/1240/693 704/1241/697 702/1242/696
f 706/1243/698 702/1244/696 705/1245/699
f 707/1246/700 702/1247/696 704/1241/697
f 709/1248/701 705/1249/699 708/1250/702
f 705/1251/699 710/1252/703 708/1253/702
f 712/1254/704 708/1250/702 711/1255/705
f 713/1256/706 708/1257/702 710/1252/703
f 714/1258/707 712/1254/704 711/1259/705
f 714/1260/707 713/1256/706 716/1261/708
f 718/1262/709 714/1263/707 717/1264/710
f 714/1265/707 719/1266/711 717/1267/710
f 718/1262/709 720/1268/712 721/1269/713
f 720/1270/712 719/1266/711 722/1271/714
f 721/1269/713 723/1272/715 724/1273/716
f 723/1274/715 722/1271/714 725/1275/717
f 724/1273/716 726/1276/718 727/1277/719
f 726/1278/718 725/1275/717 728/1279/720
f 727/1277/719 729/1280/721 730/1281/722
f 729/1282/721 728/1279/720 731/1283/723
f 730/1281/722 732/1284/724 733/1285/725
f 732/1286/724 731/1283/723 734/1287/726
f 733/1285/725 642/1288/634 736/1135/633
f 642/1289/634 734/1287/726 735/1138/635
f 716/1261/708 695/1224/688 680/1202/673
f 697/1226/689 715/1290/727 643/1140/637
f 737/1291/728 832/1292/729 738/1293/730
f 737/1294/728 831/1295/731 740/1296/732
f 739/1297/733 741/1298/734 742/1299/735
f 741/1300/734 740/1296/732 743/1301/736
f 745/1302/737 741/1303/734 744/1304/738
f 741/1305/734 746/1306/739 744/1307/738
f 748/1308/740 744/1309/738 747/1310/741
f 744/1311/738 749/1312/742 747/1313/741
f 751/1314/743 747/1315/741 750/1316/744
f 747/1317/741 752/1318/745 750/1319/744
f 754/1320/746 750/1321/744 753/1322/747
f 750/1323/744 755/1324/748 753/1325/747
f 757/1326/749 753/1327/747 756/1328/750
f 753/1329/747 758/1330/751 756/1331/750
f 760/1332/752 756/1333/750 759/1334/753
f 756/1335/750 761/1336/754 759/1337/753
f 763/1338/755 759/1339/753 762/1340/756
f 764/1341/757 759/1339/753 761/1336/754
f 765/1342/758 763/1338/755 762/1343/756
f 765/1344/758 764/1341/757 767/1345/759
f 766/1346/760 768/1347/761 769/1348/762
f 768/1349/761 767/1345/759 770/1350/763
f 771/1351/764 769/1348/762 768/1352/761
f 771/1353/764 770/1350/763 773/1354/765
f 772/1355/766 774/1356/767 775/1357/768
f 774/1358/767 773/1354/765 776/1359/769
f 775/1357/768 777/1360/770 778/1361/771
f 777/1362/770 776/1359/769 779/1363/772
f 778/1361/771 780/1364/773 781/1365/774
f 780/1366/773 779/1363/772 782/1367/775
f 781/1365/774 783/1368/776 784/1369/777
f 783/1370/776 782/1367/775 785/1371/778
f 787/1372/779 783/1368/776 786/1373/780
f 783/1374/776 788/1375/781 786/1376/780
f 790/1377/782 786/1378/780 789/1379/783
f 786/1380/780 791/1381/784 789/1382/783
f 793/1383/785 789/1384/783 792/1385/786
f 789/1386/783 794/1387/787 792/1388/786
f 796/1389/788 792/1385/786 795/1390/789
f 792/1391/786 797/1392/790 795/1393/789
f 799/1394/791 795/1395/789 798/1396/792
f 795/1397/789 800/1398/793 798/1399/792
f 802/1400/794 798/1401/792 801/1402/795
f 803/1403/796 798/1404/792 800/1398/793
f 805/1405/797 801/1406/795 804/1407/798
f 801/1408/795 806/1409/799 804/1410/798
f 808/1411/800 804/1407/798 807/1412/801
f 809/1413/802 804/1414/798 806/1409/799
f 810/1415/803 808/1411/800 807/1416/801
f 810/1417/803 809/1413/802 812/1418/804
f 814/1419/805 810/1420/803 813/1421/806
f 810/1422/803 815/1423/807 813/1424/806
f 814/1419/805 816/1425/808 817/1426/809
f 816/1427/808 815/1423/807 818/1428/810
f 817/1426/809 819/1429/811 820/1430/812
f 819/1431/811 818/1428/810 821/1432/813
f 820/1430/812 822/1433/814 823/1434/815
f 822/1435/814 821/1432/813 824/1436/816
f 823/1434/815 825/1437/817 826/1438/818
f 825/1439/817 824/1436/816 827/1440/819
f 826/1438/818 828/1441/820 829/1442/821
f 828/1443/820 827/1440/819 830/1444/822
f 829/1442/821 738/1445/730 832/1292/729
f 738/1446/730 830/1444/822 831/1295/731
f 812/1418/804 791/1381/784 776/1359/769
f 793/1383/785 811/1447/823 739/1297/733
f 833/1448/824 928/1449/825 834/1450/826
f 833/1451/824 927/1452/827 836/1453/828
f 835/1454/829 837/1455/830 838/1456/831
f 837/1457/830 836/1453/828 839/1458/832
f 841/1459/833 837/1460/830 840/1461/834
f 837/1462/830 842/1463/835 840/1464/834
f 844/1465/836 840/1466/834 843/1467/837
f 840/1468/834 845/1469/838 843/1470/837
f 847/1471/839 843/1472/837 846/1473/840
f 843/1474/837 848/1475/841 846/1476/840
f 850/1477/842 846/1478/840 849/1479/843
f 846/1480/840 851/1481/844 849/1482/843
f 853/1483/845 849/1484/843 852/1485/846
f 849/1486/843 854/1487/847 852/1488/846
f 856/1489/848 852/1490/846 855/1491/849
f 852/1492/846 857/1493/850 855/1494/849
f 859/1495/851 855/1496/849 858/1497/852
f 860/1498/853 855/1496/849 857/1493/850
f 861/1499/854 859/1495/851 858/1500/852
f 861/1501/854 860/1498/853 863/1502/855
f 862/1503/856 864/1504/857 865/1505/858
f 864/1506/857 863/1502/855 866/1507/859
f 867/1508/860 865/1505/858 864/1509/857
f 867/1510/860 866/1507/859 869/1511/861
f 868/1512/862 870/1513/863 871/1514/864
f 870/1515/863 869/1511/861 872/1516/865
f 871/1514/864 873/1517/866 874/1518/867
f 873/1519/866 872/1516/865 875/1520/868
f 874/1518/867 876/1521/869 877/1522/870
f 876/1523/869 875/1520/868 878/1524/871
f 877/1522/870 879/1525/872 880/1526/873
f 879/1527/872 878/1524/871 881/1528/874
f 883/1529/875 879/1525/872 882/1530/876
f 879/1531/872 884/1532/877 882/1533/876
f 886/1534/878 882/1535/876 885/1536/879
f 882/1537/876 887/1538/880 885/1539/879
f 889/1540/881 885/1541/879 888/1542/882
f 885/1543/879 890/1544/883 888/1545/882
f 892/1546/884 888/1547/882 891/1548/885
f 888/1549/882 893/1550/886 891/1551/885
f 895/1552/887 891/1548/885 894/1553/888
f 891/1554/885 896/1555/889 894/1556/888
f 898/1557/890 894/1558/888 897/1559/891
f 899/1560/892 894/1561/888 896/1555/889
f 901/1562/893 897/1563/891 900/1564/894
f 897/1565/891 902/1566/895 900/1567/894
f 904/1568/896 900/1564/894 903/1569/897
f 905/1570/898 900/1571/894 902/1566/895
f 906/1572/899 904/1568/896 903/1573/897
f 906/1574/899 905/1570/898 908/1575/900
f 910/1576/901 906/1577/899 909/1578/902
f 906/1579/899 911/1580/903 909/1581/902
f 910/1576/901 912/1582/904 913/1583/905
f 912/1584/904 911/1580/903 914/1585/906
f 913/1583/905 915/1586/907 916/1587/908
f 915/1588/907 914/1585/906 917/1589/909
f 916/1587/908 918/1590/910 919/1591/911
f 918/1592/910 917/1589/909 920/1593/912
f 919/1591/911 921/1594/913 922/1595/914
f 921/1596/913 920/1593/912 923/1597/915
f 922/1595/914 924/1598/916 925/1599/917
f 924/1600/916 923/1597/915 926/1601/918
f 925/1599/917 834/1602/826 928/1449/825
f 834/1603/826 926/1601/918 927/1452/827
f 908/1575/900 887/1538/880 872/1516/865
f 889/1540/881 907/1604/919 835/1454/829
f 467/885/459 472/1605/466 466/886/460
f 469/888/462 468/891/464 465/887/461
f 470/890/463 467/885/459 465/887/461
f 471/892/465 470/890/463 468/891/464
f 471/894/465 472/1606/466 467/885/459
f 472/895/466 471/1607/465 469/888/462
f 475/896/463 480/905/471 474/897/461
f 474/897/461 477/904/470 476/899/462
f 478/901/468 475/1608/463 473/900/467
f 479/902/469 478/1609/468 476/903/462
f 480/905/471 475/1610/463 478/906/468
f 480/905/471 479/902/469 477/904/470
f 483/907/472 544/976/535 482/908/473
f 484/912/477 481/1611/474 482/1612/473
f 482/1612/473 541/1613/534 540/1614/533
f 540/1614/533 539/1615/531 538/1616/529
f 538/1616/529 533/967/527 532/965/525
f 532/965/525 531/1617/523 530/1618/521
f 530/1618/521 525/1619/519 524/1620/518
f 524/1620/518 523/1621/516 522/1622/514
f 522/1622/514 517/1623/512 516/910/475
f 516/910/475 515/1624/509 514/1625/507
f 514/1625/507 509/1626/505 508/1627/504
f 508/1627/504 507/1628/502 506/1629/500
f 506/1629/500 501/1630/498 500/911/476
f 500/911/476 499/1631/495 498/1632/493
f 498/1632/493 493/1633/491 492/1634/489
f 492/1634/489 491/1635/487 490/1636/485
f 490/1636/485 485/1637/480 484/912/477
f 484/912/477 482/1612/473 540/1614/533
f 540/1614/533 538/1616/529 532/965/525
f 532/965/525 530/1618/521 524/1620/518
f 524/1620/518 522/1622/514 516/910/475
f 516/910/475 514/1625/507 508/1627/504
f 508/1627/504 506/1629/500 500/911/476
f 500/911/476 498/1632/493 492/1634/489
f 492/1634/489 490/1636/485 484/912/477
f 484/912/477 540/1614/533 532/965/525
f 532/965/525 524/1620/518 516/910/475
f 516/910/475 508/1627/504 500/911/476
f 500/911/476 492/1634/489 484/912/477
f 484/912/477 532/965/525 516/910/475
f 486/913/478 483/907/472 481/909/474
f 487/915/479 486/913/478 484/914/477
f 543/919/483 544/1638/535 483/1639/472
f 483/1639/472 486/1640/478 487/1641/479
f 487/1641/479 488/1642/484 489/1643/486
f 489/1643/486 494/1644/488 495/1645/490
f 495/1645/490 496/1646/492 497/1647/494
f 497/1647/494 502/1648/496 503/1649/497
f 503/1649/497 504/1650/499 505/1651/501
f 505/1651/501 510/1652/503 511/917/481
f 511/917/481 512/1653/506 513/1654/508
f 513/1654/508 518/1655/510 519/1656/511
f 519/1656/511 520/1657/513 521/1658/515
f 521/1658/515 526/1659/517 527/918/482
f 527/918/482 528/1660/520 529/1661/522
f 529/1661/522 534/964/524 535/966/526
f 535/966/526 536/1662/528 537/1663/530
f 537/1663/530 542/1664/532 543/919/483
f 543/919/483 483/1639/472 487/1641/479
f 487/1641/479 489/1643/486 495/1645/490
f 495/1645/490 497/1647/494 503/1649/497
f 503/1649/497 505/1651/501 511/917/481
f 511/917/481 513/1654/508 519/1656/511
f 519/1656/511 521/1658/515 527/918/482
f 527/918/482 529/1661/522 535/966/526
f 535/966/526 537/1663/530 543/919/483
f 543/919/483 487/1641/479 495/1645/490
f 495/1645/490 503/1649/497 511/917/481
f 511/917/481 519/1656/511 527/918/482
f 527/918/482 535/966/526 543/919/483
f 543/919/483 495/1645/490 511/917/481
f 488/920/484 487/915/479 485/916/480
f 489/922/486 488/920/484 490/921/485
f 494/924/488 489/922/486 491/923/487
f 495/926/490 494/924/488 492/925/489
f 496/928/492 495/926/490 493/927/491
f 497/930/494 496/928/492 498/929/493
f 502/932/496 497/930/494 499/931/495
f 503/934/497 502/932/496 500/933/476
f 504/936/499 503/934/497 501/935/498
f 505/938/501 504/936/499 506/937/500
f 510/940/503 505/938/501 507/939/502
f 511/942/481 510/940/503 508/941/504
f 512/944/506 511/942/481 509/943/505
f 513/946/508 512/944/506 514/945/507
f 518/948/510 513/946/508 515/947/509
f 519/950/511 518/948/510 516/949/475
f 520/952/513 519/950/511 517/951/512
f 521/954/515 520/952/513 522/953/514
f 526/956/517 521/954/515 523/955/516
f 527/958/482 526/956/517 524/957/518
f 528/960/520 527/958/482 525/959/519
f 529/962/522 528/960/520 530/961/521
f 534/964/524 529/962/522 531/963/523
f 535/966/526 534/964/524 532/965/525
f 536/968/528 535/966/526 533/967/527
f 537/970/530 536/968/528 538/969/529
f 542/972/532 537/970/530 539/971/531
f 543/974/483 542/972/532 540/973/533
f 544/976/535 543/974/483 541/975/534
f 545/977/536 547/983/541 640/978/537
f 545/980/536 546/1665/538 639/981/539
f 547/983/541 545/1666/536 549/984/542
f 549/986/542 545/1667/536 548/982/540
f 553/988/545 550/985/543 549/989/542
f 549/991/542 551/987/544 554/992/547
f 556/994/548 553/988/545 552/995/546
f 552/997/546 554/992/547 557/998/550
f 559/1000/551 556/994/548 555/1001/549
f 555/1003/549 557/998/550 560/1004/553
f 562/1006/554 559/1000/551 558/1007/552
f 558/1009/552 560/1004/553 563/1010/556
f 565/1012/557 562/1006/554 561/1013/555
f 561/1015/555 563/1010/556 566/1016/559
f 568/1018/560 565/1012/557 564/1019/558
f 564/1021/558 566/1016/559 569/1022/562
f 571/1024/563 568/1018/560 567/1025/561
f 572/1027/565 570/1026/564 567/1025/561
f 573/1028/566 574/1032/568 571/1024/563
f 573/1030/566 570/1668/564 572/1027/565
f 574/1032/568 573/1669/566 576/1033/569
f 576/1035/569 573/1670/566 575/1031/567
f 579/1037/572 580/1041/574 577/1034/570
f 579/1039/572 576/1671/569 578/1036/571
f 580/1041/574 579/1672/572 582/1042/575
f 582/1044/575 579/1673/572 581/1040/573
f 583/1043/576 582/1674/575 585/1046/578
f 585/1048/578 582/1675/575 584/1045/577
f 586/1047/579 585/1676/578 588/1050/581
f 588/1052/581 585/1677/578 587/1049/580
f 589/1051/582 588/1050/581 591/1054/584
f 591/1056/584 588/1678/581 590/1053/583
f 595/1058/587 592/1055/585 591/1054/584
f 591/1060/584 593/1057/586 596/1061/589
f 598/1063/590 595/1058/587 594/1064/588
f 594/1066/588 596/1061/589 599/1067/592
f 601/1069/593 598/1063/590 597/1070/591
f 597/1072/591 599/1067/592 602/1073/595
f 604/1075/596 601/1069/593 600/1071/594
f 600/1077/594 602/1073/595 605/1078/598
f 607/1080/599 604/1075/596 603/1081/597
f 603/1083/597 605/1078/598 608/1084/601
f 610/1086/602 607/1080/599 606/1087/600
f 611/1089/604 609/1679/603 606/1090/600
f 613/1091/605 610/1086/602 609/1092/603
f 609/1094/603 611/1089/604 614/1095/607
f 616/1097/608 613/1091/605 612/1093/606
f 617/1099/610 615/1680/609 612/1100/606
f 618/1101/611 619/1133/631 616/1097/608
f 618/1103/611 615/1681/609 617/1099/610
f 622/1105/613 619/1133/631 618/1106/611
f 618/1108/611 620/1104/612 623/1109/615
f 622/1105/613 621/1682/614 624/1111/616
f 624/1113/616 621/1683/614 623/1109/615
f 625/1112/617 624/1684/616 627/1115/619
f 627/1117/619 624/1685/616 626/1114/618
f 628/1116/620 627/1686/619 630/1119/622
f 630/1121/622 627/1117/619 629/1118/621
f 631/1120/623 630/1687/622 633/1123/625
f 633/1125/625 630/1688/622 632/1122/624
f 634/1124/626 633/1123/625 636/1127/628
f 636/1129/628 633/1689/625 635/1126/627
f 637/1128/629 636/1690/628 546/1131/538
f 546/1132/538 636/1129/628 638/1130/630
f 554/992/547 551/987/544 548/982/540
f 639/981/539 638/1130/630 635/1126/627
f 554/992/547 548/982/540 639/981/539
f 563/1010/556 560/1004/553 557/998/550
f 557/998/550 554/992/547 639/981/539
f 639/981/539 635/1126/627 632/1122/624
f 639/981/539 632/1122/624 629/1118/621
f 563/1010/556 557/998/550 639/981/539
f 569/1022/562 566/1016/559 563/1010/556
f 575/1031/567 572/1027/565 569/1022/562
f 581/1040/573 578/1036/571 575/1031/567
f 590/1053/583 587/1049/580 584/1045/577
f 584/1045/577 581/1040/573 575/1031/567
f 575/1031/567 569/1022/562 563/1010/556
f 563/1010/556 639/981/539 629/1118/621
f 626/1114/618 623/1109/615 620/1104/612
f 563/1010/556 629/1118/621 626/1114/618
f 584/1045/577 575/1031/567 563/1010/556
f 593/1057/586 590/1053/583 584/1045/577
f 599/1067/592 596/1061/589 593/1057/586
f 605/1078/598 602/1073/595 599/1067/592
f 611/1089/604 608/1084/601 605/1078/598
f 617/1099/610 614/1095/607 611/1089/604
f 563/1010/556 626/1114/618 620/1104/612
f 620/1104/612 617/1099/610 611/1089/604
f 611/1089/604 605/1078/598 599/1067/592
f 599/1067/592 593/1057/586 584/1045/577
f 584/1045/577 563/1010/556 620/1104/612
f 620/1104/612 611/1089/604 599/1067/592
f 553/988/545 556/994/548 559/1000/551
f 559/1000/551 562/1006/554 565/1012/557
f 565/1012/557 568/1018/560 571/1024/563
f 571/1024/563 574/1032/568 577/1034/570
f 577/1034/570 580/1041/574 583/1043/576
f 583/1043/576 586/1047/579 589/1051/582
f 592/1055/585 595/1058/587 598/1063/590
f 583/1043/576 589/1051/582 592/1055/585
f 571/1024/563 577/1034/570 583/1043/576
f 559/1000/551 565/1012/557 571/1024/563
f 547/983/541 550/985/543 553/988/545
f 553/988/545 559/1000/551 571/1024/563
f 571/1024/563 583/1043/576 592/1055/585
f 592/1055/585 598/1063/590 601/1069/593
f 601/1069/593 604/1075/596 607/1080/599
f 607/1080/599 610/1086/602 613/1091/605
f 613/1091/605 616/1097/608 619/1133/631
f 619/1133/631 622/1105/613 625/1112/617
f 625/1112/617 628/1116/620 631/1120/623
f 634/1124/626 637/1128/629 640/978/537
f 625/1112/617 631/1120/623 634/1124/626
f 607/1080/599 613/1091/605 619/1133/631
f 619/1133/631 625/1112/617 634/1124/626
f 634/1124/626 640/978/537 547/983/541
f 547/983/541 553/988/545 571/1024/563
f 571/1024/563 592/1055/585 601/1069/593
f 601/1069/593 607/1080/599 619/1133/631
f 619/1133/631 634/1124/626 547/983/541
f 547/983/541 571/1024/563 601/1069/593
f 641/1134/632 643/1140/637 736/1135/633
f 641/1137/632 642/1691/634 735/1138/635
f 643/1140/637 641/1692/632 645/1141/638
f 645/1143/638 641/1693/632 644/1139/636
f 649/1145/641 646/1142/639 645/1146/638
f 645/1148/638 647/1144/640 650/1149/643
f 652/1151/644 649/1145/641 648/1152/642
f 648/1154/642 650/1149/643 653/1155/646
f 655/1157/647 652/1151/644 651/1158/645
f 651/1160/645 653/1155/646 656/1161/649
f 658/1163/650 655/1157/647 654/1164/648
f 654/1166/648 656/1161/649 659/1167/652
f 661/1169/653 658/1163/650 657/1170/651
f 657/1172/651 659/1167/652 662/1173/655
f 664/1175/656 661/1169/653 660/1176/654
f 660/1178/654 662/1173/655 665/1179/658
f 667/1181/659 664/1175/656 663/1182/657
f 668/1184/661 666/1183/660 663/1182/657
f 669/1185/662 670/1189/664 667/1181/659
f 669/1187/662 666/1694/660 668/1184/661
f 670/1189/664 669/1695/662 672/1190/665
f 672/1192/665 669/1696/662 671/1188/663
f 675/1194/668 676/1198/670 673/1191/666
f 675/1196/668 672/1697/665 674/1193/667
f 676/1198/670 675/1698/668 678/1199/671
f 678/1201/671 675/1699/668 677/1197/669
f 679/1200/672 678/1700/671 681/1203/674
f 681/1205/674 678/1701/671 680/1202/673
f 682/1204/675 681/1702/674 684/1207/677
f 684/1209/677 681/1703/674 683/1206/676
f 685/1208/678 684/1207/677 687/1211/680
f 687/1213/680 684/1704/677 686/1210/679
f 691/1215/683 688/1212/681 687/1211/680
f 687/1217/680 689/1214/682 692/1218/685
f 694/1220/686 691/1215/683 690/1221/684
f 690/1223/684 692/1218/685 695/1224/688
f 697/1226/689 694/1220/686 693/1227/687
f 693/1229/687 695/1224/688 698/1230/691
f 700/1232/692 697/1226/689 696/1228/690
f 696/1234/690 698/1230/691 701/1235/694
f 703/1237/695 700/1232/692 699/1238/693
f 699/1240/693 701/1235/694 704/1241/697
f 706/1243/698 703/1237/695 702/1244/696
f 707/1246/700 705/1705/699 702/1247/696
f 709/1248/701 706/1243/698 705/1249/699
f 705/1251/699 707/1246/700 710/1252/703
f 712/1254/704 709/1248/701 708/1250/702
f 713/1256/706 711/1706/705 708/1257/702
f 714/1258/707 715/1290/727 712/1254/704
f 714/1260/707 711/1707/705 713/1256/706
f 718/1262/709 715/1290/727 714/1263/707
f 714/1265/707 716/1261/708 719/1266/711
f 718/1262/709 717/1708/710 720/1268/712
f 720/1270/712 717/1709/710 719/1266/711
f 721/1269/713 720/1710/712 723/1272/715
f 723/1274/715 720/1711/712 722/1271/714
f 724/1273/716 723/1712/715 726/1276/718
f 726/1278/718 723/1274/715 725/1275/717
f 727/1277/719 726/1713/718 729/1280/721
f 729/1282/721 726/1714/718 728/1279/720
f 730/1281/722 729/1280/721 732/1284/724
f 732/1286/724 729/1715/721 731/1283/723
f 733/1285/725 732/1716/724 642/1288/634
f 642/1289/634 732/1286/724 734/1287/726
f 650/1149/643 647/1144/640 644/1139/636
f 735/1138/635 734/1287/726 731/1283/723
f 650/1149/643 644/1139/636 735/1138/635
f 659/1167/652 656/1161/649 653/1155/646
f 653/1155/646 650/1149/643 735/1138/635
f 735/1138/635 731/1283/723 728/1279/720
f 735/1138/635 728/1279/720 725/1275/717
f 659/1167/652 653/1155/646 735/1138/635
f 665/1179/658 662/1173/655 659/1167/652
f 671/1188/663 668/1184/661 665/1179/658
f 677/1197/669 674/1193/667 671/1188/663
f 686/1210/679 683/1206/676 680/1202/673
f 680/1202/673 677/1197/669 671/1188/663
f 671/1188/663 665/1179/658 659/1167/652
f 659/1167/652 735/1138/635 725/1275/717
f 722/1271/714 719/1266/711 716/1261/708
f 659/1167/652 725/1275/717 722/1271/714
f 680/1202/673 671/1188/663 659/1167/652
f 689/1214/682 686/1210/679 680/1202/673
f 695/1224/688 692/1218/685 689/1214/682
f 701/1235/694 698/1230/691 695/1224/688
f 707/1246/700 704/1241/697 701/1235/694
f 713/1256/706 710/1252/703 707/1246/700
f 659/1167/652 722/1271/714 716/1261/708
f 716/1261/708 713/1256/706 707/1246/700
f 707/1246/700 701/1235/694 695/1224/688
f 695/1224/688 689/1214/682 680/1202/673
f 680/1202/673 659/1167/652 716/1261/708
f 716/1261/708 707/1246/700 695/1224/688
f 649/1145/641 652/1151/644 655/1157/647
f 655/1157/647 658/1163/650 661/1169/653
f 661/1169/653 664/1175/656 667/1181/659
f 667/1181/659 670/1189/664 673/1191/666
f 673/1191/666 676/1198/670 679/1200/672
f 679/1200/672 682/1204/675 685/1208/678
f 688/1212/681 691/1215/683 694/1220/686
f 679/1200/672 685/1208/678 688/1212/681
f 667/1181/659 673/1191/666 679/1200/672
f 655/1157/647 661/1169/653 667/1181/659
f 643/1140/637 646/1142/639 649/1145/641
f 649/1145/641 655/1157/647 667/1181/659
f 667/1181/659 679/1200/672 688/1212/681
f 688/1212/681 694/1220/686 697/1226/689
f 697/1226/689 700/1232/692 703/1237/695
f 703/1237/695 706/1243/698 709/1248/701
f 709/1248/701 712/1254/704 715/1290/727
f 715/1290/727 718/1262/709 721/1269/713
f 721/1269/713 724/1273/716 727/1277/719
f 730/1281/722 733/1285/725 736/1135/633
f 721/1269/713 727/1277/719 730/1281/722
f 703/1237/695 709/1248/701 715/1290/727
f 715/1290/727 721/1269/713 730/1281/722
f 730/1281/722 736/1135/633 643/1140/637
f 643/1140/637 649/1145/641 667/1181/659
f 667/1181/659 688/1212/681 697/1226/689
f 697/1226/689 703/1237/695 715/1290/727
f 715/1290/727 730/1281/722 643/1140/637
f 643/1140/637 667/1181/659 697/1226/689
f 737/1291/728 739/1297/733 832/1292/729
f 737/1294/728 738/1717/730 831/1295/731
f 739/1297/733 737/1718/728 741/1298/734
f 741/1300/734 737/1294/728 740/1296/732
f 745/1302/737 742/1299/735 741/1303/734
f 741/1305/734 743/1301/736 746/1306/739
f 748/1308/740 745/1302/737 744/1309/738
f 744/1311/738 746/1306/739 749/1312/742
f 751/1314/743 748/1308/740 747/1315/741
f 747/1317/741 749/1312/742 752/1318/745
f 754/1320/746 751/1314/743 750/1321/744
f 750/1323/744 752/1318/745 755/1324/748
f 757/1326/749 754/1320/746 753/1327/747
f 753/1329/747 755/1324/748 758/1330/751
f 760/1332/752 757/1326/749 756/1333/750
f 756/1335/750 758/1330/751 761/1336/754
f 763/1338/755 760/1332/752 759/1339/753
f 764/1341/757 762/1340/756 759/1339/753
f 765/1342/758 766/1346/760 763/1338/755
f 765/1344/758 762/1719/756 764/1341/757
f 766/1346/760 765/1720/758 768/1347/761
f 768/1349/761 765/1721/758 767/1345/759
f 771/1351/764 772/1355/766 769/1348/762
f 771/1353/764 768/1722/761 770/1350/763
f 772/1355/766 771/1723/764 774/1356/767
f 774/1358/767 771/1724/764 773/1354/765
f 775/1357/768 774/1725/767 777/1360/770
f 777/1362/770 774/1726/767 776/1359/769
f 778/1361/771 777/1727/770 780/1364/773
f 780/1366/773 777/1728/770 779/1363/772
f 781/1365/774 780/1364/773 783/1368/776
f 783/1370/776 780/1729/773 782/1367/775
f 787/1372/779 784/1369/777 783/1368/776
f 783/1374/776 785/1371/778 788/1375/781
f 790/1377/782 787/1372/779 786/1378/780
f 786/1380/780 788/1375/781 791/1381/784
f 793/1383/785 790/1377/782 789/1384/783
f 789/1386/783 791/1381/784 794/1387/787
f 796/1389/788 793/1383/785 792/1385/786
f 792/1391/786 794/1387/787 797/1392/790
f 799/1394/791 796/1389/788 795/1395/789
f 795/1397/789 797/1392/790 800/1398/793
f 802/1400/794 799/1394/791 798/1401/792
f 803/1403/796 801/1730/795 798/1404/792
f 805/1405/797 802/1400/794 801/1406/795
f 801/1408/795 803/1403/796 806/1409/799
f 808/1411/800 805/1405/797 804/1407/798
f 809/1413/802 807/1731/801 804/1414/798
f 810/1415/803 811/1447/823 808/1411/800
f 810/1417/803 807/1732/801 809/1413/802
f 814/1419/805 811/1447/823 810/1420/803
f 810/1422/803 812/1418/804 815/1423/807
f 814/1419/805 813/1733/806 816/1425/808
f 816/1427/808 813/1734/806 815/1423/807
f 817/1426/809 816/1735/808 819/1429/811
f 819/1431/811 816/1736/808 818/1428/810
f 820/1430/812 819/1737/811 822/1433/814
f 822/1435/814 819/1431/811 821/1432/813
f 823/1434/815 822/1738/814 825/1437/817
f 825/1439/817 822/1739/814 824/1436/816
f 826/1438/818 825/1437/817 828/1441/820
f 828/1443/820 825/1740/817 827/1440/819
f 829/1442/821 828/1741/820 738/1445/730
f 738/1446/730 828/1443/820 830/1444/822
f 746/1306/739 743/1301/736 740/1296/732
f 831/1295/731 830/1444/822 827/1440/819
f 746/1306/739 740/1296/732 831/1295/731
f 755/1324/748 752/1318/745 749/1312/742
f 749/1312/742 746/1306/739 831/1295/731
f 831/1295/731 827/1440/819 824/1436/816
f 831/1295/731 824/1436/816 821/1432/813
f 755/1324/748 749/1312/742 831/1295/731
f 761/1336/754 758/1330/751 755/1324/748
f 767/1345/759 764/1341/757 761/1336/754
f 773/1354/765 770/1350/763 767/1345/759
f 782/1367/775 779/1363/772 776/1359/769
f 776/1359/769 773/1354/765 767/1345/759
f 767/1345/759 761/1336/754 755/1324/748
f 755/1324/748 831/1295/731 821/1432/813
f 818/1428/810 815/1423/807 812/1418/804
f 755/1324/748 821/1432/813 818/1428/810
f 776/1359/769 767/1345/759 755/1324/748
f 785/1371/778 782/1367/775 776/1359/769
f 791/1381/784 788/1375/781 785/1371/778
f 797/1392/790 794/1387/787 791/1381/784
f 803/1403/796 800/1398/793 797/1392/790
f 809/1413/802 806/1409/799 803/1403/796
f 755/1324/748 818/1428/810 812/1418/804
f 812/1418/804 809/1413/802 803/1403/796
f 803/1403/796 797/1392/790 791/1381/784
f 791/1381/784 785/1371/778 776/1359/769
f 776/1359/769 755/1324/748 812/1418/804
f 812/1418/804 803/1403/796 791/1381/784
f 745/1302/737 748/1308/740 751/1314/743
f 751/1314/743 754/1320/746 757/1326/749
f 757/1326/749 760/1332/752 763/1338/755
f 763/1338/755 766/1346/760 769/1348/762
f 769/1348/762 772/1355/766 775/1357/768
f 775/1357/768 778/1361/771 781/1365/774
f 784/1369/777 787/1372/779 790/1377/782
f 775/1357/768 781/1365/774 784/1369/777
f 763/1338/755 769/1348/762 775/1357/768
f 751/1314/743 757/1326/749 763/1338/755
f 739/1297/733 742/1299/735 745/1302/737
f 745/1302/737 751/1314/743 763/1338/755
f 763/1338/755 775/1357/768 784/1369/777
f 784/1369/777 790/1377/782 793/1383/785
f 793/1383/785 796/1389/788 799/1394/791
f 799/1394/791 802/1400/794 805/1405/797
f 805/1405/797 808/1411/800 811/1447/823
f 811/1447/823 814/1419/805 817/1426/809
f 817/1426/809 820/1430/812 823/1434/815
f 826/1438/818 829/1442/821 832/1292/729
f 817/1426/809 823/1434/815 826/1438/818
f 799/1394/791 805/1405/797 811/1447/823
f 811/1447/823 817/1426/809 826/1438/818
f 826/1438/818 832/1292/729 739/1297/733
f 739/1297/733 745/1302/737 763/1338/755
f 763/1338/755 784/1369/777 793/1383/785
f 793/1383/785 799/1394/791 811/1447/823
f 811/1447/823 826/1438/818 739/1297/733
f 739/1297/733 763/1338/755 793/1383/785
f 833/1448/824 835/1454/829 928/1449/825
f 833/1451/824 834/1742/826 927/1452/827
f 835/1454/829 833/1743/824 837/1455/830
f 837/1457/830 833/1744/824 836/1453/828
f 841/1459/833 838/1456/831 837/1460/830
f 837/1462/830 839/1458/832 842/1463/835
f 844/1465/836 841/1459/833 840/1466/834
f 840/1468/834 842/1463/835 845/1469/838
f 847/1471/839 844/1465/836 843/1472/837
f 843/1474/837 845/1469/838 848/1475/841
f 850/1477/842 847/1471/839 846/1478/840
f 846/1480/840 848/1475/841 851/1481/844
f 853/1483/845 850/1477/842 849/1484/843
f 849/1486/843 851/1481/844 854/1487/847
f 856/1489/848 853/1483/845 852/1490/846
f 852/1492/846 854/1487/847 857/1493/850
f 859/1495/851 856/1489/848 855/1496/849
f 860/1498/853 858/1497/852 855/1496/849
f 861/1499/854 862/1503/856 859/1495/851
f 861/1501/854 858/1745/852 860/1498/853
f 862/1503/856 861/1746/854 864/1504/857
f 864/1506/857 861/1747/854 863/1502/855
f 867/1508/860 868/1512/862 865/1505/858
f 867/1510/860 864/1748/857 866/1507/859
f 868/1512/862 867/1749/860 870/1513/863
f 870/1515/863 867/1750/860 869/1511/861
f 871/1514/864 870/1751/863 873/1517/866
f 873/1519/866 870/1752/863 872/1516/865
f 874/1518/867 873/1753/866 876/1521/869
f 876/1523/869 873/1754/866 875/1520/868
f 877/1522/870 876/1521/869 879/1525/872
f 879/1527/872 876/1755/869 878/1524/871
f 883/1529/875 880/1526/873 879/1525/872
f 879/1531/872 881/1528/874 884/1532/877
f 886/1534/878 883/1529/875 882/1535/876
f 882/1537/876 884/1532/877 887/1538/880
f 889/1540/881 886/1534/878 885/1541/879
f 885/1543/879 887/1538/880 890/1544/883
f 892/1546/884 889/1540/881 888/1547/882
f 888/1549/882 890/1544/883 893/1550/886
f 895/1552/887 892/1546/884 891/1548/885
f 891/1554/885 893/1550/886 896/1555/889
f 898/1557/890 895/1552/887 894/1558/888
f 899/1560/892 897/1756/891 894/1561/888
f 901/1562/893 898/1557/890 897/1563/891
f 897/1565/891 899/1560/892 902/1566/895
f 904/1568/896 901/1562/893 900/1564/894
f 905/1570/898 903/1757/897 900/1571/894
f 906/1572/899 907/1604/919 904/1568/896
f 906/1574/899 903/1758/897 905/1570/898
f 910/1576/901 907/1604/919 906/1577/899
f 906/1579/899 908/1575/900 911/1580/903
f 910/1576/901 909/1759/902 912/1582/904
f 912/1584/904 909/1760/902 911/1580/903
f 913/1583/905 912/1761/904 915/1586/907
f 915/1588/907 912/1762/904 914/1585/906
f 916/1587/908 915/1763/907 918/1590/910
f 918/1592/910 915/1588/907 917/1589/909
f 919/1591/911 918/1764/910 921/1594/913
f 921/1596/913 918/1765/910 920/1593/912
f 922/1595/914 921/1766/913 924/1598/916
f 924/1600/916 921/1767/913 923/1597/915
f 925/1599/917 924/1768/916 834/1602/826
f 834/1603/826 924/1600/916 926/1601/918
f 842/1463/835 839/1458/832 836/1453/828
f 927/1452/827 926/1601/918 923/1597/915
f 842/1463/835 836/1453/828 927/1452/827
f 851/1481/844 848/1475/841 845/1469/838
f 845/1469/838 842/1463/835 927/1452/827
f 927/1452/827 923/1597/915 920/1593/912
f 927/1452/827 920/1593/912 917/1589/909
f 851/1481/844 845/1469/838 927/1452/827
f 857/1493/850 854/1487/847 851/1481/844
f 863/1502/855 860/1498/853 857/1493/850
f 869/1511/861 866/1507/859 863/1502/855
f 878/1524/871 875/1520/868 872/1516/865
f 872/1516/865 869/1511/861 863/1502/855
f 863/1502/855 857/1493/850 851/1481/844
f 851/1481/844 927/1452/827 917/1589/909
f 914/1585/906 911/1580/903 908/1575/900
f 851/1481/844 917/1589/909 914/1585/906
f 872/1516/865 863/1502/855 851/1481/844
f 881/1528/874 878/1524/871 872/1516/865
f 887/1538/880 884/1532/877 881/1528/874
f 893/1550/886 890/1544/883 887/1538/880
f 899/1560/892 896/1555/889 893/1550/886
f 905/1570/898 902/1566/895 899/1560/892
f 851/1481/844 914/1585/906 908/1575/900
f 908/1575/900 905/1570/898 899/1560/892
f 899/1560/892 893/1550/886 887/1538/880
f 887/1538/880 881/1528/874 872/1516/865
f 872/1516/865 851/1481/844 908/1575/900
f 908/1575/900 899/1560/892 887/1538/880
f 841/1459/833 844/1465/836 847/1471/839
f 847/1471/839 850/1477/842 853/1483/845
f 853/1483/845 856/1489/848 859/1495/851
f 859/1495/851 862/1503/856 865/1505/858
f 865/1505/858 868/1512/862 871/1514/864
f 871/1514/864 874/1518/867 877/1522/870
f 880/1526/873 883/1529/875 886/1534/878
f 871/1514/864 877/1522/870 880/1526/873
f 859/1495/851 865/1505/858 871/1514/864
f 847/1471/839 853/1483/845 859/1495/851
f 835/1454/829 838/1456/831 841/1459/833
f 841/1459/833 847/1471/839 859/1495/851
f 859/1495/851 871/1514/864 880/1526/873
f 880/1526/873 886/1534/878 889/1540/881
f 889/1540/881 892/1546/884 895/1552/887
f 895/1552/887 898/1557/890 901/1562/893
f 901/1562/893 904/1568/896 907/1604/919
f 907/1604/919 910/1576/901 913/1583/905
f 913/1583/905 916/1587/908 919/1591/911
f 922/1595/914 925/1599/917 928/1449/825
f 913/1583/905 919/1591/911 922/1595/914
f 895/1552/887 901/1562/893 907/1604/919
f 907/1604/919 913/1583/905 922/1595/914
f 922/1595/914 928/1449/825 835/1454/829
f 835/1454/829 841/1459/833 859/1495/851
f 859/1495/851 880/1526/873 889/1540/881
f 889/1540/881 895/1552/887 907/1604/919
f 907/1604/919 922/1595/914 835/1454/829
f 835/1454/829 859/1495/851 889/1540/881
o 球.016
v -1.418192 -0.758554 1.931391
v -5.296967 -0.758554 5.810069
v -1.418192 -0.652417 1.931391
v -1.585455 -0.758554 1.764124
v -5.464228 -0.758554 5.642802
v -1.585455 -0.652417 1.764124
v -5.464228 -0.652417 5.642802
v -5.296967 -0.652417 5.810069
v -7.452077 0.346340 7.797864
v -7.471966 -0.000001 7.817751
v -7.819642 0.346340 7.349973
v -7.305509 0.613245 7.651299
v -7.004195 0.346340 8.165437
v -6.889038 0.613245 7.993096
v -7.019820 -0.000001 8.188821
v -6.493210 0.346341 8.438574
v -6.413887 0.613246 8.247077
v -6.503974 -0.000000 8.464556
v -5.938757 0.346341 8.606771
v -5.898319 0.613246 8.403481
v -5.944246 -0.000000 8.634355
v -5.362145 0.346341 8.663569
v -5.362144 0.613246 8.456296
v -5.362148 -0.000000 8.691695
v -4.785532 0.346341 8.606787
v -4.825966 0.613246 8.403494
v -4.780048 -0.000000 8.634371
v -4.231075 0.346341 8.438601
v -4.310393 0.613246 8.247103
v -4.220314 -0.000000 8.464585
v -3.720084 0.346341 8.165478
v -3.835237 0.613246 7.993136
v -3.704459 -0.000000 8.188864
v -3.272194 0.346341 7.797915
v -3.418758 0.613246 7.651347
v -3.252308 -0.000000 7.817802
v -2.904618 0.346341 7.350034
v -3.076959 0.613246 7.234875
v -2.881234 -0.000000 7.365660
v -2.631482 0.346341 6.839049
v -2.822978 0.613246 6.759726
v -2.605500 -0.000000 6.849813
v -2.463285 0.346341 6.284596
v -2.666575 0.613246 6.244157
v -2.435701 -0.000000 6.290084
v -2.406486 0.346341 5.707983
v -2.613760 0.613246 5.707981
v -2.378361 -0.000000 5.707984
v -2.463269 0.346341 5.131371
v -2.666562 0.613246 5.171804
v -2.435685 -0.000000 5.125885
v -2.631454 0.346341 4.576913
v -2.822953 0.613246 4.656231
v -2.605470 -0.000000 4.566151
v -2.904576 0.346341 4.065921
v -3.076922 0.613246 4.181075
v -2.881191 -0.000000 4.050297
v -3.272142 0.346341 3.618032
v -3.418709 0.613246 3.764595
v -3.252253 -0.000000 3.598146
v -3.720021 0.346341 3.250456
v -3.835181 0.613246 3.422796
v -3.704396 -0.000000 3.227072
v -4.231007 0.346341 2.977322
v -4.310330 0.613246 3.168817
v -4.220242 -0.000000 2.951337
v -4.785460 0.346341 2.809123
v -4.825899 0.613246 3.012414
v -4.779971 -0.000000 2.781537
v -5.362073 0.346341 2.752324
v -5.362077 0.613246 2.959598
v -5.362072 -0.000000 2.724198
v -5.938687 0.346341 2.809108
v -5.898252 0.613246 3.012400
v -5.944172 -0.000000 2.781523
v -6.493143 0.346341 2.977293
v -6.413826 0.613246 3.168790
v -6.503905 -0.000000 2.951308
v -7.004134 0.346340 3.250414
v -6.888981 0.613245 3.422759
v -7.019761 -0.000001 3.227030
v -7.452025 0.346340 3.617980
v -7.305461 0.613245 3.764547
v -7.471913 -0.000001 3.598092
v -7.819601 0.346340 4.065858
v -7.647260 0.613245 4.181018
v -7.842986 -0.000001 4.050235
v -8.092736 0.346340 4.576844
v -7.901240 0.613245 4.656167
v -8.118720 -0.000001 4.566081
v -8.260937 0.346340 5.131299
v -8.057643 0.613245 5.171737
v -8.288519 -0.000001 5.125811
v -8.317732 0.346340 5.707911
v -8.110459 0.613245 5.707914
v -8.345860 -0.000001 5.707911
v -8.260948 0.346340 6.284525
v -8.057656 0.613245 6.244091
v -8.288533 -0.000001 6.290011
v -8.092765 0.346340 6.838982
v -7.901266 0.613245 6.759664
v -8.118751 -0.000001 6.849746
v -8.092765 -0.346342 6.838982
v -7.843027 -0.000001 7.365599
v -7.819642 -0.346342 7.349973
v -7.647297 -0.613247 7.234820
v -7.452077 -0.346342 7.797864
v -7.305509 -0.613247 7.651299
v -7.004195 -0.346342 8.165437
v -6.889038 -0.613247 7.993096
v -6.493210 -0.346341 8.438574
v -6.413887 -0.613247 8.247077
v -5.938757 -0.346341 8.606771
v -5.898319 -0.613246 8.403481
v -5.362145 -0.346341 8.663569
v -5.362144 -0.613246 8.456296
v -4.785532 -0.346341 8.606787
v -4.825966 -0.613246 8.403494
v -4.231075 -0.346341 8.438601
v -4.310393 -0.613246 8.247103
v -3.720084 -0.346341 8.165478
v -3.835237 -0.613246 7.993136
v -3.272194 -0.346341 7.797915
v -3.418757 -0.613246 7.651347
v -2.904618 -0.346341 7.350034
v -3.076959 -0.613246 7.234875
v -2.631482 -0.346341 6.839049
v -2.822978 -0.613246 6.759726
v -2.463285 -0.346341 6.284596
v -2.666575 -0.613246 6.244157
v -2.406486 -0.346341 5.707983
v -2.613760 -0.613246 5.707981
v -2.463269 -0.346341 5.131371
v -2.666562 -0.613246 5.171804
v -2.631454 -0.346341 4.576913
v -2.822953 -0.613246 4.656231
v -2.904576 -0.346341 4.065921
v -3.076921 -0.613246 4.181075
v -3.272142 -0.346341 3.618032
v -3.418709 -0.613246 3.764595
v -3.720021 -0.346341 3.250456
v -3.835180 -0.613246 3.422796
v -4.231007 -0.346341 2.977322
v -4.310330 -0.613246 3.168817
v -4.785460 -0.346341 2.809123
v -4.825899 -0.613246 3.012414
v -5.362073 -0.346341 2.752324
v -5.362077 -0.613246 2.959598
v -5.938687 -0.346341 2.809108
v -5.898252 -0.613246 3.012400
v -6.493143 -0.346341 2.977293
v -6.413826 -0.613247 3.168790
v -7.004134 -0.346342 3.250414
v -6.888981 -0.613247 3.422759
v -7.452025 -0.346342 3.617980
v -7.305460 -0.613247 3.764547
v -7.819601 -0.346342 4.065858
v -7.647260 -0.613247 4.181018
v -8.092736 -0.346342 4.576844
v -7.901240 -0.613247 4.656167
v -8.260936 -0.346342 5.131299
v -8.057643 -0.613247 5.171737
v -8.317732 -0.346342 5.707911
v -8.110459 -0.613247 5.707914
v -8.260948 -0.346342 6.284525
v -8.057656 -0.613247 6.244091
v -7.901266 -0.613247 6.759664
v -7.647298 0.613245 7.234820
v -5.224630 -0.554476 2.956312
v -5.224697 -0.554476 8.459582
v -5.224630 -0.502459 2.956312
v -5.499519 -0.554476 2.956309
v -5.499586 -0.554476 8.459579
v -5.499519 -0.502459 2.956309
v -5.499586 -0.502459 8.459579
v -5.224697 -0.502459 8.459582
v -2.610473 -0.554476 5.845426
v -8.113745 -0.554477 5.845357
v -2.610473 -0.502459 5.845426
v -2.610470 -0.554476 5.570536
v -8.113740 -0.554477 5.570467
v -2.610470 -0.502459 5.570536
v -8.113740 -0.502460 5.570467
v -8.113745 -0.502460 5.845357
v -5.224630 0.514714 2.956312
v -5.224697 0.514714 8.459582
v -5.224630 0.566731 2.956312
v -5.499519 0.514714 2.956309
v -5.499586 0.514714 8.459579
v -5.499519 0.566731 2.956309
v -5.499586 0.566731 8.459579
v -5.224697 0.566731 8.459582
v -2.610473 0.514714 5.845426
v -8.113745 0.514713 5.845357
v -2.610473 0.566731 5.845426
v -2.610470 0.514714 5.570536
v -8.113740 0.514713 5.570467
v -2.610470 0.566731 5.570536
v -8.113740 0.566730 5.570467
v -8.113745 0.566730 5.845357
v -1.418193 0.658685 1.931391
v -5.296967 0.658685 5.810069
v -1.418193 0.764822 1.931391
v -1.585455 0.658685 1.764124
v -5.464229 0.658685 5.642802
v -1.585455 0.764822 1.764124
v -5.464229 0.764822 5.642802
v -5.296967 0.764822 5.810069
v 1.216178 -1.126806 2.432202
v 0.721530 -1.517314 3.735440
v 1.393568 -0.761472 3.416264
v 1.062427 -1.416992 1.284387
v 1.151554 -1.511352 0.001606
v 1.773187 -0.814358 1.552645
v 0.769006 -1.508324 1.552631
v -0.000023 -1.644417 1.786165
v 0.810336 -1.644417 0.001601
v 0.000000 -1.627810 0.001591
v 0.769046 -1.508300 -1.250991
v 0.000017 -1.524096 -1.406440
v 0.721615 -1.314655 -3.172896
v 1.062453 -1.416992 -0.793229
v 1.216235 -1.126806 -2.169973
v 1.773219 -0.814358 -1.061467
v 1.901748 -0.000051 -1.295009
v 1.901733 -0.858101 0.001614
v 1.393649 -0.764115 -3.172887
v 1.482768 -0.000051 -3.676667
v 1.115161 -0.814358 -4.030153
v 0.000055 -0.858101 -4.417957
v 0.665676 0.996845 -5.596287
v 0.000080 1.052863 -6.482753
v 1.152422 1.058520 -4.541055
v 0.000062 1.306597 -4.993111
v 0.721615 1.475618 -3.172897
v 1.393650 0.764013 -3.172888
v 1.216234 1.287769 -2.169972
v 1.773219 0.814256 -1.061467
v 1.901732 0.857999 0.001614
v 1.393620 1.475618 -0.793224
v 1.482722 1.569977 0.001609
v 0.769038 1.877565 -1.061479
v 0.000016 2.013659 -1.295033
v 0.810336 2.013659 0.001601
v -0.000000 2.162215 0.001591
v 0.769006 1.877565 1.552631
v -0.000022 2.013659 1.786165
v 0.721533 1.475618 3.435112
v 1.393594 1.475618 1.284391
v 1.216178 1.287769 2.432202
v 1.773187 0.814256 1.552645
v 1.901711 -0.000051 1.786188
v 1.393569 0.764013 3.435121
v 1.482674 0.002591 3.920045
v 0.768969 0.827370 4.556607
v 0.657040 -0.823277 5.909947
v -0.000063 0.772034 5.132206
v -0.000074 -0.816087 5.986676
v -0.769082 0.827370 4.556589
v -0.000049 1.569977 3.938882
v -0.721620 1.475618 3.435095
v -1.216239 1.287769 2.432171
v -0.769045 1.877565 1.552613
v -0.810337 2.013659 0.001581
v -1.393627 1.475618 1.284357
v -1.482723 1.569977 0.001573
v -1.773226 0.814256 1.552600
v -1.901755 -0.000051 1.786142
v -1.901733 0.857999 0.001568
v -1.393653 0.764013 3.435086
v -1.482772 -0.000051 3.938865
v -1.393653 -0.764115 3.435086
v -0.657186 -0.823277 5.909931
v -0.769093 -1.413337 5.458558
v -0.000072 -1.392976 5.794677
v -0.721623 -1.517314 3.735422
v -1.216239 -1.126806 2.432172
v -0.000050 -1.592839 4.035476
v -0.769045 -1.508324 1.552613
v -0.810337 -1.644417 0.001581
v -1.062459 -1.416992 1.284361
v -1.151555 -1.511352 0.001577
v -1.773226 -0.814358 1.552600
v -1.901733 -0.858101 0.001568
v -2.042029 -0.000051 0.001566
v -1.773194 -0.814358 -1.061512
v -1.901717 -0.000051 -1.295056
v -1.393573 -0.764115 -3.172921
v -1.062433 -1.416992 -0.793255
v -1.216182 -1.126806 -2.170003
v -0.769010 -1.508324 -1.250983
v -0.721538 -1.314655 -3.172913
v 0.000043 -1.206778 -3.488908
v -1.115062 -0.814358 -4.030180
v -0.665539 0.996845 -5.596303
v -1.152311 1.058520 -4.541082
v -1.482678 -0.000051 -3.676701
v -1.393573 0.764013 -3.172921
v -1.216182 1.287769 -2.170003
v -1.773194 0.814256 -1.061512
v -1.393601 1.475618 -0.793258
v -0.769013 1.877565 -1.061499
v -0.721538 1.475618 -3.172913
v 0.000045 1.569977 -3.676682
v 0.768958 -1.413337 5.458577
v 2.042028 -0.000051 0.001617
v 1.588837 -0.758554 1.760667
v 5.467515 -0.758554 5.639441
v 1.588837 -0.652417 1.760667
v 1.421572 -0.758554 1.927929
v 5.300250 -0.758554 5.806701
v 1.421572 -0.652417 1.927929
v 5.300250 -0.652417 5.806701
v 5.467515 -0.652417 5.639441
v 7.455311 0.346342 7.794550
v 7.475200 0.000001 7.814438
v 7.007421 0.346342 8.162115
v 7.308745 0.613247 7.647981
v 7.822885 0.346342 7.346669
v 7.650543 0.613247 7.231512
v 7.846267 0.000001 7.362294
v 8.096020 0.346342 6.835684
v 7.904524 0.613247 6.756361
v 8.122002 0.000001 6.846448
v 8.264218 0.346342 6.281231
v 8.060927 0.613247 6.240792
v 8.291802 0.000001 6.286718
v 8.321016 0.346342 5.704618
v 8.113743 0.613247 5.704616
v 8.349142 0.000001 5.704622
v 8.264234 0.346342 5.128005
v 8.060941 0.613247 5.168438
v 8.291819 0.000001 5.122520
v 8.096049 0.346342 4.573549
v 7.904549 0.613247 4.652866
v 8.122032 0.000001 4.562787
v 7.822926 0.346342 4.062557
v 7.650581 0.613247 4.177711
v 7.846311 0.000001 4.046933
v 7.455362 0.346342 3.614667
v 7.308793 0.613247 3.761230
v 7.475249 0.000001 3.594781
v 7.007482 0.346342 3.247092
v 6.892323 0.613247 3.419432
v 7.023107 0.000001 3.223708
v 6.496495 0.346341 2.973956
v 6.417173 0.613247 3.165451
v 6.507261 0.000000 2.947973
v 5.942044 0.346341 2.805758
v 5.901604 0.613246 3.009049
v 5.947532 0.000000 2.778174
v 5.365430 0.346341 2.748958
v 5.365427 0.613246 2.956233
v 5.365432 0.000000 2.720834
v 4.788817 0.346341 2.805742
v 4.829251 0.613246 3.009036
v 4.783332 0.000000 2.778159
v 4.234360 0.346341 2.973927
v 4.313678 0.613246 3.165426
v 4.223599 0.000000 2.947943
v 3.723368 0.346341 3.247050
v 3.838522 0.613246 3.419394
v 3.707744 0.000000 3.223665
v 3.275478 0.346341 3.614614
v 3.422041 0.613246 3.761182
v 3.255593 0.000000 3.594727
v 2.907904 0.346341 4.062495
v 3.080244 0.613246 4.177654
v 2.884519 0.000000 4.046870
v 2.634768 0.346341 4.573481
v 2.826265 0.613246 4.652803
v 2.608784 0.000000 4.562716
v 2.466570 0.346341 5.127934
v 2.669860 0.613246 5.168373
v 2.438984 0.000000 5.122444
v 2.409770 0.346341 5.704545
v 2.617044 0.613246 5.704549
v 2.381644 0.000000 5.704545
v 2.466554 0.346341 6.281159
v 2.669847 0.613246 6.240726
v 2.438970 0.000000 6.286645
v 2.634740 0.346341 6.835616
v 2.826236 0.613246 6.756300
v 2.608754 0.000000 6.846378
v 2.907861 0.346341 7.346608
v 3.080206 0.613246 7.231455
v 2.884477 0.000000 7.362234
v 3.275427 0.346341 7.794497
v 3.421993 0.613246 7.647934
v 3.255539 0.000000 7.814386
v 3.723305 0.346341 8.162073
v 3.838465 0.613246 7.989733
v 3.707682 0.000000 8.185459
v 4.234292 0.346341 8.435210
v 4.313614 0.613246 8.243713
v 4.223527 0.000000 8.461194
v 4.788746 0.346341 8.603409
v 4.829184 0.613246 8.400116
v 4.783257 0.000000 8.630993
v 5.365358 0.346341 8.660206
v 5.365361 0.613246 8.452933
v 5.365358 0.000000 8.688334
v 5.941972 0.346341 8.603422
v 5.901537 0.613246 8.400129
v 5.947458 0.000000 8.631007
v 6.496428 0.346341 8.435238
v 6.417111 0.613247 8.243739
v 6.507193 0.000000 8.461223
v 6.496429 -0.346341 8.435238
v 7.023046 0.000001 8.185499
v 7.007421 -0.346340 8.162115
v 6.892266 -0.613245 7.989771
v 7.455311 -0.346340 7.794550
v 7.308745 -0.613245 7.647981
v 7.822885 -0.346340 7.346669
v 7.650543 -0.613245 7.231512
v 8.096020 -0.346340 6.835684
v 7.904524 -0.613245 6.756361
v 8.264218 -0.346340 6.281231
v 8.060927 -0.613245 6.240792
v 8.321016 -0.346340 5.704618
v 8.113743 -0.613245 5.704616
v 8.264234 -0.346340 5.128005
v 8.060941 -0.613245 5.168438
v 8.096049 -0.346340 4.573549
v 7.904550 -0.613245 4.652866
v 7.822926 -0.346340 4.062557
v 7.650581 -0.613245 4.177711
v 7.455362 -0.346340 3.614667
v 7.308794 -0.613245 3.761230
v 7.007482 -0.346340 3.247092
v 6.892323 -0.613245 3.419432
v 6.496495 -0.346341 2.973956
v 6.417173 -0.613246 3.165451
v 5.942044 -0.346341 2.805758
v 5.901604 -0.613246 3.009049
v 5.365430 -0.346341 2.748958
v 5.365428 -0.613246 2.956233
v 4.788817 -0.346341 2.805742
v 4.829251 -0.613246 3.009036
v 4.234360 -0.346341 2.973927
v 4.313678 -0.613246 3.165426
v 3.723368 -0.346341 3.247050
v 3.838522 -0.613246 3.419394
v 3.275478 -0.346341 3.614614
v 3.422041 -0.613246 3.761182
v 2.907904 -0.346341 4.062495
v 3.080245 -0.613246 4.177654
v 2.634768 -0.346341 4.573481
v 2.826265 -0.613246 4.652803
v 2.466570 -0.346341 5.127934
v 2.669860 -0.613246 5.168373
v 2.409771 -0.346341 5.704545
v 2.617045 -0.613246 5.704549
v 2.466554 -0.346341 6.281159
v 2.669847 -0.613246 6.240726
v 2.634740 -0.346341 6.835616
v 2.826236 -0.613246 6.756300
v 2.907861 -0.346341 7.346608
v 3.080206 -0.613246 7.231455
v 3.275427 -0.346341 7.794497
v 3.421993 -0.613246 7.647934
v 3.723305 -0.346341 8.162073
v 3.838465 -0.613246 7.989733
v 4.234292 -0.346341 8.435210
v 4.313614 -0.613246 8.243713
v 4.788746 -0.346341 8.603409
v 4.829184 -0.613246 8.400116
v 5.365358 -0.346341 8.660206
v 5.365361 -0.613246 8.452933
v 5.941972 -0.346341 8.603422
v 5.901537 -0.613246 8.400129
v 6.417111 -0.613246 8.243739
v 6.892266 0.613247 7.989771
v 2.613759 -0.554476 5.567102
v 8.117029 -0.554475 5.567170
v 2.613759 -0.502459 5.567102
v 2.613756 -0.554476 5.841991
v 8.117025 -0.554475 5.842058
v 2.613756 -0.502459 5.841991
v 8.117025 -0.502458 5.842058
v 8.117029 -0.502458 5.567170
v 5.502873 -0.554476 2.952946
v 5.502804 -0.554476 8.456217
v 5.502873 -0.502459 2.952946
v 5.227983 -0.554476 2.952944
v 5.227913 -0.554476 8.456214
v 5.227983 -0.502459 2.952944
v 5.227913 -0.502459 8.456214
v 5.502804 -0.502459 8.456217
v 2.613759 0.514714 5.567102
v 8.117029 0.514715 5.567170
v 2.613759 0.566731 5.567102
v 2.613756 0.514714 5.841991
v 8.117025 0.514715 5.842058
v 2.613756 0.566731 5.841991
v 8.117025 0.566732 5.842058
v 8.117029 0.566732 5.567170
v 5.502872 0.514714 2.952946
v 5.502804 0.514714 8.456217
v 5.502872 0.566731 2.952946
v 5.227983 0.514714 2.952944
v 5.227913 0.514714 8.456214
v 5.227983 0.566731 2.952944
v 5.227913 0.566731 8.456214
v 5.502804 0.566731 8.456217
v 1.588837 0.658685 1.760666
v 5.467515 0.658685 5.639441
v 1.588837 0.764822 1.760666
v 1.421571 0.658685 1.927927
v 5.300249 0.658685 5.806701
v 1.421571 0.764822 1.927927
v 5.300249 0.764822 5.806701
v 5.467515 0.764822 5.639441
v -1.588884 -0.758554 -1.979288
v -5.467562 -0.758554 -5.858063
v -1.588884 -0.652417 -1.979288
v -1.421618 -0.758554 -2.146551
v -5.300296 -0.758554 -6.025323
v -1.421618 -0.652417 -2.146551
v -5.300296 -0.652417 -6.025323
v -5.467562 -0.652417 -5.858063
v -7.455357 0.346340 -8.013173
v -7.475246 -0.000001 -8.033062
v -7.007468 0.346340 -8.380736
v -7.308792 0.613245 -7.866603
v -7.822930 0.346340 -7.565291
v -7.650589 0.613245 -7.450133
v -7.846313 -0.000001 -7.580916
v -8.096066 0.346340 -7.054306
v -7.904570 0.613245 -6.974983
v -8.122048 -0.000001 -7.065070
v -8.264265 0.346340 -6.499853
v -8.060974 0.613245 -6.459414
v -8.291848 -0.000001 -6.505342
v -8.321063 0.346340 -5.923241
v -8.113789 0.613245 -5.923239
v -8.349188 -0.000001 -5.923244
v -8.264281 0.346340 -5.346628
v -8.060987 0.613245 -5.387062
v -8.291864 -0.000001 -5.341144
v -8.096095 0.346340 -4.792171
v -7.904595 0.613245 -4.871489
v -8.122078 -0.000001 -4.781409
v -7.822972 0.346340 -4.281180
v -7.650628 0.613245 -4.396332
v -7.846357 -0.000001 -4.265556
v -7.455409 0.346340 -3.833290
v -7.308840 0.613245 -3.979853
v -7.475296 -0.000001 -3.813404
v -7.007527 0.346340 -3.465714
v -6.892368 0.613245 -3.638055
v -7.023154 -0.000001 -3.442331
v -6.496542 0.346341 -3.192578
v -6.417219 0.613246 -3.384074
v -6.507307 -0.000000 -3.166596
v -5.942091 0.346341 -3.024380
v -5.901650 0.613246 -3.227671
v -5.947578 -0.000000 -2.996797
v -5.365477 0.346341 -2.967581
v -5.365475 0.613246 -3.174856
v -5.365479 -0.000000 -2.939457
v -4.788864 0.346341 -3.024365
v -4.829297 0.613246 -3.227658
v -4.783378 -0.000000 -2.996781
v -4.234407 0.346341 -3.192550
v -4.313724 0.613246 -3.384049
v -4.223645 -0.000000 -3.166566
v -3.723415 0.346341 -3.465672
v -3.838569 0.613246 -3.638017
v -3.707791 -0.000000 -3.442288
v -3.275525 0.346341 -3.833238
v -3.422089 0.613246 -3.979804
v -3.255639 -0.000000 -3.813350
v -2.907950 0.346341 -4.281117
v -3.080291 0.613246 -4.396276
v -2.884566 -0.000000 -4.265492
v -2.634816 0.346341 -4.792102
v -2.826311 0.613246 -4.871426
v -2.608831 -0.000000 -4.781338
v -2.466617 0.346341 -5.346556
v -2.669908 0.613246 -5.386995
v -2.439031 -0.000000 -5.341066
v -2.409818 0.346341 -5.923169
v -2.617092 0.613246 -5.923172
v -2.381692 -0.000000 -5.923168
v -2.466602 0.346341 -6.499782
v -2.669894 0.613246 -6.459348
v -2.439017 -0.000000 -6.505268
v -2.634787 0.346341 -7.054237
v -2.826284 0.613246 -6.974922
v -2.608801 -0.000000 -7.065001
v -2.907908 0.346341 -7.565230
v -3.080253 0.613246 -7.450077
v -2.884523 -0.000000 -7.580856
v -3.275473 0.346341 -8.013120
v -3.422041 0.613246 -7.866557
v -3.255586 -0.000000 -8.033010
v -3.723352 0.346341 -8.380695
v -3.838513 0.613246 -8.208355
v -3.707728 -0.000000 -8.404081
v -4.234338 0.346341 -8.653831
v -4.313662 0.613246 -8.462336
v -4.223574 -0.000000 -8.679816
v -4.788792 0.346341 -8.822031
v -4.829232 0.613246 -8.618738
v -4.783304 -0.000000 -8.849615
v -5.365404 0.346341 -8.878828
v -5.365407 0.613246 -8.671555
v -5.365404 -0.000000 -8.906956
v -5.942018 0.346341 -8.822044
v -5.901584 0.613246 -8.618752
v -5.947505 -0.000000 -8.849629
v -6.496476 0.346341 -8.653860
v -6.417158 0.613246 -8.462360
v -6.507239 -0.000000 -8.679845
v -6.496476 -0.346341 -8.653860
v -7.023092 -0.000001 -8.404121
v -7.007468 -0.346342 -8.380736
v -6.892313 -0.613247 -8.208392
v -7.455357 -0.346342 -8.013173
v -7.308792 -0.613247 -7.866603
v -7.822930 -0.346342 -7.565291
v -7.650589 -0.613247 -7.450133
v -8.096066 -0.346342 -7.054306
v -7.904570 -0.613247 -6.974983
v -8.264265 -0.346342 -6.499853
v -8.060974 -0.613247 -6.459414
v -8.321063 -0.346342 -5.923241
v -8.113789 -0.613247 -5.923239
v -8.264281 -0.346342 -5.346628
v -8.060987 -0.613247 -5.387062
v -8.096095 -0.346342 -4.792171
v -7.904595 -0.613247 -4.871489
v -7.822972 -0.346342 -4.281180
v -7.650628 -0.613247 -4.396332
v -7.455409 -0.346342 -3.833290
v -7.308840 -0.613247 -3.979853
v -7.007527 -0.346342 -3.465714
v -6.892368 -0.613247 -3.638055
v -6.496542 -0.346341 -3.192578
v -6.417219 -0.613247 -3.384074
v -5.942091 -0.346341 -3.024380
v -5.901650 -0.613246 -3.227671
v -5.365477 -0.346341 -2.967581
v -5.365475 -0.613246 -3.174856
v -4.788864 -0.346341 -3.024365
v -4.829297 -0.613246 -3.227658
v -4.234407 -0.346341 -3.192550
v -4.313724 -0.613246 -3.384049
v -3.723415 -0.346341 -3.465672
v -3.838569 -0.613246 -3.638017
v -3.275525 -0.346341 -3.833238
v -3.422089 -0.613246 -3.979804
v -2.907950 -0.346341 -4.281117
v -3.080291 -0.613246 -4.396276
v -2.634816 -0.346341 -4.792102
v -2.826311 -0.613246 -4.871426
v -2.466617 -0.346341 -5.346556
v -2.669908 -0.613246 -5.386995
v -2.409818 -0.346341 -5.923169
v -2.617092 -0.613246 -5.923172
v -2.466602 -0.346341 -6.499782
v -2.669894 -0.613246 -6.459348
v -2.634787 -0.346341 -7.054237
v -2.826284 -0.613246 -6.974922
v -2.907908 -0.346341 -7.565230
v -3.080253 -0.613246 -7.450077
v -3.275473 -0.346341 -8.013120
v -3.422041 -0.613246 -7.866557
v -3.723352 -0.346341 -8.380695
v -3.838512 -0.613246 -8.208355
v -4.234338 -0.346341 -8.653831
v -4.313662 -0.613246 -8.462336
v -4.788792 -0.346341 -8.822031
v -4.829232 -0.613246 -8.618738
v -5.365404 -0.346341 -8.878828
v -5.365407 -0.613246 -8.671555
v -5.942018 -0.346341 -8.822044
v -5.901584 -0.613246 -8.618752
v -6.417158 -0.613247 -8.462360
v -6.892313 0.613245 -8.208392
v -2.613806 -0.554476 -5.785725
v -8.117076 -0.554477 -5.785792
v -2.613806 -0.502459 -5.785725
v -2.613803 -0.554476 -6.060615
v -8.117070 -0.554477 -6.060680
v -2.613803 -0.502459 -6.060615
v -8.117070 -0.502460 -6.060680
v -8.117076 -0.502460 -5.785792
v -5.502919 -0.554476 -3.171569
v -5.502850 -0.554476 -8.674839
v -5.502919 -0.502459 -3.171569
v -5.228029 -0.554476 -3.171567
v -5.227960 -0.554476 -8.674835
v -5.228029 -0.502459 -3.171567
v -5.227960 -0.502459 -8.674835
v -5.502850 -0.502459 -8.674839
v -2.613806 0.514714 -5.785725
v -8.117076 0.514713 -5.785792
v -2.613806 0.566731 -5.785725
v -2.613803 0.514714 -6.060615
v -8.117071 0.514713 -6.060680
v -2.613803 0.566731 -6.060615
v -8.117071 0.566730 -6.060680
v -8.117076 0.566730 -5.785792
v -5.502919 0.514714 -3.171569
v -5.502850 0.514714 -8.674839
v -5.502919 0.566731 -3.171569
v -5.228029 0.514714 -3.171567
v -5.227960 0.514714 -8.674835
v -5.228029 0.566731 -3.171567
v -5.227960 0.566731 -8.674835
v -5.502850 0.566731 -8.674839
v -1.588885 0.658685 -1.979289
v -5.467563 0.658685 -5.858063
v -1.588885 0.764822 -1.979289
v -1.421619 0.658685 -2.146551
v -5.300297 0.658685 -6.025324
v -1.421619 0.764822 -2.146551
v -5.300297 0.764822 -6.025324
v -5.467563 0.764822 -5.858063
v 1.418195 -0.758554 -2.149976
v 5.296968 -0.758554 -6.028654
v 1.418195 -0.652417 -2.149976
v 1.585457 -0.758554 -1.982709
v 5.464231 -0.758554 -5.861387
v 1.585457 -0.652417 -1.982709
v 5.464231 -0.652417 -5.861387
v 5.296968 -0.652417 -6.028654
v 2.610475 0.514714 -6.064010
v 8.113747 0.514715 -6.063941
v 2.610475 0.566731 -6.064010
v 2.610472 0.514714 -5.789121
v 8.113742 0.514715 -5.789051
v 2.610472 0.566731 -5.789121
v 8.113742 0.566732 -5.789051
v 8.113747 0.566732 -6.063941
v 7.452079 0.346342 -8.016448
v 7.471968 0.000001 -8.036337
v 7.819643 0.346342 -7.568559
v 7.305510 0.613247 -7.869883
v 7.004197 0.346342 -8.384022
v 6.889040 0.613247 -8.211680
v 7.019823 0.000001 -8.407405
v 6.493213 0.346341 -8.657158
v 6.413889 0.613247 -8.465662
v 6.503977 0.000000 -8.683141
v 5.938760 0.346341 -8.825356
v 5.898320 0.613246 -8.622066
v 5.944248 0.000000 -8.852940
v 5.362148 0.346341 -8.882154
v 5.362144 0.613246 -8.674881
v 5.362151 0.000000 -8.910280
v 4.785534 0.346341 -8.825372
v 4.825967 0.613246 -8.622079
v 4.780049 0.000000 -8.852956
v 4.231077 0.346341 -8.657187
v 4.310394 0.613246 -8.465687
v 4.220316 0.000000 -8.683170
v 3.720085 0.346341 -8.384063
v 3.835239 0.613246 -8.211719
v 3.704462 0.000000 -8.407449
v 3.272196 0.346341 -8.016500
v 3.418759 0.613246 -7.869932
v 3.252309 0.000000 -8.036388
v 2.904620 0.346341 -7.568620
v 3.076961 0.613246 -7.453460
v 2.881236 0.000000 -7.584244
v 2.631484 0.346341 -7.057633
v 2.822980 0.613246 -6.978310
v 2.605501 0.000000 -7.068398
v 2.463286 0.346341 -6.503182
v 2.666577 0.613246 -6.462742
v 2.435703 0.000000 -6.508669
v 2.406487 0.346341 -5.926569
v 2.613762 0.613246 -5.926567
v 2.378362 0.000000 -5.926570
v 2.463272 0.346341 -5.349956
v 2.666564 0.613246 -5.390389
v 2.435688 0.000000 -5.344470
v 2.631456 0.346341 -4.795498
v 2.822955 0.613246 -4.874816
v 2.605472 0.000000 -4.784736
v 2.904578 0.346341 -4.284506
v 3.076923 0.613246 -4.399659
v 2.881193 0.000000 -4.268882
v 3.272142 0.346341 -3.836617
v 3.418710 0.613246 -3.983180
v 3.252255 0.000000 -3.816731
v 3.720023 0.346341 -3.469042
v 3.835182 0.613246 -3.641382
v 3.704398 0.000000 -3.445658
v 4.231008 0.346341 -3.195907
v 4.310332 0.613246 -3.387402
v 4.220244 0.000000 -3.169921
v 4.785461 0.346341 -3.027708
v 4.825901 0.613246 -3.230998
v 4.779972 0.000000 -3.000122
v 5.362075 0.346341 -2.970909
v 5.362078 0.613246 -3.178183
v 5.362073 0.000000 -2.942783
v 5.938687 0.346341 -3.027693
v 5.898254 0.613246 -3.230985
v 5.944174 0.000000 -3.000108
v 6.493145 0.346341 -3.195877
v 6.413828 0.613247 -3.387375
v 6.503907 0.000000 -3.169892
v 7.004136 0.346342 -3.468999
v 6.888983 0.613247 -3.641344
v 7.019763 0.000001 -3.445615
v 7.452026 0.346342 -3.836565
v 7.305462 0.613247 -3.983132
v 7.471915 0.000001 -3.816678
v 7.819603 0.346342 -4.284443
v 7.647261 0.613247 -4.399603
v 7.842988 0.000001 -4.268819
v 8.092738 0.346342 -4.795429
v 7.901241 0.613247 -4.874751
v 8.118722 0.000001 -4.784665
v 8.260938 0.346342 -5.349882
v 8.057645 0.613247 -5.390322
v 8.288521 0.000001 -5.344395
v 8.317735 0.346342 -5.926496
v 8.110461 0.613247 -5.926499
v 8.345861 0.000001 -5.926496
v 8.260950 0.346342 -6.503109
v 8.057657 0.613247 -6.462676
v 8.288535 0.000001 -6.508595
v 8.092766 0.346342 -7.057566
v 7.901268 0.613247 -6.978248
v 8.118752 0.000001 -7.068331
v 8.092766 -0.346340 -7.057566
v 7.843028 0.000001 -7.584184
v 7.819643 -0.346340 -7.568559
v 7.647298 -0.613245 -7.453405
v 7.452079 -0.346340 -8.016448
v 7.305510 -0.613245 -7.869883
v 7.004197 -0.346340 -8.384022
v 6.889040 -0.613245 -8.211680
v 6.493213 -0.346341 -8.657158
v 6.413889 -0.613246 -8.465662
v 5.938760 -0.346341 -8.825356
v 5.898320 -0.613246 -8.622066
v 5.362148 -0.346341 -8.882154
v 5.362144 -0.613246 -8.674881
v 4.785534 -0.346341 -8.825372
v 4.825967 -0.613246 -8.622079
v 4.231077 -0.346341 -8.657187
v 4.310394 -0.613246 -8.465687
v 3.720086 -0.346341 -8.384063
v 3.835240 -0.613246 -8.211719
v 3.272196 -0.346341 -8.016500
v 3.418759 -0.613246 -7.869932
v 2.904620 -0.346341 -7.568620
v 3.076961 -0.613246 -7.453460
v 2.631484 -0.346341 -7.057633
v 2.822980 -0.613246 -6.978310
v 2.463286 -0.346341 -6.503182
v 2.666577 -0.613246 -6.462742
v 2.406487 -0.346341 -5.926569
v 2.613762 -0.613246 -5.926567
v 2.463272 -0.346341 -5.349956
v 2.666564 -0.613246 -5.390389
v 2.631456 -0.346341 -4.795498
v 2.822955 -0.613246 -4.874816
v 2.904578 -0.346341 -4.284506
v 3.076923 -0.613246 -4.399659
v 3.272142 -0.346341 -3.836617
v 3.418710 -0.613246 -3.983180
v 3.720023 -0.346341 -3.469042
v 3.835182 -0.613246 -3.641382
v 4.231008 -0.346341 -3.195907
v 4.310332 -0.613246 -3.387402
v 4.785461 -0.346341 -3.027708
v 4.825901 -0.613246 -3.230998
v 5.362075 -0.346341 -2.970909
v 5.362078 -0.613246 -3.178183
v 5.938687 -0.346341 -3.027693
v 5.898254 -0.613246 -3.230985
v 6.493145 -0.346341 -3.195877
v 6.413828 -0.613246 -3.387375
v 7.004136 -0.346340 -3.468999
v 6.888983 -0.613245 -3.641344
v 7.452026 -0.346340 -3.836565
v 7.305462 -0.613245 -3.983132
v 7.819603 -0.346340 -4.284443
v 7.647261 -0.613245 -4.399603
v 8.092738 -0.346340 -4.795429
v 7.901241 -0.613245 -4.874751
v 8.260938 -0.346340 -5.349882
v 8.057645 -0.613245 -5.390322
v 8.317735 -0.346340 -5.926496
v 8.110461 -0.613245 -5.926499
v 8.260950 -0.346340 -6.503109
v 8.057657 -0.613245 -6.462676
v 7.901268 -0.613245 -6.978248
v 7.647298 0.613247 -7.453405
v 5.224630 -0.554476 -3.174897
v 5.224698 -0.554476 -8.678166
v 5.224630 -0.502459 -3.174897
v 5.499520 -0.554476 -3.174894
v 5.499587 -0.554476 -8.678164
v 5.499520 -0.502459 -3.174894
v 5.499587 -0.502459 -8.678164
v 5.224698 -0.502459 -8.678166
v 2.610475 -0.554476 -6.064011
v 8.113746 -0.554475 -6.063942
v 2.610475 -0.502459 -6.064011
v 2.610472 -0.554476 -5.789121
v 8.113742 -0.554475 -5.789051
v 2.610472 -0.502459 -5.789121
v 8.113742 -0.502458 -5.789051
v 8.113746 -0.502458 -6.063942
v 5.224630 0.514714 -3.174897
v 5.224698 0.514714 -8.678166
v 5.224630 0.566731 -3.174897
v 5.499520 0.514714 -3.174894
v 5.499587 0.514714 -8.678164
v 5.499520 0.566731 -3.174894
v 5.499587 0.566731 -8.678164
v 5.224698 0.566731 -8.678166
v 1.418194 0.658685 -2.149976
v 5.296968 0.658685 -6.028654
v 1.418194 0.764822 -2.149976
v 1.585456 0.658685 -1.982709
v 5.464231 0.658685 -5.861387
v 1.585456 0.764822 -1.982709
v 5.464231 0.764822 -5.861387
v 5.296968 0.764822 -6.028654
vn 0.8165 0.5773 -0.0000
vn -0.0000 -0.5773 0.8165
vn 0.8165 -0.5774 -0.0000
vn -0.8165 -0.5774 -0.0000
vn -0.0000 0.5774 -0.8165
vn -0.0000 -0.5773 -0.8165
vn -0.8165 0.5773 -0.0000
vn -0.0000 0.5774 0.8165
vn -0.7071 -0.0000 0.7071
vn -0.7769 0.3564 0.5191
vn -0.8315 -0.0000 0.5556
vn -0.5556 -0.0000 0.8315
vn -0.6607 0.3564 0.6607
vn 0.1905 0.9630 -0.1905
vn -0.5191 0.3564 0.7769
vn 0.1031 0.9630 -0.2489
vn -0.3576 0.3564 0.8632
vn -0.3827 -0.0000 0.9239
vn 0.0525 0.9630 -0.2642
vn -0.1823 0.3564 0.9164
vn -0.1951 -0.0000 0.9808
vn -0.0000 0.9630 -0.2694
vn -0.0000 0.3564 0.9344
vn -0.0000 -0.0000 1.0000
vn -0.0526 0.9630 -0.2642
vn 0.1823 0.3564 0.9164
vn 0.1951 -0.0000 0.9808
vn 0.3576 0.3564 0.8632
vn 0.3827 -0.0000 0.9239
vn 0.5191 0.3564 0.7769
vn -0.1031 0.9630 -0.2488
vn 0.5556 -0.0000 0.8315
vn 0.6607 0.3564 0.6607
vn -0.1497 0.9630 -0.2240
vn 0.7071 -0.0000 0.7071
vn 0.7769 0.3564 0.5191
vn -0.1905 0.9630 -0.1905
vn 0.8315 -0.0000 0.5556
vn 0.8632 0.3564 0.3576
vn -0.2240 0.9630 -0.1497
vn 0.9239 -0.0000 0.3827
vn 0.9164 0.3564 0.1823
vn -0.2489 0.9630 -0.1031
vn 0.9808 -0.0000 0.1951
vn -0.2694 0.9630 -0.0000
vn 0.9343 0.3564 -0.0000
vn 1.0000 -0.0000 -0.0000
vn 0.9164 0.3564 -0.1823
vn 0.9808 -0.0000 -0.1951
vn 0.8632 0.3564 -0.3575
vn -0.2642 0.9630 0.0526
vn 0.9239 -0.0000 -0.3827
vn 0.7769 0.3564 -0.5191
vn -0.2489 0.9630 0.1031
vn 0.8315 -0.0000 -0.5556
vn 0.6607 0.3564 -0.6607
vn -0.2240 0.9630 0.1497
vn 0.7071 -0.0000 -0.7071
vn 0.5191 0.3564 -0.7769
vn -0.1905 0.9630 0.1905
vn 0.5556 -0.0000 -0.8315
vn 0.3576 0.3564 -0.8632
vn -0.1497 0.9630 0.2240
vn 0.3827 -0.0000 -0.9239
vn -0.0526 0.9630 0.2642
vn 0.1823 0.3564 -0.9164
vn 0.1951 -0.0000 -0.9808
vn -0.0000 0.9630 0.2694
vn -0.0000 0.3564 -0.9343
vn -0.0000 -0.0000 -1.0000
vn -0.1823 0.3564 -0.9164
vn -0.1951 -0.0000 -0.9808
vn -0.3575 0.3564 -0.8632
vn 0.0526 0.9630 0.2642
vn -0.3827 -0.0000 -0.9239
vn -0.5191 0.3564 -0.7769
vn 0.1031 0.9630 0.2489
vn -0.5556 -0.0000 -0.8315
vn -0.6607 0.3564 -0.6607
vn 0.1497 0.9630 0.2240
vn -0.7071 -0.0000 -0.7071
vn -0.7769 0.3564 -0.5191
vn 0.1905 0.9630 0.1905
vn -0.8315 -0.0000 -0.5556
vn -0.8632 0.3564 -0.3576
vn 0.2240 0.9630 0.1497
vn -0.9239 -0.0000 -0.3827
vn 0.2642 0.9630 0.0526
vn -0.9164 0.3564 -0.1823
vn -0.9808 -0.0000 -0.1951
vn -0.9343 0.3564 -0.0000
vn -1.0000 -0.0000 -0.0000
vn -0.9164 0.3564 0.1823
vn 0.2694 0.9630 -0.0000
vn -0.9808 -0.0000 0.1951
vn -0.8632 0.3564 0.3575
vn 0.2642 0.9630 -0.0526
vn -0.9239 -0.0000 0.3827
vn 0.2488 0.9630 -0.1031
vn -0.8632 -0.3564 0.3575
vn -0.7769 -0.3564 0.5191
vn -0.9164 -0.3564 0.1823
vn -0.6607 -0.3564 0.6607
vn 0.1905 -0.9630 -0.1904
vn 0.2240 -0.9630 -0.1497
vn 0.2489 -0.9630 -0.1031
vn -0.5191 -0.3564 0.7769
vn 0.1497 -0.9630 -0.2240
vn -0.3576 -0.3564 0.8632
vn 0.1031 -0.9630 -0.2489
vn -0.1823 -0.3564 0.9164
vn 0.0526 -0.9630 -0.2642
vn -0.0000 -0.3564 0.9343
vn -0.0000 -0.9630 -0.2693
vn 0.1823 -0.3564 0.9164
vn -0.0525 -0.9630 -0.2642
vn 0.3576 -0.3564 0.8632
vn -0.1031 -0.9630 -0.2489
vn 0.5191 -0.3564 0.7769
vn -0.1496 -0.9630 -0.2239
vn 0.6607 -0.3564 0.6607
vn -0.1905 -0.9630 -0.1905
vn 0.7769 -0.3564 0.5191
vn -0.2240 -0.9630 -0.1497
vn 0.8632 -0.3564 0.3576
vn -0.2489 -0.9630 -0.1031
vn 0.9164 -0.3564 0.1823
vn -0.2642 -0.9630 -0.0526
vn 0.9343 -0.3564 -0.0000
vn -0.2694 -0.9630 -0.0000
vn 0.9164 -0.3564 -0.1823
vn -0.2642 -0.9630 0.0525
vn 0.8632 -0.3564 -0.3575
vn -0.2489 -0.9630 0.1031
vn 0.7769 -0.3564 -0.5191
vn -0.2240 -0.9630 0.1497
vn 0.6607 -0.3564 -0.6607
vn -0.1905 -0.9630 0.1905
vn 0.5191 -0.3564 -0.7769
vn -0.1497 -0.9630 0.2240
vn 0.3576 -0.3564 -0.8632
vn -0.1031 -0.9630 0.2489
vn 0.1823 -0.3564 -0.9164
vn -0.0526 -0.9630 0.2642
vn -0.0000 -0.3564 -0.9344
vn -0.0000 -0.9630 0.2694
vn -0.1823 -0.3564 -0.9164
vn 0.0525 -0.9630 0.2642
vn -0.3575 -0.3564 -0.8632
vn 0.1031 -0.9630 0.2489
vn -0.5191 -0.3564 -0.7769
vn 0.1497 -0.9630 0.2240
vn -0.6607 -0.3564 -0.6607
vn 0.1905 -0.9630 0.1905
vn -0.7769 -0.3564 -0.5191
vn 0.2240 -0.9630 0.1497
vn -0.8632 -0.3564 -0.3576
vn 0.2489 -0.9630 0.1031
vn -0.9164 -0.3564 -0.1823
vn 0.2642 -0.9630 0.0526
vn -0.9343 -0.3564 -0.0000
vn 0.2693 -0.9630 -0.0000
vn 0.2642 -0.9630 -0.0525
vn 0.2489 0.9630 0.1031
vn -0.1031 0.9630 0.2489
vn -0.2642 0.9630 -0.0526
vn 0.1497 0.9630 -0.2240
vn 0.2240 0.9630 -0.1497
vn 0.5774 0.5773 -0.5773
vn 0.5773 -0.5773 0.5774
vn 0.5774 -0.5774 -0.5773
vn -0.5774 -0.5774 0.5773
vn -0.5773 0.5774 -0.5773
vn -0.5773 -0.5773 -0.5774
vn -0.5774 0.5773 0.5773
vn 0.5773 0.5774 0.5773
vn 0.5773 0.5774 0.5774
vn -0.5774 -0.5773 0.5773
vn 0.5773 -0.5774 0.5774
vn -0.5773 -0.5774 -0.5774
vn 0.5773 0.5774 -0.5773
vn 0.5774 -0.5773 -0.5773
vn -0.5773 0.5774 -0.5774
vn -0.5774 0.5774 0.5773
vn 0.3056 -0.9499 0.0649
vn 0.6503 -0.7537 0.0952
vn 0.4545 -0.8899 0.0384
vn 0.8845 -0.4412 0.1518
vn 0.8549 -0.5038 0.1240
vn 0.5047 -0.8567 0.1067
vn 0.1821 -0.9831 -0.0174
vn 0.8709 -0.4910 -0.0211
vn 0.5200 -0.8537 -0.0295
vn -0.0000 -1.0000 -0.0013
vn -0.0000 -0.9986 0.0529
vn -0.0000 -0.9998 -0.0185
vn 0.2594 -0.9595 -0.1095
vn 0.5331 -0.8374 -0.1205
vn -0.0000 -0.9955 -0.0952
vn 0.2719 -0.9311 -0.2431
vn 0.6045 -0.7869 -0.1238
vn 0.8534 -0.5046 -0.1306
vn 0.8359 -0.5137 -0.1934
vn 0.9888 -0.0000 -0.1496
vn 0.9999 -0.0000 -0.0170
vn 0.6019 -0.6316 -0.4887
vn 0.9596 -0.0579 -0.2754
vn -0.0000 -0.9474 -0.3201
vn -0.0000 -0.7902 -0.6128
vn 0.7541 0.3318 -0.5668
vn -0.0000 0.9825 -0.1864
vn -0.0000 0.2248 -0.9744
vn 0.7780 0.5542 -0.2959
vn -0.0000 0.9802 -0.1980
vn 0.4712 0.8673 -0.1603
vn 0.8888 0.4375 -0.1368
vn 0.7153 0.6768 -0.1742
vn 0.9169 0.3701 -0.1493
vn 0.7166 0.6795 -0.1575
vn 0.9384 0.3449 -0.0217
vn 0.4041 0.9015 -0.1549
vn 0.3770 0.9259 -0.0226
vn -0.0000 0.9874 -0.1584
vn -0.0000 0.9998 -0.0181
vn 0.4066 0.9013 0.1496
vn 0.7182 0.6815 0.1407
vn 0.7240 0.6891 -0.0299
vn -0.0000 0.9874 0.1582
vn 0.5001 0.8185 0.2828
vn 0.7131 0.6741 0.1923
vn 0.9165 0.3729 0.1445
vn 0.8413 0.4629 0.2793
vn 0.9887 -0.0005 0.1500
vn 0.9439 0.0804 0.3203
vn 0.6084 0.5970 0.5228
vn 0.5511 0.0240 0.8341
vn -0.0000 0.6819 0.7314
vn -0.0000 0.0863 0.9963
vn -0.0000 0.9119 0.4103
vn -0.5502 0.0238 0.8347
vn -0.6068 0.5985 0.5231
vn -0.5001 0.8185 0.2828
vn -0.4066 0.9013 0.1496
vn -0.7132 0.6741 0.1923
vn -0.7182 0.6815 0.1407
vn -0.8408 0.4647 0.2778
vn -0.3770 0.9259 -0.0226
vn -0.7240 0.6891 -0.0299
vn -0.9165 0.3729 0.1445
vn -0.9384 0.3449 -0.0217
vn -0.9888 -0.0000 0.1492
vn -0.9431 0.0835 0.3219
vn -0.9999 -0.0000 -0.0170
vn -0.8841 -0.4425 0.1506
vn -0.8549 -0.5040 0.1233
vn -0.5958 -0.7023 0.3897
vn -0.0000 -0.7572 0.6532
vn -0.4536 -0.8904 0.0384
vn -0.6487 -0.7553 0.0939
vn -0.3056 -0.9499 0.0649
vn -0.5047 -0.8567 0.1067
vn -0.1821 -0.9831 -0.0174
vn -0.8709 -0.4910 -0.0211
vn -0.5200 -0.8537 -0.0295
vn -0.8534 -0.5046 -0.1306
vn -0.5332 -0.8374 -0.1205
vn -0.9887 -0.0000 -0.1496
vn -0.8359 -0.5137 -0.1934
vn -0.6045 -0.7869 -0.1238
vn -0.2594 -0.9595 -0.1095
vn -0.2719 -0.9311 -0.2431
vn -0.6018 -0.6316 -0.4887
vn -0.9596 -0.0579 -0.2754
vn -0.7541 0.3318 -0.5668
vn -0.7780 0.5542 -0.2959
vn -0.8887 0.4375 -0.1368
vn -0.4712 0.8673 -0.1603
vn -0.9169 0.3701 -0.1493
vn -0.7153 0.6768 -0.1742
vn -0.7166 0.6795 -0.1575
vn -0.4041 0.9015 -0.1549
vn 0.5968 -0.7016 0.3893
vn -0.0000 0.5773 -0.8165
vn 0.8165 -0.5773 -0.0000
vn -0.0000 -0.5774 -0.8165
vn -0.0000 -0.5774 0.8165
vn -0.8165 0.5774 -0.0000
vn -0.8165 -0.5773 -0.0000
vn -0.0000 0.5773 0.8165
vn 0.8165 0.5774 -0.0000
vn 0.8632 0.3564 -0.3576
vn -0.2488 0.9630 0.1031
vn -0.0000 0.3564 -0.9344
vn -0.9344 0.3564 -0.0000
vn 0.2489 0.9630 -0.1031
vn -0.0000 0.3564 0.9343
vn 0.3575 0.3564 0.8632
vn 0.3575 -0.3564 0.8632
vn -0.1497 -0.9630 -0.2240
vn -0.2693 -0.9630 -0.0000
vn 0.8632 -0.3564 -0.3576
vn -0.2240 -0.9630 0.1496
vn -0.9344 -0.3564 -0.0000
vn 0.2694 -0.9630 -0.0000
vn 0.1905 -0.9630 -0.1905
vn -0.5773 0.5773 -0.5774
vn -0.5773 0.5774 0.5773
vn 0.5773 0.5773 0.5774
vn 0.2642 0.9630 0.0525
vn -0.8632 0.3564 0.3576
vn 0.0526 0.9630 -0.2642
vn -0.1031 0.9630 -0.2489
vn -0.0525 0.9630 0.2642
vn -0.3576 0.3564 -0.8632
vn 0.1031 0.9630 0.2488
vn -0.8632 -0.3564 0.3576
vn 0.2240 -0.9630 -0.1496
vn -0.0000 -0.3564 0.9344
vn -0.0000 -0.9630 -0.2694
vn -0.0000 -0.3564 -0.9343
vn -0.0000 -0.9630 0.2693
vn 0.5774 0.5774 -0.5773
vn -0.3576 -0.3564 -0.8632
vn 0.1496 -0.9630 0.2240
vt 0.020194 0.336914
vt 0.178211 0.184896
vt 0.023194 0.339913
vt 0.184896 0.178211
vt 0.333228 0.339913
vt 0.026879 0.020194
vt 0.017195 0.023880
vt 0.023880 0.017195
vt 0.181896 0.175212
vt 0.339913 0.023194
vt 0.175212 0.181896
vt 0.149770 0.044261
vt 0.126503 0.058148
vt 0.126393 0.044261
vt 0.044261 0.148468
vt 0.030374 0.125201
vt 0.044261 0.125091
vt 0.148848 0.071629
vt 0.149660 0.058148
vt 0.030374 0.148358
vt 0.016892 0.126013
vt 0.071629 0.417739
vt 0.058148 0.440084
vt 0.058148 0.416927
vt 0.044261 0.416817
vt 0.044261 0.440194
vt 0.205771 0.482857
vt 0.192290 0.505201
vt 0.192290 0.482045
vt 0.178403 0.481935
vt 0.178403 0.505312
vt 0.296936 0.665186
vt 0.283454 0.687530
vt 0.283454 0.664374
vt 0.269567 0.664264
vt 0.269567 0.687640
vt 0.140339 0.270850
vt 0.162683 0.284332
vt 0.139527 0.284332
vt 0.139417 0.298219
vt 0.162794 0.298219
vt 0.684925 0.404573
vt 0.662581 0.418054
vt 0.661769 0.404573
vt 0.685036 0.390686
vt 0.661659 0.390686
vt 0.567714 0.335548
vt 0.545370 0.349030
vt 0.544558 0.335548
vt 0.567824 0.321661
vt 0.544447 0.321661
vt 0.058148 0.183807
vt 0.071629 0.206151
vt 0.058148 0.206963
vt 0.044261 0.207074
vt 0.044261 0.183697
vt 0.153219 0.422137
vt 0.166701 0.444481
vt 0.153219 0.445293
vt 0.139332 0.422026
vt 0.139332 0.445403
vt 0.507806 0.395456
vt 0.485462 0.408938
vt 0.484650 0.395456
vt 0.507916 0.381569
vt 0.484539 0.381569
vt 0.397106 0.554343
vt 0.374762 0.567824
vt 0.373950 0.554343
vt 0.397216 0.540456
vt 0.373840 0.540456
vt 0.355541 0.605278
vt 0.342060 0.627622
vt 0.342060 0.604466
vt 0.328173 0.604356
vt 0.328173 0.627732
vt 0.343710 0.131079
vt 0.321366 0.144561
vt 0.320554 0.131079
vt 0.343820 0.117192
vt 0.320443 0.117192
vt 0.515620 0.058148
vt 0.493276 0.071629
vt 0.492464 0.058148
vt 0.515730 0.044261
vt 0.492353 0.044261
vt 0.403618 0.123265
vt 0.381274 0.136747
vt 0.380462 0.123265
vt 0.403728 0.109378
vt 0.380351 0.109378
vt 0.463526 0.183173
vt 0.441182 0.196655
vt 0.440370 0.183173
vt 0.463636 0.169286
vt 0.440259 0.169286
vt 0.575528 0.058148
vt 0.553184 0.071629
vt 0.552372 0.058148
vt 0.575638 0.044261
vt 0.552262 0.044261
vt 0.565109 0.456666
vt 0.542765 0.470148
vt 0.541953 0.456666
vt 0.565220 0.442779
vt 0.541843 0.442779
vt 0.433682 0.659976
vt 0.420201 0.682321
vt 0.420201 0.659164
vt 0.406314 0.659054
vt 0.406314 0.682431
vt 0.697137 0.161491
vt 0.674793 0.148010
vt 0.697949 0.148010
vt 0.698059 0.134123
vt 0.674682 0.134123
vt 0.403618 0.215732
vt 0.381274 0.229213
vt 0.380462 0.215732
vt 0.403728 0.201845
vt 0.380351 0.201845
vt 0.469690 0.599256
vt 0.483172 0.621601
vt 0.469690 0.622413
vt 0.455803 0.622523
vt 0.455803 0.599146
vt 0.058148 0.614885
vt 0.071629 0.637229
vt 0.058148 0.638041
vt 0.044261 0.638151
vt 0.044261 0.614774
vt 0.098520 0.479440
vt 0.112002 0.501785
vt 0.098520 0.502597
vt 0.084633 0.502707
vt 0.084633 0.479330
vt 0.260360 0.418898
vt 0.238015 0.432380
vt 0.237203 0.418898
vt 0.237093 0.405011
vt 0.260470 0.405011
vt 0.343710 0.222244
vt 0.321366 0.235725
vt 0.320554 0.222244
vt 0.320443 0.208357
vt 0.343820 0.208357
vt 0.207454 0.071629
vt 0.185109 0.058148
vt 0.208266 0.058148
vt 0.208376 0.044261
vt 0.184999 0.044261
vt 0.283802 0.190987
vt 0.261457 0.204469
vt 0.260646 0.190987
vt 0.283912 0.177100
vt 0.260535 0.177100
vt 0.601861 0.383310
vt 0.624206 0.369829
vt 0.625017 0.383310
vt 0.601751 0.397197
vt 0.625128 0.397197
vt 0.094613 0.357019
vt 0.108095 0.379364
vt 0.094613 0.380176
vt 0.080726 0.380286
vt 0.080726 0.356909
vt 0.189685 0.362229
vt 0.203166 0.384573
vt 0.189685 0.385385
vt 0.175798 0.362119
vt 0.175798 0.385495
vt 0.161911 0.385385
vt 0.161911 0.362229
vt 0.066839 0.357019
vt 0.066839 0.380176
vt 0.126504 0.030374
vt 0.149660 0.030374
vt 0.148848 0.016892
vt 0.127316 0.016892
vt 0.148429 0.384573
vt 0.148429 0.363041
vt 0.058148 0.125201
vt 0.058148 0.148358
vt 0.071629 0.126013
vt 0.071629 0.147546
vt 0.030374 0.440084
vt 0.030374 0.416927
vt 0.016892 0.417739
vt 0.016892 0.439272
vt 0.164516 0.505201
vt 0.164516 0.482045
vt 0.151034 0.482857
vt 0.151034 0.504389
vt 0.255680 0.687530
vt 0.255680 0.664374
vt 0.242199 0.665186
vt 0.242199 0.686718
vt 0.162683 0.312106
vt 0.139527 0.312106
vt 0.161871 0.325587
vt 0.140339 0.325587
vt 0.661769 0.376799
vt 0.684925 0.376799
vt 0.662581 0.363317
vt 0.684114 0.363317
vt 0.544558 0.307774
vt 0.567714 0.307774
vt 0.545370 0.294292
vt 0.566902 0.294293
vt 0.030374 0.183807
vt 0.030374 0.206963
vt 0.016892 0.206151
vt 0.016892 0.184619
vt 0.125445 0.445293
vt 0.125445 0.422137
vt 0.111964 0.444481
vt 0.111964 0.422949
vt 0.484650 0.367682
vt 0.507806 0.367682
vt 0.485462 0.354201
vt 0.506994 0.354201
vt 0.373950 0.526569
vt 0.397106 0.526569
vt 0.374762 0.513087
vt 0.396294 0.513087
vt 0.314286 0.627622
vt 0.314286 0.604466
vt 0.300804 0.605278
vt 0.300804 0.626810
vt 0.320554 0.103305
vt 0.343710 0.103305
vt 0.321366 0.089824
vt 0.342898 0.089824
vt 0.492464 0.030374
vt 0.515620 0.030374
vt 0.493276 0.016892
vt 0.514808 0.016892
vt 0.380462 0.095491
vt 0.403618 0.095491
vt 0.381274 0.082010
vt 0.402806 0.082010
vt 0.440370 0.155399
vt 0.463526 0.155399
vt 0.441182 0.141918
vt 0.462714 0.141918
vt 0.552372 0.030374
vt 0.575528 0.030374
vt 0.553184 0.016892
vt 0.574716 0.016892
vt 0.541953 0.428893
vt 0.565109 0.428893
vt 0.542765 0.415411
vt 0.564297 0.415411
vt 0.392427 0.682321
vt 0.392427 0.659164
vt 0.378945 0.659976
vt 0.378945 0.681509
vt 0.674793 0.120236
vt 0.697949 0.120236
vt 0.675605 0.106754
vt 0.697137 0.106754
vt 0.380462 0.187958
vt 0.403618 0.187958
vt 0.381274 0.174476
vt 0.402806 0.174476
vt 0.441916 0.622413
vt 0.441916 0.599256
vt 0.428434 0.621601
vt 0.428435 0.600068
vt 0.030374 0.614885
vt 0.030374 0.638041
vt 0.016892 0.637229
vt 0.016892 0.615696
vt 0.070747 0.479440
vt 0.070746 0.502597
vt 0.057265 0.501785
vt 0.057265 0.480252
vt 0.260360 0.391124
vt 0.237203 0.391124
vt 0.238015 0.377643
vt 0.259548 0.377643
vt 0.343710 0.194470
vt 0.320554 0.194470
vt 0.321366 0.180988
vt 0.342898 0.180988
vt 0.185109 0.030374
vt 0.208266 0.030374
vt 0.207454 0.016892
vt 0.185921 0.016892
vt 0.260646 0.163213
vt 0.283802 0.163213
vt 0.261458 0.149732
vt 0.282990 0.149732
vt 0.625017 0.411084
vt 0.601861 0.411084
vt 0.624205 0.424566
vt 0.602673 0.424566
vt 0.053358 0.379364
vt 0.053358 0.357831
vt 0.556259 0.780043
vt 0.548229 0.726193
vt 0.570376 0.771093
vt 0.544095 0.791750
vt 0.525586 0.741105
vt 0.585941 0.765172
vt 0.489991 0.781184
vt 0.506696 0.759766
vt 0.527831 0.821385
vt 0.534797 0.805779
vt 0.524152 0.838054
vt 0.479382 0.806553
vt 0.523875 0.855111
vt 0.474046 0.833259
vt 0.526977 0.871881
vt 0.474046 0.860312
vt 0.533316 0.887711
vt 0.479299 0.886730
vt 0.542628 0.901992
vt 0.489565 0.911548
vt 0.554541 0.914177
vt 0.504433 0.933855
vt 0.568587 0.923800
vt 0.523330 0.952818
vt 0.584219 0.930498
vt 0.545535 0.967722
vt 0.600827 0.934017
vt 0.570194 0.977997
vt 0.617765 0.934230
vt 0.596352 0.983249
vt 0.634376 0.931140
vt 0.622989 0.983274
vt 0.650013 0.924878
vt 0.649057 0.978078
vt 0.664074 0.915702
vt 0.673527 0.967882
vt 0.695432 0.953115
vt 0.676013 0.904104
vt 0.713901 0.934394
vt 0.685353 0.890435
vt 0.691748 0.875237
vt 0.728201 0.912485
vt 0.694962 0.859093
vt 0.737783 0.888314
vt 0.694865 0.842599
vt 0.742339 0.862917
vt 0.691535 0.826229
vt 0.741848 0.837359
vt 0.728031 0.788146
vt 0.736587 0.812611
vt 0.675342 0.796783
vt 0.684834 0.811030
vt 0.664014 0.784206
vt 0.713449 0.766411
vt 0.674773 0.731646
vt 0.695420 0.747993
vt 0.635101 0.767171
vt 0.650125 0.774330
vt 0.619001 0.763159
vt 0.650468 0.721193
vt 0.602438 0.762433
vt 0.625102 0.715803
vt 0.573957 0.718095
vt 0.449402 0.765614
vt 0.606396 0.611560
vt 0.450872 0.767084
vt 0.614164 0.603792
vt 0.761920 0.767084
vt 0.457172 0.446797
vt 0.447933 0.453096
vt 0.455702 0.445327
vt 0.612694 0.602322
vt 0.769688 0.448269
vt 0.604926 0.610090
vt 0.707008 0.337142
vt 0.552954 0.180148
vt 0.708478 0.335672
vt 0.545186 0.172379
vt 0.708478 0.024624
vt 0.388192 0.329372
vt 0.394490 0.338611
vt 0.386721 0.330842
vt 0.543716 0.173849
vt 0.389663 0.016855
vt 0.395960 0.337141
vt 0.551485 0.181618
vt 0.018325 0.511915
vt 0.172378 0.668909
vt 0.016855 0.513385
vt 0.180146 0.676677
vt 0.016855 0.824433
vt 0.337141 0.519685
vt 0.330842 0.510446
vt 0.338611 0.518215
vt 0.181616 0.675207
vt 0.335670 0.832201
vt 0.173848 0.667439
vt 0.642150 0.516865
vt 0.799144 0.362812
vt 0.643620 0.518335
vt 0.806912 0.355043
vt 0.954668 0.518335
vt 0.649919 0.198049
vt 0.640681 0.204347
vt 0.648449 0.196579
vt 0.805442 0.353573
vt 0.962436 0.199520
vt 0.642151 0.205817
vt 0.797674 0.361342
vt 0.203826 0.581755
vt 0.361842 0.429738
vt 0.206825 0.584755
vt 0.368527 0.423053
vt 0.516859 0.584755
vt 0.210511 0.265036
vt 0.200826 0.268721
vt 0.207511 0.262037
vt 0.365528 0.420053
vt 0.523544 0.268036
vt 0.358843 0.426738
vt 0.339913 0.333228
vt 0.020195 0.026879
vt 0.336914 0.020194
vt 0.127315 0.071629
vt 0.016892 0.147546
vt 0.071629 0.439272
vt 0.205771 0.504389
vt 0.296936 0.686718
vt 0.161871 0.270850
vt 0.684114 0.418054
vt 0.566902 0.349030
vt 0.071629 0.184619
vt 0.166701 0.422949
vt 0.506994 0.408938
vt 0.396294 0.567824
vt 0.355541 0.626810
vt 0.342898 0.144561
vt 0.514808 0.071629
vt 0.402806 0.136747
vt 0.462714 0.196655
vt 0.574716 0.071629
vt 0.564297 0.470148
vt 0.433682 0.681509
vt 0.675605 0.161491
vt 0.402806 0.229213
vt 0.483172 0.600068
vt 0.071629 0.615697
vt 0.112002 0.480252
vt 0.259548 0.432380
vt 0.342898 0.235725
vt 0.185921 0.071629
vt 0.282990 0.204469
vt 0.602673 0.369829
vt 0.108095 0.357831
vt 0.203166 0.363041
vt 0.599672 0.715319
vt 0.769688 0.759315
vt 0.449403 0.454566
vt 0.768218 0.446799
vt 0.700710 0.016855
vt 0.388193 0.018325
vt 0.024623 0.832201
vt 0.329372 0.511916
vt 0.337140 0.830731
vt 0.962436 0.510567
vt 0.960966 0.198050
vt 0.523544 0.578070
vt 0.203826 0.271721
vt 0.520545 0.265036
vt 0.521594 0.694766
vt 0.483061 0.738988
vt 0.404174 0.724200
vt 0.586479 0.188708
vt 0.575688 0.131323
vt 0.644313 0.172947
vt 0.539391 0.760410
vt 0.540826 0.706666
vt 0.219518 0.358936
vt 0.152048 0.388270
vt 0.134489 0.374016
vt 0.230333 0.433607
vt 0.222924 0.378955
vt 0.057716 0.309112
vt 0.095631 0.417918
vt 0.055031 0.433586
vt 0.059855 0.209981
vt 0.101216 0.297167
vt 0.103998 0.140875
vt 0.104943 0.210806
vt 0.419335 0.358936
vt 0.459711 0.384746
vt 0.415448 0.378867
vt 0.061549 0.131462
vt 0.103771 0.033838
vt 0.876073 0.672738
vt 0.915904 0.718253
vt 0.846710 0.681236
vt 0.407831 0.433491
vt 0.846979 0.734999
vt 0.964539 0.753292
vt 0.852322 0.782204
vt 0.467079 0.438003
vt 0.405177 0.481623
vt 0.836521 0.112065
vt 0.784106 0.121582
vt 0.803513 0.074438
vt 0.847038 0.053807
vt 0.797754 0.014773
vt 0.895931 0.377838
vt 0.833329 0.413579
vt 0.856106 0.358936
vt 0.895931 0.432856
vt 0.842373 0.548350
vt 0.768997 0.268549
vt 0.816435 0.245637
vt 0.847038 0.299028
vt 0.772241 0.198628
vt 0.699446 0.242033
vt 0.695252 0.168096
vt 0.733808 0.129907
vt 0.896012 0.867308
vt 0.834822 0.826369
vt 0.953075 0.839453
vt 0.985227 0.799888
vt 0.463594 0.529811
vt 0.477435 0.484366
vt 0.449873 0.572478
vt 0.404174 0.529818
vt 0.834755 0.908647
vt 0.953024 0.893806
vt 0.409698 0.620057
vt 0.468623 0.612044
vt 0.852323 0.950287
vt 0.985227 0.930834
vt 0.416532 0.665220
vt 0.487844 0.652948
vt 0.233484 0.665845
vt 0.150061 0.615816
vt 0.236303 0.620255
vt 0.165961 0.575021
vt 0.237444 0.575605
vt 0.523153 0.974572
vt 0.438812 0.913455
vt 0.543528 0.934231
vt 0.497288 0.890367
vt 0.562375 0.894711
vt 0.236535 0.529811
vt 0.150271 0.533038
vt 0.547979 0.852267
vt 0.441724 0.859631
vt 0.234039 0.481670
vt 0.134995 0.488055
vt 0.532378 0.807396
vt 0.411311 0.818714
vt 0.551627 0.225916
vt 0.492790 0.263086
vt 0.446382 0.153198
vt 0.562937 0.275628
vt 0.534322 0.321739
vt 0.439643 0.258469
vt 0.410791 0.162079
vt 0.475765 0.329391
vt 0.169959 0.085695
vt 0.176697 0.190966
vt 0.141106 0.182085
vt 0.206081 0.014773
vt 0.223105 0.081078
vt 0.665242 0.733855
vt 0.749584 0.672738
vt 0.769959 0.713079
vt 0.723719 0.756944
vt 0.788805 0.752599
vt 0.264638 0.022425
vt 0.293252 0.068535
vt 0.338473 0.575021
vt 0.268131 0.620255
vt 0.266990 0.575605
vt 0.354373 0.615816
vt 0.270950 0.665845
vt 0.774409 0.795043
vt 0.668155 0.787679
vt 0.267899 0.529811
vt 0.354162 0.533038
vt 0.758808 0.839914
vt 0.637741 0.828596
vt 0.270395 0.481670
vt 0.369438 0.488055
vt 0.281942 0.118247
vt 0.660043 0.874441
vt 0.765822 0.886900
vt 0.209306 0.216884
vt 0.316795 0.155455
vt 0.134489 0.215139
vt 0.177632 0.232610
vt 0.137206 0.314289
vt 0.178032 0.329391
vt 0.306003 0.212840
vt 0.374628 0.171216
vt 0.709492 0.908323
vt 0.748024 0.952544
vt 0.630604 0.923111
vt 0.015145 0.416182
vt 0.352386 0.388270
vt 0.284915 0.358936
vt 0.369944 0.374016
vt 0.014773 0.295302
vt 0.274101 0.433607
vt 0.281510 0.378955
vt 0.767257 0.940644
vt 0.360065 0.441483
vt 0.600055 0.481623
vt 0.538152 0.438003
vt 0.597401 0.433491
vt 0.545520 0.384746
vt 0.589783 0.378867
vt 0.267394 0.804858
vt 0.155177 0.775946
vt 0.272737 0.757653
vt 0.203812 0.740907
vt 0.273006 0.703890
vt 0.243645 0.695390
vt 0.585896 0.358936
vt 0.018733 0.139037
vt 0.014773 0.208861
vt 0.023576 0.032109
vt 0.077375 0.517774
vt 0.014773 0.482033
vt 0.054598 0.463132
vt 0.760259 0.583527
vt 0.803783 0.604158
vt 0.754500 0.643192
vt 0.740852 0.536383
vt 0.793267 0.545900
vt 0.068330 0.652546
vt 0.014773 0.537051
vt 0.728986 0.459336
vt 0.773180 0.412327
vt 0.725743 0.389415
vt 0.803783 0.358936
vt 0.166641 0.862107
vt 0.134489 0.822542
vt 0.690554 0.528058
vt 0.651998 0.489869
vt 0.284894 0.849023
vt 0.223704 0.889962
vt 0.601058 0.529818
vt 0.555359 0.572478
vt 0.541638 0.529812
vt 0.527797 0.484367
vt 0.595534 0.620057
vt 0.536610 0.612045
vt 0.284961 0.931300
vt 0.166692 0.916460
vt 0.588701 0.665220
vt 0.517389 0.652949
vt 0.267393 0.972941
vt 0.134489 0.953488
vt 0.656192 0.415931
vt 0.447316 0.111554
vt 0.406891 0.029875
vt 0.447717 0.014773
vt 0.404174 0.129025
vt 0.478990 0.127279
vt 0.433613 0.772869
vt 0.144369 0.441483
vt 0.487844 0.372788
vt 0.064066 0.014773
vt 0.977693 0.706649
vt 0.888855 0.588681
vt 0.689550 0.193969
vt 0.673858 0.108978
vt 0.818351 0.868052
vt 0.405330 0.575607
vt 0.134489 0.658244
vt 0.404174 0.948216
vt 0.596724 0.329391
vt 0.524799 0.327433
vt 0.255114 0.016731
vt 0.630604 0.699094
vt 0.327040 0.014773
vt 0.369944 0.658244
vt 0.142023 0.729303
vt 0.517389 0.372787
vt 0.021849 0.692876
vt 0.630604 0.548987
vt 0.301365 0.890706
vt 0.599902 0.575607
vt 0.646296 0.463995
vt 0.649238 0.018630
vt 0.501223 0.161026
vt 0.646429 0.015821
vt 0.494961 0.167288
vt 0.356017 0.015821
vt 0.642976 0.315304
vt 0.652047 0.311852
vt 0.645786 0.318114
vt 0.497771 0.170098
vt 0.349755 0.312494
vt 0.504032 0.163836
vt 0.371549 0.721432
vt 0.349755 0.708424
vt 0.371652 0.708424
vt 0.425191 0.708424
vt 0.403397 0.721432
vt 0.403293 0.708424
vt 0.350619 0.734061
vt 0.349858 0.721432
vt 0.424327 0.734061
vt 0.425087 0.721432
vt 0.424327 0.899889
vt 0.403397 0.887260
vt 0.425087 0.887260
vt 0.425191 0.874252
vt 0.403293 0.874252
vt 0.692780 0.887260
vt 0.671850 0.899888
vt 0.671089 0.887260
vt 0.692883 0.874252
vt 0.670986 0.874252
vt 0.906173 0.816974
vt 0.885243 0.804346
vt 0.906934 0.804346
vt 0.907037 0.791338
vt 0.885140 0.791338
vt 0.746319 0.721432
vt 0.725388 0.734060
vt 0.724628 0.721432
vt 0.746422 0.708424
vt 0.724524 0.708424
vt 0.585703 0.721432
vt 0.564773 0.734060
vt 0.564012 0.721432
vt 0.585806 0.708424
vt 0.563909 0.708424
vt 0.478626 0.804346
vt 0.457696 0.816975
vt 0.456935 0.804346
vt 0.478729 0.791338
vt 0.456832 0.791338
vt 0.585703 0.804346
vt 0.564773 0.816975
vt 0.564012 0.804346
vt 0.585806 0.791338
vt 0.563909 0.791338
vt 0.532164 0.804346
vt 0.511234 0.816975
vt 0.510474 0.804346
vt 0.510370 0.791338
vt 0.532268 0.791338
vt 0.585703 0.887260
vt 0.564773 0.899889
vt 0.564012 0.887260
vt 0.585806 0.874252
vt 0.563909 0.874252
vt 0.478626 0.887260
vt 0.457696 0.899889
vt 0.456935 0.887260
vt 0.478729 0.874252
vt 0.456832 0.874252
vt 0.639242 0.804346
vt 0.618311 0.816974
vt 0.617551 0.804346
vt 0.639345 0.791338
vt 0.617447 0.791338
vt 0.799857 0.804346
vt 0.778927 0.816974
vt 0.778166 0.804346
vt 0.799960 0.791338
vt 0.778063 0.791338
vt 0.371549 0.887260
vt 0.350619 0.899889
vt 0.349858 0.887260
vt 0.371652 0.874252
vt 0.349755 0.874252
vt 0.799857 0.721432
vt 0.778927 0.734060
vt 0.778166 0.721432
vt 0.799960 0.708424
vt 0.778063 0.708424
vt 0.425087 0.804346
vt 0.404157 0.816975
vt 0.403397 0.804346
vt 0.425191 0.791338
vt 0.403293 0.791338
vt 0.746319 0.887260
vt 0.725388 0.899888
vt 0.724628 0.887260
vt 0.746422 0.874252
vt 0.724524 0.874252
vt 0.639242 0.887260
vt 0.618311 0.899888
vt 0.617551 0.887260
vt 0.639345 0.874252
vt 0.617447 0.874252
vt 0.531404 0.899889
vt 0.510474 0.887260
vt 0.532164 0.887260
vt 0.532268 0.874252
vt 0.510370 0.874252
vt 0.906934 0.721432
vt 0.886004 0.734060
vt 0.885243 0.721432
vt 0.907037 0.708424
vt 0.885140 0.708424
vt 0.746319 0.804346
vt 0.725388 0.816974
vt 0.724628 0.804346
vt 0.746422 0.791338
vt 0.724524 0.791338
vt 0.799857 0.887260
vt 0.778927 0.899888
vt 0.778166 0.887260
vt 0.778063 0.874252
vt 0.799960 0.874252
vt 0.853396 0.721432
vt 0.832465 0.734060
vt 0.831705 0.721432
vt 0.831602 0.708424
vt 0.853499 0.708424
vt 0.853395 0.804346
vt 0.832465 0.816974
vt 0.831704 0.804346
vt 0.831601 0.791338
vt 0.853499 0.791338
vt 0.692780 0.804346
vt 0.671850 0.816975
vt 0.671089 0.804346
vt 0.670986 0.791338
vt 0.692883 0.791338
vt 0.371549 0.804346
vt 0.350619 0.816975
vt 0.349858 0.804346
vt 0.349755 0.791338
vt 0.371652 0.791338
vt 0.531404 0.734061
vt 0.510474 0.721432
vt 0.532164 0.721432
vt 0.532268 0.708424
vt 0.510370 0.708424
vt 0.477865 0.734061
vt 0.456935 0.721432
vt 0.478626 0.721432
vt 0.478729 0.708424
vt 0.456832 0.708424
vt 0.853396 0.887260
vt 0.832465 0.899888
vt 0.831705 0.887260
vt 0.853499 0.874252
vt 0.831602 0.874252
vt 0.639241 0.721432
vt 0.618311 0.734060
vt 0.617551 0.721432
vt 0.617447 0.708424
vt 0.639345 0.708424
vt 0.692780 0.721432
vt 0.671850 0.734061
vt 0.671089 0.721432
vt 0.670986 0.708424
vt 0.692883 0.708424
vt 0.692780 0.695416
vt 0.671089 0.695416
vt 0.639241 0.695416
vt 0.617551 0.695416
vt 0.371549 0.695416
vt 0.349858 0.695416
vt 0.350619 0.682788
vt 0.370788 0.682788
vt 0.671850 0.682788
vt 0.692019 0.682788
vt 0.403397 0.695416
vt 0.425087 0.695416
vt 0.424327 0.682788
vt 0.404157 0.682788
vt 0.403397 0.861244
vt 0.425087 0.861244
vt 0.424327 0.848616
vt 0.404157 0.848616
vt 0.671089 0.861244
vt 0.692780 0.861244
vt 0.671850 0.848616
vt 0.692020 0.848616
vt 0.885243 0.778330
vt 0.906934 0.778330
vt 0.906173 0.765702
vt 0.886004 0.765702
vt 0.724628 0.695416
vt 0.746319 0.695416
vt 0.725388 0.682788
vt 0.745558 0.682788
vt 0.564012 0.695416
vt 0.585703 0.695416
vt 0.564773 0.682788
vt 0.584942 0.682788
vt 0.456935 0.778330
vt 0.478626 0.778330
vt 0.457696 0.765702
vt 0.477865 0.765702
vt 0.564012 0.778330
vt 0.585703 0.778330
vt 0.564773 0.765702
vt 0.584942 0.765702
vt 0.532164 0.778330
vt 0.510474 0.778330
vt 0.511234 0.765702
vt 0.531404 0.765702
vt 0.564012 0.861244
vt 0.585703 0.861244
vt 0.564773 0.848616
vt 0.584942 0.848616
vt 0.456935 0.861244
vt 0.478626 0.861244
vt 0.457696 0.848616
vt 0.477865 0.848616
vt 0.617551 0.778330
vt 0.639242 0.778330
vt 0.618311 0.765702
vt 0.638481 0.765702
vt 0.778166 0.778330
vt 0.799857 0.778330
vt 0.778927 0.765702
vt 0.799096 0.765702
vt 0.349858 0.861244
vt 0.371549 0.861244
vt 0.350619 0.848616
vt 0.370788 0.848616
vt 0.778166 0.695416
vt 0.799857 0.695416
vt 0.778927 0.682788
vt 0.799097 0.682788
vt 0.403397 0.778330
vt 0.425087 0.778330
vt 0.404157 0.765702
vt 0.424327 0.765702
vt 0.724628 0.861244
vt 0.746318 0.861244
vt 0.725388 0.848616
vt 0.745558 0.848616
vt 0.617551 0.861244
vt 0.639242 0.861244
vt 0.618311 0.848616
vt 0.638481 0.848616
vt 0.510474 0.861244
vt 0.532165 0.861244
vt 0.531404 0.848616
vt 0.511234 0.848616
vt 0.885243 0.695416
vt 0.906934 0.695416
vt 0.886004 0.682788
vt 0.906174 0.682788
vt 0.724628 0.778330
vt 0.746319 0.778330
vt 0.725388 0.765702
vt 0.745558 0.765702
vt 0.778166 0.861244
vt 0.799857 0.861244
vt 0.778927 0.848616
vt 0.799097 0.848616
vt 0.831705 0.695416
vt 0.853396 0.695416
vt 0.832465 0.682788
vt 0.852635 0.682788
vt 0.853395 0.778330
vt 0.831705 0.778330
vt 0.832465 0.765702
vt 0.852635 0.765702
vt 0.692780 0.778330
vt 0.671089 0.778330
vt 0.671850 0.765702
vt 0.692019 0.765702
vt 0.371549 0.778330
vt 0.349858 0.778330
vt 0.350619 0.765702
vt 0.370788 0.765702
vt 0.510474 0.695416
vt 0.532164 0.695416
vt 0.531404 0.682788
vt 0.511234 0.682788
vt 0.456935 0.695416
vt 0.478626 0.695416
vt 0.477865 0.682788
vt 0.457696 0.682788
vt 0.831705 0.861244
vt 0.853396 0.861244
vt 0.832465 0.848616
vt 0.852635 0.848616
vt 0.618311 0.682788
vt 0.638481 0.682788
vt 0.683689 0.140524
vt 0.733628 0.163156
vt 0.684001 0.167231
vt 0.688525 0.113620
vt 0.733531 0.145564
vt 0.687594 0.193995
vt 0.743608 0.112390
vt 0.736929 0.128522
vt 0.714829 0.066749
vt 0.700280 0.089070
vt 0.733681 0.047415
vt 0.753386 0.098090
vt 0.756221 0.032017
vt 0.765822 0.085982
vt 0.781580 0.021311
vt 0.780461 0.076512
vt 0.808729 0.015821
vt 0.796754 0.070061
vt 0.836556 0.015821
vt 0.814078 0.066908
vt 0.863926 0.021338
vt 0.831758 0.067202
vt 0.889735 0.032164
vt 0.849102 0.070956
vt 0.912952 0.047874
vt 0.865427 0.078040
vt 0.932664 0.067848
vt 0.880092 0.088190
vt 0.948102 0.091304
vt 0.892520 0.101020
vt 0.958671 0.117332
vt 0.902227 0.116037
vt 0.963966 0.144929
vt 0.908831 0.132662
vt 0.963784 0.173038
vt 0.912073 0.150254
vt 0.911824 0.168132
vt 0.958125 0.200592
vt 0.908089 0.185605
vt 0.947187 0.226545
vt 0.931352 0.249913
vt 0.901003 0.201991
vt 0.911166 0.269793
vt 0.890833 0.216646
vt 0.887319 0.285383
vt 0.877966 0.228987
vt 0.860627 0.295986
vt 0.862900 0.238509
vt 0.829046 0.248037
vt 0.846237 0.244814
vt 0.804925 0.298450
vt 0.832469 0.299043
vt 0.777631 0.292465
vt 0.811343 0.247414
vt 0.778413 0.236106
vt 0.794320 0.243429
vt 0.730890 0.264094
vt 0.753094 0.279609
vt 0.711667 0.244309
vt 0.764322 0.225715
vt 0.696327 0.220681
vt 0.752584 0.212683
vt 0.737320 0.180521
vt 0.315835 0.684165
vt 0.168778 0.828468
vt 0.314458 0.682788
vt 0.161501 0.835745
vt 0.023097 0.682788
vt 0.308558 0.982802
vt 0.317212 0.976903
vt 0.309935 0.984179
vt 0.162878 0.837122
vt 0.015821 0.981425
vt 0.170155 0.829845
vt 0.982802 0.649769
vt 0.838498 0.502712
vt 0.984179 0.648392
vt 0.831222 0.495435
vt 0.984179 0.357032
vt 0.684164 0.642493
vt 0.690064 0.651146
vt 0.682787 0.643870
vt 0.829845 0.496812
vt 0.685541 0.349755
vt 0.837121 0.504089
vt 0.351132 0.649769
vt 0.498189 0.505466
vt 0.352509 0.651146
vt 0.505466 0.498189
vt 0.643869 0.651147
vt 0.358409 0.351132
vt 0.349755 0.357032
vt 0.357032 0.349755
vt 0.504089 0.496812
vt 0.651146 0.352509
vt 0.496812 0.504089
vt 0.315835 0.649770
vt 0.171532 0.502712
vt 0.317212 0.648393
vt 0.164255 0.495435
vt 0.317212 0.357032
vt 0.017198 0.642493
vt 0.023097 0.651147
vt 0.015821 0.643870
vt 0.162878 0.496812
vt 0.018575 0.349755
vt 0.170155 0.504089
vt 0.315304 0.018630
vt 0.167289 0.161026
vt 0.312495 0.015821
vt 0.015821 0.022082
vt 0.022082 0.015821
vt 0.309042 0.315304
vt 0.318114 0.311852
vt 0.311852 0.318114
vt 0.163836 0.170098
vt 0.015821 0.312494
vt 0.161027 0.167288
vt 0.170098 0.163836
vt 0.349755 0.022082
vt 0.649238 0.309042
vt 0.352564 0.315304
vt 0.370788 0.734061
vt 0.404157 0.734061
vt 0.404157 0.899889
vt 0.692019 0.899888
vt 0.886004 0.816974
vt 0.745558 0.734060
vt 0.584942 0.734061
vt 0.477865 0.816975
vt 0.584942 0.816975
vt 0.531404 0.816975
vt 0.584942 0.899889
vt 0.477865 0.899889
vt 0.638481 0.816974
vt 0.799096 0.816974
vt 0.370788 0.899889
vt 0.799096 0.734061
vt 0.424327 0.816975
vt 0.745558 0.899888
vt 0.638481 0.899888
vt 0.511234 0.899889
vt 0.906174 0.734060
vt 0.745558 0.816974
vt 0.799097 0.899888
vt 0.852635 0.734060
vt 0.852635 0.816974
vt 0.692019 0.816975
vt 0.370788 0.816975
vt 0.511234 0.734061
vt 0.457696 0.734061
vt 0.852635 0.899888
vt 0.638481 0.734061
vt 0.692019 0.734061
vt 0.743659 0.197495
vt 0.015821 0.690065
vt 0.315835 0.975526
vt 0.017198 0.982802
vt 0.976902 0.349755
vt 0.691441 0.649769
vt 0.684164 0.351132
vt 0.651146 0.643870
vt 0.351132 0.358409
vt 0.649769 0.351132
vt 0.309935 0.349755
vt 0.024474 0.649770
vt 0.017198 0.351132
vt 0.315304 0.309042
vt 0.018630 0.315304
vt 0.013401 0.323511
vt 0.168120 0.174666
vt 0.016338 0.326448
vt 0.174666 0.168121
vt 0.319903 0.326448
vt 0.019947 0.013401
vt 0.010464 0.017010
vt 0.017010 0.010464
vt 0.171729 0.165184
vt 0.326448 0.016338
vt 0.013401 0.019946
vt 0.165184 0.171729
vt 0.038539 0.196387
vt 0.052136 0.173606
vt 0.052136 0.196495
vt 0.199009 0.042082
vt 0.176228 0.055679
vt 0.176120 0.042081
vt 0.025339 0.174509
vt 0.038539 0.173714
vt 0.198901 0.055679
vt 0.177023 0.068879
vt 0.269970 0.385654
vt 0.256769 0.407532
vt 0.256769 0.384859
vt 0.243172 0.384751
vt 0.243172 0.407640
vt 0.582692 0.126693
vt 0.560814 0.113492
vt 0.583487 0.113492
vt 0.583595 0.099895
vt 0.560706 0.099895
vt 0.632965 0.445924
vt 0.611086 0.432724
vt 0.633760 0.432724
vt 0.633867 0.419127
vt 0.610978 0.419127
vt 0.068879 0.388168
vt 0.055679 0.410046
vt 0.055679 0.387373
vt 0.042082 0.387265
vt 0.042082 0.410154
vt 0.324583 0.237917
vt 0.302704 0.251117
vt 0.301909 0.237917
vt 0.324690 0.224320
vt 0.301801 0.224320
vt 0.143656 0.387373
vt 0.156856 0.409251
vt 0.143656 0.410046
vt 0.130059 0.387265
vt 0.130059 0.410154
vt 0.435182 0.251742
vt 0.413304 0.264942
vt 0.412509 0.251742
vt 0.435290 0.238145
vt 0.412401 0.238145
vt 0.382396 0.180104
vt 0.360518 0.193304
vt 0.359723 0.180104
vt 0.359615 0.166506
vt 0.382504 0.166506
vt 0.215294 0.442673
vt 0.228495 0.464551
vt 0.215294 0.465346
vt 0.201697 0.442565
vt 0.201697 0.465454
vt 0.093383 0.445186
vt 0.106583 0.467065
vt 0.093383 0.467860
vt 0.079786 0.445079
vt 0.079786 0.467968
vt 0.327096 0.122290
vt 0.305218 0.135490
vt 0.304423 0.122290
vt 0.327204 0.108693
vt 0.304315 0.108693
vt 0.578460 0.374910
vt 0.556581 0.388111
vt 0.555786 0.374910
vt 0.578567 0.361313
vt 0.555679 0.361313
vt 0.097154 0.329559
vt 0.110354 0.351438
vt 0.097154 0.352233
vt 0.083557 0.329452
vt 0.083556 0.352340
vt 0.457860 0.016612
vt 0.471060 0.038490
vt 0.457860 0.039285
vt 0.444263 0.016504
vt 0.444263 0.039393
vt 0.519851 0.445924
vt 0.497973 0.432724
vt 0.520646 0.432724
vt 0.520754 0.419127
vt 0.497865 0.419127
vt 0.452833 0.568354
vt 0.466033 0.590233
vt 0.452833 0.591028
vt 0.439236 0.568247
vt 0.439236 0.591136
vt 0.185131 0.329559
vt 0.198331 0.351437
vt 0.185131 0.352233
vt 0.171534 0.329452
vt 0.171534 0.352340
vt 0.616851 0.017407
vt 0.603651 0.039285
vt 0.603651 0.016612
vt 0.590054 0.016504
vt 0.590054 0.039393
vt 0.055679 0.573382
vt 0.068879 0.595260
vt 0.055679 0.596055
vt 0.042082 0.573274
vt 0.042082 0.596163
vt 0.151197 0.503000
vt 0.164397 0.524878
vt 0.151197 0.525673
vt 0.137600 0.502892
vt 0.137600 0.525781
vt 0.327151 0.573382
vt 0.340351 0.595260
vt 0.327151 0.596055
vt 0.313554 0.573274
vt 0.313554 0.596163
vt 0.354696 0.281105
vt 0.376574 0.267904
vt 0.377369 0.281105
vt 0.377477 0.294702
vt 0.354588 0.294702
vt 0.154967 0.271746
vt 0.168167 0.293624
vt 0.154967 0.294419
vt 0.141370 0.294527
vt 0.141370 0.271638
vt 0.382396 0.055679
vt 0.360518 0.068879
vt 0.359723 0.055679
vt 0.359615 0.042081
vt 0.382504 0.042082
vt 0.575946 0.489280
vt 0.554068 0.502481
vt 0.553273 0.489280
vt 0.553165 0.475683
vt 0.576054 0.475683
vt 0.527392 0.068879
vt 0.505514 0.055679
vt 0.528187 0.055679
vt 0.528295 0.042082
vt 0.505406 0.042081
vt 0.119209 0.015284
vt 0.141087 0.028484
vt 0.118414 0.028484
vt 0.118306 0.042081
vt 0.141195 0.042082
vt 0.361775 0.485334
vt 0.383653 0.498534
vt 0.360980 0.498534
vt 0.360872 0.512131
vt 0.383761 0.512131
vt 0.039285 0.129831
vt 0.017407 0.143031
vt 0.016612 0.129831
vt 0.016504 0.116234
vt 0.039393 0.116234
vt 0.269283 0.180104
vt 0.247404 0.193304
vt 0.246609 0.180104
vt 0.246502 0.166506
vt 0.269391 0.166506
vt 0.269283 0.152909
vt 0.246609 0.152909
vt 0.039285 0.102637
vt 0.016612 0.102636
vt 0.065733 0.196387
vt 0.065733 0.173714
vt 0.078934 0.174509
vt 0.078934 0.195592
vt 0.247405 0.139709
vt 0.268488 0.139709
vt 0.176228 0.028484
vt 0.198901 0.028484
vt 0.177023 0.015284
vt 0.198106 0.015284
vt 0.229575 0.407532
vt 0.229575 0.384859
vt 0.216375 0.385654
vt 0.216375 0.406737
vt 0.560814 0.086298
vt 0.583487 0.086298
vt 0.582692 0.073098
vt 0.561609 0.073098
vt 0.611086 0.405529
vt 0.633760 0.405529
vt 0.632965 0.392329
vt 0.611881 0.392329
vt 0.028484 0.410046
vt 0.028484 0.387373
vt 0.015284 0.388168
vt 0.015284 0.409251
vt 0.301909 0.210723
vt 0.324583 0.210723
vt 0.302705 0.197523
vt 0.323788 0.197523
vt 0.116462 0.410046
vt 0.116462 0.387373
vt 0.103261 0.409251
vt 0.103261 0.388168
vt 0.412509 0.224548
vt 0.435182 0.224548
vt 0.413304 0.211348
vt 0.434388 0.211348
vt 0.359723 0.152909
vt 0.382396 0.152909
vt 0.360518 0.139709
vt 0.381601 0.139709
vt 0.188100 0.465346
vt 0.188100 0.442673
vt 0.174900 0.464551
vt 0.174900 0.443468
vt 0.066189 0.467860
vt 0.066189 0.445186
vt 0.052989 0.467065
vt 0.052989 0.445981
vt 0.304423 0.095096
vt 0.327096 0.095096
vt 0.305218 0.081895
vt 0.326301 0.081895
vt 0.555786 0.347716
vt 0.578460 0.347716
vt 0.556582 0.334516
vt 0.577665 0.334516
vt 0.069959 0.352233
vt 0.069959 0.329559
vt 0.056759 0.351437
vt 0.056759 0.330354
vt 0.430666 0.039285
vt 0.430666 0.016612
vt 0.417466 0.038490
vt 0.417466 0.017407
vt 0.497973 0.405529
vt 0.520646 0.405529
vt 0.498768 0.392329
vt 0.519851 0.392329
vt 0.425638 0.591028
vt 0.425638 0.568354
vt 0.412438 0.590233
vt 0.412438 0.569149
vt 0.157937 0.352233
vt 0.157937 0.329559
vt 0.144736 0.351437
vt 0.144736 0.330354
vt 0.576457 0.039285
vt 0.576457 0.016612
vt 0.563256 0.017407
vt 0.563256 0.038490
vt 0.028484 0.596055
vt 0.028484 0.573382
vt 0.015284 0.595260
vt 0.015284 0.574177
vt 0.124003 0.525673
vt 0.124003 0.503000
vt 0.110802 0.524878
vt 0.110802 0.503795
vt 0.299957 0.596055
vt 0.299957 0.573382
vt 0.286757 0.595260
vt 0.286757 0.574177
vt 0.354696 0.308299
vt 0.377369 0.308299
vt 0.376574 0.321499
vt 0.355491 0.321499
vt 0.127773 0.271746
vt 0.127773 0.294419
vt 0.114573 0.293624
vt 0.114573 0.272541
vt 0.382396 0.028484
vt 0.359723 0.028484
vt 0.360518 0.015284
vt 0.381601 0.015284
vt 0.575946 0.462086
vt 0.553273 0.462086
vt 0.554068 0.448886
vt 0.575151 0.448886
vt 0.505514 0.028484
vt 0.528187 0.028484
vt 0.506309 0.015284
vt 0.527392 0.015284
vt 0.141087 0.055679
vt 0.118414 0.055679
vt 0.140292 0.068879
vt 0.119209 0.068879
vt 0.383653 0.525728
vt 0.360980 0.525728
vt 0.382858 0.538928
vt 0.361775 0.538928
vt 0.017407 0.089436
vt 0.038490 0.089436
vt 0.908949 0.513626
vt 0.961640 0.504916
vt 0.917991 0.527610
vt 0.897264 0.501609
vt 0.946698 0.483021
vt 0.924290 0.542628
vt 0.907151 0.448811
vt 0.928196 0.464796
vt 0.867659 0.485944
vt 0.883270 0.492672
vt 0.851466 0.481924
vt 0.882508 0.438595
vt 0.834952 0.481240
vt 0.856720 0.433253
vt 0.818719 0.483876
vt 0.830599 0.432926
vt 0.803394 0.489697
vt 0.805026 0.437626
vt 0.789565 0.498452
vt 0.780922 0.447193
vt 0.777763 0.509789
vt 0.759185 0.461285
vt 0.768443 0.523259
vt 0.740650 0.479373
vt 0.761971 0.538332
vt 0.726038 0.500767
vt 0.758599 0.554418
vt 0.715924 0.524641
vt 0.758464 0.570887
vt 0.710711 0.550063
vt 0.761572 0.587096
vt 0.710608 0.576037
vt 0.767804 0.602413
vt 0.715622 0.601543
vt 0.776917 0.616242
vt 0.725555 0.625575
vt 0.740009 0.647186
vt 0.788555 0.628053
vt 0.758401 0.665526
vt 0.802263 0.637397
vt 0.817507 0.643931
vt 0.779980 0.679883
vt 0.833699 0.647431
vt 0.803862 0.689716
vt 0.850227 0.647798
vt 0.829062 0.694687
vt 0.866479 0.645062
vt 0.854543 0.694687
vt 0.903737 0.681642
vt 0.879281 0.689855
vt 0.895789 0.629951
vt 0.881776 0.638585
vt 0.907712 0.618837
vt 0.925303 0.667260
vt 0.959127 0.628966
vt 0.943308 0.649377
vt 0.923667 0.590779
vt 0.917105 0.605600
vt 0.927151 0.574910
vt 0.968941 0.604877
vt 0.927431 0.558561
vt 0.973650 0.579835
vt 0.970133 0.529830
vt 0.563787 0.977280
vt 0.412948 0.823562
vt 0.565226 0.975841
vt 0.405341 0.815956
vt 0.565226 0.671284
vt 0.251623 0.969673
vt 0.257790 0.978719
vt 0.250183 0.971112
vt 0.403902 0.817395
vt 0.253063 0.663677
vt 0.411508 0.825001
vt 0.445173 0.397887
vt 0.598891 0.247048
vt 0.446612 0.399326
vt 0.606497 0.239441
vt 0.751169 0.399326
vt 0.452780 0.085723
vt 0.443734 0.091890
vt 0.451341 0.084284
vt 0.605058 0.238002
vt 0.758775 0.087164
vt 0.445174 0.093330
vt 0.597451 0.245608
vt 0.019112 0.477850
vt 0.169950 0.631568
vt 0.017673 0.479290
vt 0.177557 0.639174
vt 0.017673 0.783846
vt 0.331275 0.485458
vt 0.325108 0.476412
vt 0.332714 0.484018
vt 0.178996 0.637735
vt 0.329834 0.791452
vt 0.171390 0.630129
vt 0.735971 0.423807
vt 0.582253 0.574645
vt 0.734532 0.422367
vt 0.574647 0.582252
vt 0.429975 0.422367
vt 0.728364 0.735970
vt 0.737410 0.729803
vt 0.729803 0.737410
vt 0.576086 0.583691
vt 0.422368 0.734530
vt 0.735970 0.728364
vt 0.583693 0.576085
vt 0.193126 0.245912
vt 0.341971 0.400632
vt 0.190189 0.248849
vt 0.196734 0.558959
vt 0.190189 0.552414
vt 0.503236 0.252458
vt 0.499628 0.242976
vt 0.506173 0.249521
vt 0.351453 0.404240
vt 0.500299 0.558959
vt 0.348517 0.407177
vt 0.344908 0.397695
vt 0.326448 0.319903
vt 0.323511 0.013401
vt 0.025339 0.195592
vt 0.198106 0.068879
vt 0.269970 0.406737
vt 0.561609 0.126693
vt 0.611881 0.445924
vt 0.068879 0.409251
vt 0.323788 0.251117
vt 0.156856 0.388168
vt 0.434387 0.264942
vt 0.381601 0.193304
vt 0.228495 0.443468
vt 0.106583 0.445981
vt 0.326301 0.135490
vt 0.577665 0.388111
vt 0.110354 0.330354
vt 0.471060 0.017407
vt 0.498768 0.445924
vt 0.466033 0.569149
vt 0.198331 0.330354
vt 0.616851 0.038490
vt 0.068879 0.574177
vt 0.164397 0.503795
vt 0.340351 0.574177
vt 0.355491 0.267904
vt 0.168167 0.272541
vt 0.381601 0.068879
vt 0.575151 0.502481
vt 0.506309 0.068879
vt 0.140292 0.015284
vt 0.382858 0.485334
vt 0.038490 0.143031
vt 0.268488 0.193304
vt 0.973489 0.554870
vt 0.557619 0.663677
vt 0.259229 0.977279
vt 0.251624 0.665117
vt 0.758775 0.391719
vt 0.757336 0.085724
vt 0.025279 0.791453
vt 0.323669 0.477851
vt 0.331274 0.790013
vt 0.422368 0.429974
vt 0.423808 0.735969
vt 0.496691 0.245913
vt 0.503235 0.556022
vt 0.178444 0.172437
vt 0.340357 0.023912
vt 0.185138 0.179131
vt 0.337353 0.337353
vt 0.340357 0.334350
vt 0.020222 0.330660
vt 0.023912 0.340356
vt 0.017219 0.333663
vt 0.175441 0.175441
vt 0.023225 0.017219
vt 0.182134 0.182134
vt 0.551114 0.172605
vt 0.714618 0.024657
vt 0.558892 0.180383
vt 0.713146 0.337582
vt 0.714618 0.336110
vt 0.393915 0.329802
vt 0.400222 0.339052
vt 0.392443 0.331274
vt 0.549642 0.174077
vt 0.395388 0.016879
vt 0.401694 0.337581
vt 0.557421 0.181855
vt 0.148661 0.044318
vt 0.125365 0.058223
vt 0.125254 0.044318
vt 0.017018 0.114737
vt 0.040315 0.100832
vt 0.040425 0.114737
vt 0.017942 0.087333
vt 0.017129 0.100832
vt 0.147738 0.071723
vt 0.148551 0.058224
vt 0.463318 0.191695
vt 0.440944 0.178196
vt 0.464131 0.178196
vt 0.464241 0.164291
vt 0.440834 0.164291
vt 0.379163 0.513757
vt 0.401536 0.527256
vt 0.378350 0.527256
vt 0.378239 0.541161
vt 0.401647 0.541161
vt 0.287736 0.662632
vt 0.301235 0.685006
vt 0.287736 0.685819
vt 0.273831 0.662522
vt 0.273831 0.685929
vt 0.571063 0.427269
vt 0.548689 0.440768
vt 0.547876 0.427269
vt 0.571173 0.413364
vt 0.547766 0.413364
vt 0.067352 0.176222
vt 0.080851 0.198596
vt 0.067352 0.199409
vt 0.053447 0.176112
vt 0.053447 0.199519
vt 0.284172 0.192540
vt 0.261799 0.206040
vt 0.260986 0.192540
vt 0.284282 0.178635
vt 0.260875 0.178635
vt 0.344158 0.132554
vt 0.321785 0.146053
vt 0.320972 0.132554
vt 0.344269 0.118649
vt 0.320861 0.118649
vt 0.166808 0.309905
vt 0.144434 0.323404
vt 0.143621 0.309905
vt 0.143511 0.296000
vt 0.166918 0.296000
vt 0.207233 0.466390
vt 0.184860 0.479890
vt 0.184047 0.466390
vt 0.207344 0.452485
vt 0.183936 0.452485
vt 0.344158 0.223838
vt 0.321785 0.237337
vt 0.320972 0.223838
vt 0.344269 0.209933
vt 0.320861 0.209932
vt 0.102561 0.477458
vt 0.116060 0.499831
vt 0.102561 0.500644
vt 0.088656 0.477347
vt 0.088656 0.500754
vt 0.581495 0.058224
vt 0.559121 0.071723
vt 0.558308 0.058223
vt 0.581605 0.044319
vt 0.558198 0.044319
vt 0.574201 0.498036
vt 0.560702 0.475662
vt 0.574201 0.474849
vt 0.588107 0.474739
vt 0.588107 0.498146
vt 0.460219 0.612444
vt 0.437845 0.625943
vt 0.437032 0.612444
vt 0.460329 0.598539
vt 0.436922 0.598539
vt 0.193844 0.357485
vt 0.207344 0.379858
vt 0.193844 0.380672
vt 0.179939 0.357375
vt 0.179939 0.380782
vt 0.040315 0.419445
vt 0.017942 0.432944
vt 0.017129 0.419445
vt 0.040426 0.405540
vt 0.017018 0.405540
vt 0.571063 0.335986
vt 0.548689 0.349485
vt 0.547876 0.335986
vt 0.547766 0.322081
vt 0.571173 0.322081
vt 0.346418 0.602646
vt 0.359917 0.625020
vt 0.346418 0.625833
vt 0.332513 0.602536
vt 0.332513 0.625943
vt 0.106822 0.369891
vt 0.084448 0.383390
vt 0.083635 0.369891
vt 0.106932 0.355986
vt 0.083525 0.355986
vt 0.265915 0.419445
vt 0.243542 0.432944
vt 0.242729 0.419445
vt 0.266026 0.405540
vt 0.242619 0.405540
vt 0.648957 0.393998
vt 0.662456 0.416372
vt 0.648957 0.417185
vt 0.635052 0.417295
vt 0.635052 0.393888
vt 0.163851 0.534836
vt 0.177351 0.557209
vt 0.163851 0.558022
vt 0.149946 0.558132
vt 0.149946 0.534725
vt 0.040315 0.620268
vt 0.017941 0.633767
vt 0.017128 0.620268
vt 0.017018 0.606363
vt 0.040425 0.606363
vt 0.511076 0.395972
vt 0.488703 0.409471
vt 0.487890 0.395972
vt 0.487780 0.382067
vt 0.511187 0.382067
vt 0.521509 0.058224
vt 0.499135 0.071723
vt 0.498322 0.058224
vt 0.498212 0.044319
vt 0.521619 0.044319
vt 0.403331 0.224296
vt 0.380958 0.210797
vt 0.404145 0.210797
vt 0.404255 0.196892
vt 0.380848 0.196892
vt 0.208537 0.058223
vt 0.186164 0.071723
vt 0.185351 0.058223
vt 0.185240 0.044318
vt 0.208648 0.044318
vt 0.631049 0.345114
vt 0.608675 0.358613
vt 0.607862 0.345114
vt 0.607752 0.331209
vt 0.631159 0.331209
vt 0.135162 0.417471
vt 0.148661 0.439845
vt 0.135162 0.440658
vt 0.121257 0.440768
vt 0.121257 0.417361
vt 0.404144 0.118210
vt 0.381771 0.131709
vt 0.380958 0.118210
vt 0.380848 0.104305
vt 0.404255 0.104305
vt 0.107352 0.417471
vt 0.107352 0.440658
vt 0.404144 0.090400
vt 0.380958 0.090400
vt 0.040315 0.128642
vt 0.017129 0.128642
vt 0.381771 0.076901
vt 0.403331 0.076901
vt 0.017942 0.142141
vt 0.039502 0.142141
vt 0.125365 0.030413
vt 0.148551 0.030414
vt 0.147738 0.016914
vt 0.126178 0.016914
vt 0.440944 0.150386
vt 0.464131 0.150386
vt 0.463318 0.136887
vt 0.441757 0.136887
vt 0.401536 0.555066
vt 0.378350 0.555066
vt 0.400723 0.568565
vt 0.379163 0.568565
vt 0.259926 0.685819
vt 0.259926 0.662632
vt 0.246427 0.685006
vt 0.246427 0.663445
vt 0.547876 0.399459
vt 0.571063 0.399459
vt 0.548689 0.385960
vt 0.570250 0.385960
vt 0.039542 0.199409
vt 0.039542 0.176222
vt 0.026043 0.198596
vt 0.026043 0.177035
vt 0.260986 0.164730
vt 0.284172 0.164730
vt 0.261799 0.151231
vt 0.283359 0.151231
vt 0.320972 0.104744
vt 0.344158 0.104744
vt 0.321785 0.091245
vt 0.343345 0.091245
vt 0.166808 0.282095
vt 0.143621 0.282095
vt 0.144434 0.268596
vt 0.165995 0.268596
vt 0.184047 0.438580
vt 0.207233 0.438580
vt 0.184860 0.425081
vt 0.206420 0.425081
vt 0.320972 0.196028
vt 0.344158 0.196028
vt 0.321785 0.182528
vt 0.343345 0.182528
vt 0.074751 0.500644
vt 0.074751 0.477458
vt 0.061252 0.499831
vt 0.061252 0.478271
vt 0.558308 0.030414
vt 0.581495 0.030414
vt 0.559121 0.016914
vt 0.580682 0.016914
vt 0.602012 0.498036
vt 0.602012 0.474849
vt 0.615511 0.475662
vt 0.615511 0.497223
vt 0.437032 0.584634
vt 0.460219 0.584634
vt 0.437845 0.571135
vt 0.459406 0.571135
vt 0.166034 0.380672
vt 0.166034 0.357485
vt 0.152535 0.379858
vt 0.152535 0.358298
vt 0.017129 0.391635
vt 0.040315 0.391635
vt 0.017942 0.378136
vt 0.039502 0.378136
vt 0.571063 0.308176
vt 0.547876 0.308176
vt 0.548689 0.294677
vt 0.570250 0.294677
vt 0.318608 0.625833
vt 0.318608 0.602646
vt 0.305109 0.625019
vt 0.305109 0.603459
vt 0.083635 0.342081
vt 0.106822 0.342081
vt 0.084448 0.328582
vt 0.106009 0.328582
vt 0.242729 0.391635
vt 0.265915 0.391635
vt 0.243542 0.378136
vt 0.265102 0.378136
vt 0.621147 0.417185
vt 0.621147 0.393998
vt 0.607648 0.416372
vt 0.607648 0.394811
vt 0.136041 0.534836
vt 0.136041 0.558022
vt 0.122542 0.557209
vt 0.122542 0.535649
vt 0.040315 0.592458
vt 0.017128 0.592458
vt 0.017941 0.578959
vt 0.039502 0.578959
vt 0.511076 0.368162
vt 0.487890 0.368162
vt 0.488703 0.354663
vt 0.510263 0.354663
vt 0.498322 0.030414
vt 0.521509 0.030414
vt 0.499135 0.016914
vt 0.520696 0.016914
vt 0.380958 0.182987
vt 0.404145 0.182987
vt 0.403332 0.169488
vt 0.381771 0.169488
vt 0.208537 0.030413
vt 0.185351 0.030413
vt 0.186164 0.016914
vt 0.207724 0.016914
vt 0.631049 0.317304
vt 0.607862 0.317304
vt 0.608675 0.303805
vt 0.630236 0.303805
vt 0.093853 0.439845
vt 0.093853 0.418284
vt 0.594622 0.983252
vt 0.616340 0.935721
vt 0.620030 0.983036
vt 0.569036 0.978605
vt 0.599540 0.935804
vt 0.645497 0.979732
vt 0.567938 0.926170
vt 0.583301 0.932547
vt 0.524454 0.953532
vt 0.545687 0.967395
vt 0.506061 0.935576
vt 0.554323 0.916847
vt 0.491411 0.914114
vt 0.542798 0.904996
vt 0.481226 0.889970
vt 0.533784 0.891051
vt 0.476002 0.864124
vt 0.527644 0.875532
vt 0.476002 0.837632
vt 0.524643 0.859034
vt 0.481252 0.811574
vt 0.524923 0.842196
vt 0.491554 0.787002
vt 0.528495 0.825680
vt 0.506503 0.764893
vt 0.535238 0.810133
vt 0.525511 0.746119
vt 0.544899 0.796166
vt 0.547835 0.731410
vt 0.557112 0.784327
vt 0.572610 0.721333
vt 0.571407 0.775078
vt 0.598882 0.716273
vt 0.587235 0.768782
vt 0.625648 0.716424
vt 0.603985 0.765686
vt 0.621011 0.765914
vt 0.651893 0.721788
vt 0.637653 0.769462
vt 0.676626 0.732180
vt 0.698910 0.747241
vt 0.653264 0.776204
vt 0.717886 0.766456
vt 0.667231 0.785886
vt 0.732791 0.789178
vt 0.678994 0.798144
vt 0.742955 0.814641
vt 0.688073 0.812504
vt 0.697201 0.844799
vt 0.694085 0.828396
vt 0.745369 0.867888
vt 0.745915 0.841536
vt 0.739637 0.894018
vt 0.696572 0.861717
vt 0.685821 0.893244
vt 0.692646 0.878093
vt 0.712502 0.938724
vt 0.727359 0.917478
vt 0.693546 0.957070
vt 0.675872 0.906788
vt 0.670930 0.971616
vt 0.663450 0.918061
vt 0.632931 0.932220
vt 0.618878 0.603275
vt 0.766826 0.766780
vt 0.611100 0.611054
vt 0.453902 0.765308
vt 0.455374 0.766780
vt 0.461680 0.446077
vt 0.452430 0.452384
vt 0.460208 0.444605
vt 0.617406 0.601803
vt 0.774604 0.447549
vt 0.609628 0.609582
vt 0.184295 0.674952
vt 0.020790 0.822900
vt 0.176516 0.667174
vt 0.022262 0.509976
vt 0.020790 0.511448
vt 0.341493 0.517754
vt 0.335186 0.508504
vt 0.342965 0.516282
vt 0.185767 0.673480
vt 0.340021 0.830678
vt 0.177988 0.665702
vt 0.813181 0.355507
vt 0.961129 0.519011
vt 0.805403 0.363285
vt 0.648205 0.517539
vt 0.649677 0.519011
vt 0.655984 0.198309
vt 0.646733 0.204615
vt 0.654512 0.196837
vt 0.811710 0.354035
vt 0.968907 0.199781
vt 0.803931 0.361813
vt 0.372921 0.422301
vt 0.521446 0.584213
vt 0.366227 0.428995
vt 0.208005 0.581210
vt 0.211009 0.584213
vt 0.214699 0.264079
vt 0.205002 0.267769
vt 0.211695 0.261076
vt 0.369917 0.419298
vt 0.528139 0.267082
vt 0.363224 0.425991
vt 0.333663 0.017219
vt 0.026916 0.337353
vt 0.020222 0.020222
vt 0.706840 0.016879
vt 0.393916 0.018351
vt 0.039502 0.087333
vt 0.126178 0.071723
vt 0.441757 0.191695
vt 0.400723 0.513757
vt 0.301235 0.663445
vt 0.570250 0.440768
vt 0.080851 0.177035
vt 0.283359 0.206040
vt 0.343345 0.146053
vt 0.165995 0.323404
vt 0.206420 0.479890
vt 0.343345 0.237337
vt 0.116060 0.478271
vt 0.580682 0.071723
vt 0.560702 0.497223
vt 0.459406 0.625943
vt 0.207344 0.358298
vt 0.039502 0.432944
vt 0.570250 0.349485
vt 0.359917 0.603459
vt 0.106009 0.383390
vt 0.265102 0.432944
vt 0.662456 0.394811
vt 0.177351 0.535649
vt 0.039502 0.633767
vt 0.510263 0.409471
vt 0.520696 0.071723
vt 0.381771 0.224296
vt 0.207724 0.071723
vt 0.630236 0.358613
vt 0.148661 0.418284
vt 0.403331 0.131709
vt 0.648992 0.926642
vt 0.774604 0.759002
vt 0.453902 0.453856
vt 0.773132 0.446077
vt 0.028569 0.830678
vt 0.333714 0.509976
vt 0.341493 0.829207
vt 0.968908 0.511233
vt 0.648205 0.206087
vt 0.967436 0.198309
vt 0.528139 0.577520
vt 0.208005 0.270773
vt 0.525136 0.264079
s 1
usemtl マテリアル.003
f 931/1769/920 930/1770/921 929/1771/922
f 933/1772/923 929/1773/922 930/1770/921
f 934/1774/924 929/1775/922 932/1776/925
f 935/1777/926 932/1778/925 933/1772/923
f 936/1779/927 934/1774/924 935/1777/926
f 936/1779/927 933/1772/923 930/1770/921
f 938/1780/928 939/1781/929 1032/1782/930
f 943/1783/931 937/1784/932 938/1785/928
f 940/1786/933 939/1781/929 937/1787/932
f 941/1788/934 940/1789/933 937/1784/932
f 945/1790/935 941/1791/934 944/1792/936
f 946/1793/937 941/1791/934 943/1794/931
f 948/1795/938 944/1796/936 947/1797/939
f 949/1798/940 944/1796/936 946/1799/937
f 951/1800/941 947/1801/939 950/1802/942
f 952/1803/943 947/1801/939 949/1804/940
f 954/1805/944 950/1806/942 953/1807/945
f 955/1808/946 950/1806/942 952/1809/943
f 956/1810/947 954/1811/944 953/1812/945
f 958/1813/948 953/1812/945 955/1814/946
f 959/1815/949 957/1816/950 956/1817/947
f 961/1818/951 956/1817/947 958/1819/948
f 962/1820/952 960/1821/953 959/1822/949
f 962/1820/952 961/1823/951 964/1824/954
f 965/1825/955 963/1826/956 962/1827/952
f 967/1828/957 962/1827/952 964/1829/954
f 968/1830/958 966/1831/959 965/1832/955
f 970/1833/960 965/1832/955 967/1834/957
f 971/1835/961 969/1836/962 968/1837/958
f 973/1838/963 968/1837/958 970/1839/960
f 975/1840/964 971/1841/961 974/1842/965
f 976/1843/966 971/1841/961 973/1844/963
f 977/1845/967 975/1846/964 974/1847/965
f 979/1848/968 974/1847/965 976/1849/966
f 980/1850/969 978/1851/970 977/1852/967
f 982/1853/971 977/1852/967 979/1854/968
f 983/1855/972 981/1856/973 980/1857/969
f 985/1858/974 980/1857/969 982/1859/971
f 986/1860/975 984/1861/976 983/1862/972
f 988/1863/977 983/1862/972 985/1864/974
f 989/1865/978 987/1866/979 986/1867/975
f 991/1868/980 986/1867/975 988/1869/977
f 992/1870/981 990/1871/982 989/1872/978
f 994/1873/983 989/1872/978 991/1874/980
f 996/1875/984 992/1876/981 995/1877/985
f 997/1878/986 992/1876/981 994/1879/983
f 999/1880/987 995/1881/985 998/1882/988
f 1000/1883/989 995/1881/985 997/1884/986
f 1001/1885/990 999/1886/987 998/1887/988
f 1003/1888/991 998/1887/988 1000/1889/989
f 1004/1890/992 1002/1891/993 1001/1892/990
f 1004/1890/992 1003/1893/991 1006/1894/994
f 1007/1895/995 1005/1896/996 1004/1897/992
f 1007/1895/995 1006/1898/994 1009/1899/997
f 1010/1900/998 1008/1901/999 1007/1902/995
f 1010/1900/998 1009/1903/997 1012/1904/1000
f 1013/1905/1001 1011/1906/1002 1010/1907/998
f 1013/1905/1001 1012/1908/1000 1015/1909/1003
f 1016/1910/1004 1014/1911/1005 1013/1912/1001
f 1016/1910/1004 1015/1913/1003 1018/1914/1006
f 1020/1915/1007 1016/1916/1004 1019/1917/1008
f 1021/1918/1009 1016/1916/1004 1018/1919/1006
f 1022/1920/1010 1020/1921/1007 1019/1922/1008
f 1024/1923/1011 1019/1922/1008 1021/1924/1009
f 1025/1925/1012 1023/1926/1013 1022/1927/1010
f 1027/1928/1014 1022/1927/1010 1024/1929/1011
f 1028/1930/1015 1026/1931/1016 1025/1932/1012
f 1028/1930/1015 1027/1933/1014 1030/1934/1017
f 939/1935/929 1029/1936/1018 1028/1937/1015
f 1032/1938/930 1028/1937/1015 1030/1939/1017
f 1032/1938/930 1031/1940/1019 1033/1941/1020
f 1031/1942/1019 1027/1933/1014 1093/1943/1021
f 938/1780/928 1033/1944/1020 1035/1945/1022
f 1036/1946/1023 1033/1944/1020 1034/1947/1024
f 1033/1941/1020 1095/1948/1025 1034/1949/1024
f 943/1783/931 1035/1950/1022 1037/1951/1026
f 1037/1951/1026 1036/1952/1023 1038/1953/1027
f 946/1793/937 1037/1954/1026 1039/1955/1028
f 1040/1956/1029 1037/1954/1026 1038/1957/1027
f 949/1798/940 1039/1958/1028 1041/1959/1030
f 1042/1960/1031 1039/1958/1028 1040/1961/1029
f 952/1803/943 1041/1962/1030 1043/1963/1032
f 1044/1964/1033 1041/1962/1030 1042/1965/1031
f 955/1808/946 1043/1966/1032 1045/1967/1034
f 1045/1967/1034 1044/1968/1033 1046/1969/1035
f 958/1813/948 1045/1970/1034 1047/1971/1036
f 1047/1971/1036 1046/1972/1035 1048/1973/1037
f 961/1818/951 1047/1974/1036 1049/1975/1038
f 1049/1975/1038 1048/1976/1037 1050/1977/1039
f 1051/1978/1040 961/1823/951 1049/1979/1038
f 1051/1978/1040 1050/1980/1039 1052/1981/1041
f 967/1828/957 1051/1982/1040 1053/1983/1042
f 1053/1983/1042 1052/1984/1041 1054/1985/1043
f 970/1833/960 1053/1986/1042 1055/1987/1044
f 1055/1987/1044 1054/1988/1043 1056/1989/1045
f 973/1838/963 1055/1990/1044 1057/1991/1046
f 1057/1991/1046 1056/1992/1045 1058/1993/1047
f 976/1843/966 1057/1994/1046 1059/1995/1048
f 1060/1996/1049 1057/1994/1046 1058/1997/1047
f 979/1848/968 1059/1998/1048 1061/1999/1050
f 1061/1999/1050 1060/2000/1049 1062/2001/1051
f 982/1853/971 1061/2002/1050 1063/2003/1052
f 1063/2003/1052 1062/2004/1051 1064/2005/1053
f 985/1858/974 1063/2006/1052 1065/2007/1054
f 1065/2007/1054 1064/2008/1053 1066/2009/1055
f 988/1863/977 1065/2010/1054 1067/2011/1056
f 1067/2011/1056 1066/2012/1055 1068/2013/1057
f 991/1868/980 1067/2014/1056 1069/2015/1058
f 1069/2015/1058 1068/2016/1057 1070/2017/1059
f 994/1873/983 1069/2018/1058 1071/2019/1060
f 1071/2019/1060 1070/2020/1059 1072/2021/1061
f 997/1878/986 1071/2022/1060 1073/2023/1062
f 1074/2024/1063 1071/2022/1060 1072/2025/1061
f 1000/1883/989 1073/2026/1062 1075/2027/1064
f 1075/2027/1064 1074/2028/1063 1076/2029/1065
f 1003/1888/991 1075/2030/1064 1077/2031/1066
f 1077/2031/1066 1076/2032/1065 1078/2033/1067
f 1006/1894/994 1077/2034/1066 1079/2035/1068
f 1079/2035/1068 1078/2036/1067 1080/2037/1069
f 1081/2038/1070 1006/1898/994 1079/2039/1068
f 1081/2038/1070 1080/2040/1069 1082/2041/1071
f 1083/2042/1072 1009/1903/997 1081/2043/1070
f 1083/2042/1072 1082/2044/1071 1084/2045/1073
f 1085/2046/1074 1012/1908/1000 1083/2047/1072
f 1085/2046/1074 1084/2048/1073 1086/2049/1075
f 1087/2050/1076 1015/1913/1003 1085/2051/1074
f 1087/2050/1076 1086/2052/1075 1088/2053/1077
f 1021/1918/1009 1087/2054/1076 1089/2055/1078
f 1090/2056/1079 1087/2054/1076 1088/2057/1077
f 1024/1923/1011 1089/2058/1078 1091/2059/1080
f 1091/2059/1080 1090/2060/1079 1092/2061/1081
f 1027/1928/1014 1091/2062/1080 1093/2063/1021
f 1093/2063/1021 1092/2064/1081 1094/2065/1082
f 1031/1942/1019 1094/2066/1082 1095/2067/1025
f 1094/2068/1082 1029/2069/1018 1095/2070/1025
f 1092/2071/1081 1026/2072/1016 1094/2068/1082
f 1029/2069/1018 1034/2073/1024 1095/2070/1025
f 1092/2071/1081 1020/2074/1007 1023/2075/1013
f 1088/2076/1077 1020/2074/1007 1090/2077/1079
f 1086/2078/1075 1017/2079/1083 1088/2076/1077
f 1084/2080/1073 1014/2081/1005 1086/2078/1075
f 1082/2082/1071 1011/2083/1002 1084/2080/1073
f 1080/2084/1069 1008/2085/999 1082/2082/1071
f 1078/2086/1067 1005/2087/996 1080/2084/1069
f 1076/2088/1065 1002/2089/993 1078/2086/1067
f 1074/2090/1063 999/2091/987 1076/2088/1065
f 1072/2092/1061 996/2093/984 1074/2090/1063
f 1070/2094/1059 993/2095/1084 1072/2092/1061
f 1068/2096/1057 990/2097/982 1070/2094/1059
f 1066/2098/1055 987/2099/979 1068/2096/1057
f 1064/2100/1053 984/2101/976 1066/2098/1055
f 1062/2102/1051 981/2103/973 1064/2100/1053
f 978/2104/970 1060/2105/1049 975/2106/964
f 1058/2107/1047 975/2106/964 1060/2105/1049
f 1056/2108/1045 972/2109/1085 1058/2107/1047
f 1054/2110/1043 969/2111/962 1056/2108/1045
f 1052/2112/1041 966/2113/959 1054/2110/1043
f 1050/2114/1039 963/2115/956 1052/2112/1041
f 1050/2114/1039 957/2116/950 960/2117/953
f 1046/2118/1035 957/2116/950 1048/2119/1037
f 1044/2120/1033 954/2121/944 1046/2118/1035
f 1044/2120/1033 948/2122/938 951/2123/941
f 1040/2124/1029 948/2122/938 1042/2125/1031
f 1038/2126/1027 945/2127/935 1040/2124/1029
f 1036/2128/1023 942/2129/1086 1038/2126/1027
f 1096/2130/1087 1036/2128/1023 1034/2073/1024
f 1099/2131/1088 1098/2132/1089 1097/2133/1090
f 1101/2134/1091 1097/2135/1090 1098/2132/1089
f 1102/2136/1092 1097/2137/1090 1100/2138/1093
f 1103/2139/1094 1100/2140/1093 1101/2134/1091
f 1104/2141/1095 1102/2136/1092 1103/2139/1094
f 1104/2141/1095 1101/2134/1091 1098/2132/1089
f 1107/2142/1096 1106/2143/1097 1105/2144/1098
f 1109/2145/1099 1105/2146/1098 1106/2143/1097
f 1110/2147/1100 1105/2148/1098 1108/2149/1101
f 1111/2150/1102 1108/2151/1101 1109/2145/1099
f 1111/2150/1102 1107/2152/1096 1110/2147/1100
f 1112/2153/1103 1109/2145/1099 1106/2143/1097
f 1115/2154/1088 1114/2155/1089 1113/2156/1090
f 1117/2157/1091 1113/2158/1090 1114/2155/1089
f 1118/2159/1092 1113/2160/1090 1116/2161/1093
f 1119/2162/1094 1116/2163/1093 1117/2157/1091
f 1120/2164/1095 1118/2159/1092 1119/2162/1094
f 1120/2164/1095 1117/2157/1091 1114/2155/1089
f 1123/2165/1096 1122/2166/1097 1121/2167/1098
f 1125/2168/1099 1121/2169/1098 1122/2166/1097
f 1126/2170/1100 1121/2171/1098 1124/2172/1101
f 1127/2173/1102 1124/2174/1101 1125/2168/1099
f 1127/2173/1102 1123/2175/1096 1126/2170/1100
f 1128/2176/1103 1125/2168/1099 1122/2166/1097
f 1131/2177/920 1130/2178/921 1129/2179/922
f 1133/2180/923 1129/2181/922 1130/2178/921
f 1134/2182/924 1129/2183/922 1132/2184/925
f 1135/2185/926 1132/2186/925 1133/2180/923
f 1136/2187/927 1134/2182/924 1135/2185/926
f 1136/2187/927 1133/2180/923 1130/2178/921
f 931/1769/920 936/1779/927 930/1770/921
f 933/1772/923 932/2188/925 929/1773/922
f 934/1774/924 931/2189/920 929/1775/922
f 935/1777/926 934/2190/924 932/1778/925
f 936/1779/927 931/2189/920 934/1774/924
f 936/1779/927 935/1777/926 933/1772/923
f 938/1780/928 937/1787/932 939/1781/929
f 943/1783/931 941/1788/934 937/1784/932
f 940/1786/933 1096/2191/1087 939/1781/929
f 941/1788/934 942/2192/1086 940/1789/933
f 945/1790/935 942/2193/1086 941/1791/934
f 946/1793/937 944/1792/936 941/1791/934
f 948/1795/938 945/2194/935 944/1796/936
f 949/1798/940 947/1797/939 944/1796/936
f 951/1800/941 948/2195/938 947/1801/939
f 952/1803/943 950/1802/942 947/1801/939
f 954/1805/944 951/2196/941 950/1806/942
f 955/1808/946 953/1807/945 950/1806/942
f 956/1810/947 957/2197/950 954/1811/944
f 958/1813/948 956/1810/947 953/1812/945
f 959/1815/949 960/2198/953 957/1816/950
f 961/1818/951 959/1815/949 956/1817/947
f 962/1820/952 963/2199/956 960/1821/953
f 962/1820/952 959/1822/949 961/1823/951
f 965/1825/955 966/2200/959 963/1826/956
f 967/1828/957 965/1825/955 962/1827/952
f 968/1830/958 969/2201/962 966/1831/959
f 970/1833/960 968/1830/958 965/1832/955
f 971/1835/961 972/2202/1085 969/1836/962
f 973/1838/963 971/1835/961 968/1837/958
f 975/1840/964 972/2203/1085 971/1841/961
f 976/1843/966 974/1842/965 971/1841/961
f 977/1845/967 978/2204/970 975/1846/964
f 979/1848/968 977/1845/967 974/1847/965
f 980/1850/969 981/2205/973 978/1851/970
f 982/1853/971 980/1850/969 977/1852/967
f 983/1855/972 984/2206/976 981/1856/973
f 985/1858/974 983/1855/972 980/1857/969
f 986/1860/975 987/2207/979 984/1861/976
f 988/1863/977 986/1860/975 983/1862/972
f 989/1865/978 990/2208/982 987/1866/979
f 991/1868/980 989/1865/978 986/1867/975
f 992/1870/981 993/2209/1084 990/1871/982
f 994/1873/983 992/1870/981 989/1872/978
f 996/1875/984 993/2210/1084 992/1876/981
f 997/1878/986 995/1877/985 992/1876/981
f 999/1880/987 996/2211/984 995/1881/985
f 1000/1883/989 998/1882/988 995/1881/985
f 1001/1885/990 1002/2212/993 999/1886/987
f 1003/1888/991 1001/1885/990 998/1887/988
f 1004/1890/992 1005/2213/996 1002/1891/993
f 1004/1890/992 1001/1892/990 1003/1893/991
f 1007/1895/995 1008/2214/999 1005/1896/996
f 1007/1895/995 1004/1897/992 1006/1898/994
f 1010/1900/998 1011/2215/1002 1008/1901/999
f 1010/1900/998 1007/1902/995 1009/1903/997
f 1013/1905/1001 1014/2216/1005 1011/1906/1002
f 1013/1905/1001 1010/1907/998 1012/1908/1000
f 1016/1910/1004 1017/2217/1083 1014/1911/1005
f 1016/1910/1004 1013/1912/1001 1015/1913/1003
f 1020/1915/1007 1017/2218/1083 1016/1916/1004
f 1021/1918/1009 1019/1917/1008 1016/1916/1004
f 1022/1920/1010 1023/2219/1013 1020/1921/1007
f 1024/1923/1011 1022/1920/1010 1019/1922/1008
f 1025/1925/1012 1026/2220/1016 1023/1926/1013
f 1027/1928/1014 1025/1925/1012 1022/1927/1010
f 1028/1930/1015 1029/2221/1018 1026/1931/1016
f 1028/1930/1015 1025/1932/1012 1027/1933/1014
f 939/1935/929 1096/2222/1087 1029/1936/1018
f 1032/1938/930 939/1935/929 1028/1937/1015
f 1032/1938/930 1030/1939/1017 1031/1940/1019
f 1031/1942/1019 1030/1934/1017 1027/1933/1014
f 938/1780/928 1032/1782/930 1033/1944/1020
f 1036/1946/1023 1035/1945/1022 1033/1944/1020
f 1033/1941/1020 1031/1940/1019 1095/1948/1025
f 943/1783/931 938/1785/928 1035/1950/1022
f 1037/1951/1026 1035/1950/1022 1036/1952/1023
f 946/1793/937 943/1794/931 1037/1954/1026
f 1040/1956/1029 1039/1955/1028 1037/1954/1026
f 949/1798/940 946/1799/937 1039/1958/1028
f 1042/1960/1031 1041/1959/1030 1039/1958/1028
f 952/1803/943 949/1804/940 1041/1962/1030
f 1044/1964/1033 1043/1963/1032 1041/1962/1030
f 955/1808/946 952/1809/943 1043/1966/1032
f 1045/1967/1034 1043/1966/1032 1044/1968/1033
f 958/1813/948 955/1814/946 1045/1970/1034
f 1047/1971/1036 1045/1970/1034 1046/1972/1035
f 961/1818/951 958/1819/948 1047/1974/1036
f 1049/1975/1038 1047/1974/1036 1048/1976/1037
f 1051/1978/1040 964/1824/954 961/1823/951
f 1051/1978/1040 1049/1979/1038 1050/1980/1039
f 967/1828/957 964/1829/954 1051/1982/1040
f 1053/1983/1042 1051/1982/1040 1052/1984/1041
f 970/1833/960 967/1834/957 1053/1986/1042
f 1055/1987/1044 1053/1986/1042 1054/1988/1043
f 973/1838/963 970/1839/960 1055/1990/1044
f 1057/1991/1046 1055/1990/1044 1056/1992/1045
f 976/1843/966 973/1844/963 1057/1994/1046
f 1060/1996/1049 1059/1995/1048 1057/1994/1046
f 979/1848/968 976/1849/966 1059/1998/1048
f 1061/1999/1050 1059/1998/1048 1060/2000/1049
f 982/1853/971 979/1854/968 1061/2002/1050
f 1063/2003/1052 1061/2002/1050 1062/2004/1051
f 985/1858/974 982/1859/971 1063/2006/1052
f 1065/2007/1054 1063/2006/1052 1064/2008/1053
f 988/1863/977 985/1864/974 1065/2010/1054
f 1067/2011/1056 1065/2010/1054 1066/2012/1055
f 991/1868/980 988/1869/977 1067/2014/1056
f 1069/2015/1058 1067/2014/1056 1068/2016/1057
f 994/1873/983 991/1874/980 1069/2018/1058
f 1071/2019/1060 1069/2018/1058 1070/2020/1059
f 997/1878/986 994/1879/983 1071/2022/1060
f 1074/2024/1063 1073/2023/1062 1071/2022/1060
f 1000/1883/989 997/1884/986 1073/2026/1062
f 1075/2027/1064 1073/2026/1062 1074/2028/1063
f 1003/1888/991 1000/1889/989 1075/2030/1064
f 1077/2031/1066 1075/2030/1064 1076/2032/1065
f 1006/1894/994 1003/1893/991 1077/2034/1066
f 1079/2035/1068 1077/2034/1066 1078/2036/1067
f 1081/2038/1070 1009/1899/997 1006/1898/994
f 1081/2038/1070 1079/2039/1068 1080/2040/1069
f 1083/2042/1072 1012/1904/1000 1009/1903/997
f 1083/2042/1072 1081/2043/1070 1082/2044/1071
f 1085/2046/1074 1015/1909/1003 1012/1908/1000
f 1085/2046/1074 1083/2047/1072 1084/2048/1073
f 1087/2050/1076 1018/1914/1006 1015/1913/1003
f 1087/2050/1076 1085/2051/1074 1086/2052/1075
f 1021/1918/1009 1018/1919/1006 1087/2054/1076
f 1090/2056/1079 1089/2055/1078 1087/2054/1076
f 1024/1923/1011 1021/1924/1009 1089/2058/1078
f 1091/2059/1080 1089/2058/1078 1090/2060/1079
f 1027/1928/1014 1024/1929/1011 1091/2062/1080
f 1093/2063/1021 1091/2062/1080 1092/2064/1081
f 1031/1942/1019 1093/1943/1021 1094/2066/1082
f 1094/2068/1082 1026/2072/1016 1029/2069/1018
f 1092/2071/1081 1023/2075/1013 1026/2072/1016
f 1029/2069/1018 1096/2130/1087 1034/2073/1024
f 1092/2071/1081 1090/2077/1079 1020/2074/1007
f 1088/2076/1077 1017/2079/1083 1020/2074/1007
f 1086/2078/1075 1014/2081/1005 1017/2079/1083
f 1084/2080/1073 1011/2083/1002 1014/2081/1005
f 1082/2082/1071 1008/2085/999 1011/2083/1002
f 1080/2084/1069 1005/2087/996 1008/2085/999
f 1078/2086/1067 1002/2089/993 1005/2087/996
f 1076/2088/1065 999/2091/987 1002/2089/993
f 1074/2090/1063 996/2093/984 999/2091/987
f 1072/2092/1061 993/2095/1084 996/2093/984
f 1070/2094/1059 990/2097/982 993/2095/1084
f 1068/2096/1057 987/2099/979 990/2097/982
f 1066/2098/1055 984/2101/976 987/2099/979
f 1064/2100/1053 981/2103/973 984/2101/976
f 1062/2102/1051 978/2104/970 981/2103/973
f 978/2104/970 1062/2102/1051 1060/2105/1049
f 1058/2107/1047 972/2109/1085 975/2106/964
f 1056/2108/1045 969/2111/962 972/2109/1085
f 1054/2110/1043 966/2113/959 969/2111/962
f 1052/2112/1041 963/2115/956 966/2113/959
f 1050/2114/1039 960/2117/953 963/2115/956
f 1050/2114/1039 1048/2119/1037 957/2116/950
f 1046/2118/1035 954/2121/944 957/2116/950
f 1044/2120/1033 951/2123/941 954/2121/944
f 1044/2120/1033 1042/2125/1031 948/2122/938
f 1040/2124/1029 945/2127/935 948/2122/938
f 1038/2126/1027 942/2129/1086 945/2127/935
f 1036/2128/1023 940/2223/933 942/2129/1086
f 1096/2130/1087 940/2223/933 1036/2128/1023
f 1099/2131/1088 1104/2141/1095 1098/2132/1089
f 1101/2134/1091 1100/2224/1093 1097/2135/1090
f 1102/2136/1092 1099/2225/1088 1097/2137/1090
f 1103/2139/1094 1102/2226/1092 1100/2140/1093
f 1104/2141/1095 1099/2225/1088 1102/2136/1092
f 1104/2141/1095 1103/2139/1094 1101/2134/1091
f 1107/2142/1096 1112/2153/1103 1106/2143/1097
f 1109/2145/1099 1108/2227/1101 1105/2146/1098
f 1110/2147/1100 1107/2152/1096 1105/2148/1098
f 1111/2150/1102 1110/2228/1100 1108/2151/1101
f 1111/2150/1102 1112/2153/1103 1107/2152/1096
f 1112/2153/1103 1111/2150/1102 1109/2145/1099
f 1115/2154/1088 1120/2164/1095 1114/2155/1089
f 1117/2157/1091 1116/2229/1093 1113/2158/1090
f 1118/2159/1092 1115/2230/1088 1113/2160/1090
f 1119/2162/1094 1118/2231/1092 1116/2163/1093
f 1120/2164/1095 1115/2230/1088 1118/2159/1092
f 1120/2164/1095 1119/2162/1094 1117/2157/1091
f 1123/2165/1096 1128/2176/1103 1122/2166/1097
f 1125/2168/1099 1124/2232/1101 1121/2169/1098
f 1126/2170/1100 1123/2175/1096 1121/2171/1098
f 1127/2173/1102 1126/2233/1100 1124/2174/1101
f 1127/2173/1102 1128/2176/1103 1123/2175/1096
f 1128/2176/1103 1127/2173/1102 1125/2168/1099
f 1131/2177/920 1136/2187/927 1130/2178/921
f 1133/2180/923 1132/2234/925 1129/2181/922
f 1134/2182/924 1131/2235/920 1129/2183/922
f 1135/2185/926 1134/2236/924 1132/2186/925
f 1136/2187/927 1131/2235/920 1134/2182/924
f 1136/2187/927 1135/2185/926 1133/2180/923
usemtl マテリアル.001
f 1143/2237/1104 1137/2238/1105 1138/2239/1106
f 1139/2240/1107 1138/2241/1106 1137/2242/1105
f 1142/2243/1108 1137/2238/1105 1140/2244/1109
f 1145/2245/1110 1140/2246/1109 1143/2247/1104
f 1154/2248/1111 1140/2246/1109 1141/2249/1112
f 1144/2250/1113 1138/2251/1106 1206/2252/1114
f 1146/2253/1115 1143/2254/1104 1144/2250/1113
f 1146/2253/1115 1147/2255/1116 1145/2256/1110
f 1145/2257/1110 1150/2258/1117 1141/2259/1112
f 1148/2260/1118 1149/2261/1119 1147/2255/1116
f 1147/2262/1116 1151/2263/1120 1150/2264/1117
f 1150/2258/1117 1154/2265/1111 1141/2259/1112
f 1151/2263/1120 1152/2266/1121 1150/2264/1117
f 1155/2267/1122 1153/2268/1123 1152/2266/1121
f 1152/2269/1121 1234/2270/1124 1154/2265/1111
f 1157/2271/1125 1156/2272/1126 1155/2273/1122
f 1149/2274/1119 1155/2273/1122 1151/2275/1120
f 1221/2276/1127 1157/2277/1125 1149/2278/1119
f 1158/2279/1128 1159/2280/1129 1157/2277/1125
f 1162/2281/1130 1159/2282/1129 1160/2283/1131
f 1161/2284/1132 1156/2272/1126 1159/2282/1129
f 1232/2285/1133 1161/2284/1132 1162/2281/1130
f 1163/2286/1134 1164/2287/1135 1161/2284/1132
f 1165/2288/1136 1166/2289/1137 1164/2290/1135
f 1164/2290/1135 1153/2268/1123 1156/2291/1126
f 1166/2292/1137 1234/2270/1124 1153/2293/1123
f 1168/2294/1138 1167/2295/1139 1166/2292/1137
f 1170/2296/1140 1165/2288/1136 1163/2297/1134
f 1172/2298/1141 1168/2294/1138 1170/2299/1140
f 1171/2300/1142 1163/2297/1134 1232/2301/1133
f 1173/2302/1143 1170/2299/1140 1171/2303/1142
f 1173/2304/1143 1174/2305/1144 1172/2306/1141
f 1172/2306/1141 1177/2307/1145 1169/2308/1146
f 1175/2309/1147 1176/2310/1148 1174/2311/1144
f 1174/2311/1144 1178/2312/1149 1177/2313/1145
f 1167/2314/1139 1177/2307/1145 1179/2315/1150
f 1179/2316/1150 1178/2312/1149 1181/2317/1151
f 1234/2318/1124 1179/2315/1150 1180/2319/1152
f 1180/2320/1152 1181/2317/1151 1182/2321/1153
f 1182/2322/1153 1183/2323/1154 1184/2324/1155
f 1181/2325/1151 1176/2326/1148 1183/2323/1154
f 1184/2324/1155 1185/2327/1156 1186/2328/1157
f 1183/2323/1154 1188/2329/1158 1185/2327/1156
f 1185/2330/1156 1201/2331/1159 1186/2332/1157
f 1188/2333/1158 1187/2334/1160 1185/2330/1156
f 1189/2335/1161 1175/2336/1147 1191/2337/1162
f 1190/2338/1163 1191/2337/1162 1193/2339/1164
f 1189/2340/1161 1198/2341/1165 1187/2334/1160
f 1193/2342/1164 1192/2343/1166 1194/2344/1167
f 1191/2345/1162 1173/2346/1143 1192/2343/1166
f 1190/2338/1163 1195/2347/1168 1198/2348/1165
f 1193/2342/1164 1197/2349/1169 1195/2350/1168
f 1198/2348/1165 1196/2351/1170 1199/2352/1171
f 1195/2350/1168 1213/2353/1172 1196/2354/1170
f 1187/2334/1160 1199/2355/1171 1201/2331/1159
f 1200/2356/1173 1196/2351/1170 1211/2357/1174
f 1202/2358/1175 1199/2355/1171 1200/2359/1173
f 1203/2360/1176 1201/2331/1159 1202/2361/1175
f 1206/2362/1114 1202/2361/1175 1204/2363/1177
f 1204/2364/1177 1200/2359/1173 1205/2365/1178
f 1205/2366/1178 1207/2367/1179 1204/2368/1177
f 1204/2369/1177 1144/2250/1113 1206/2252/1114
f 1209/2370/1180 1208/2371/1181 1207/2372/1179
f 1207/2373/1179 1146/2253/1115 1144/2250/1113
f 1209/2370/1180 1212/2374/1182 1210/2375/1183
f 1205/2366/1178 1211/2357/1174 1209/2376/1180
f 1211/2377/1174 1213/2353/1172 1212/2374/1182
f 1213/2378/1172 1214/2379/1184 1212/2380/1182
f 1212/2380/1182 1217/2381/1185 1210/2382/1183
f 1215/2383/1186 1216/2384/1187 1214/2385/1184
f 1214/2385/1184 1218/2386/1188 1217/2387/1185
f 1218/2386/1188 1219/2388/1189 1217/2387/1185
f 1217/2381/1185 1208/2389/1181 1210/2382/1183
f 1219/2390/1189 1146/2253/1115 1208/2391/1181
f 1220/2392/1190 1148/2260/1118 1219/2390/1189
f 1222/2393/1191 1221/2394/1127 1220/2395/1190
f 1216/2396/1187 1220/2397/1190 1218/2398/1188
f 1225/2399/1192 1222/2400/1191 1216/2396/1187
f 1223/2401/1193 1158/2402/1128 1222/2393/1191
f 1225/2399/1192 1224/2403/1194 1223/2404/1193
f 1223/2404/1193 1162/2405/1130 1160/2406/1131
f 1215/2383/1186 1226/2407/1195 1225/2408/1192
f 1226/2409/1195 1231/2410/1196 1224/2403/1194
f 1228/2411/1197 1227/2412/1198 1226/2407/1195
f 1197/2413/1169 1229/2414/1199 1228/2415/1197
f 1213/2378/1172 1228/2415/1197 1215/2416/1186
f 1229/2414/1199 1192/2417/1166 1230/2418/1200
f 1227/2412/1198 1230/2419/1200 1231/2420/1196
f 1230/2418/1200 1173/2421/1143 1171/2422/1142
f 1231/2420/1196 1171/2423/1142 1232/2424/1133
f 1224/2403/1194 1232/2425/1133 1162/2405/1130
f 1233/2426/1201 1206/2427/1114 1138/2428/1106
f 1184/2324/1155 1203/2429/1176 1233/2426/1201
f 1182/2322/1153 1233/2430/1201 1139/2240/1107
f 1180/2320/1152 1139/2431/1107 1142/2243/1108
f 1234/2318/1124 1142/2432/1108 1154/2248/1111
f 1143/2237/1104 1140/2244/1109 1137/2238/1105
f 1139/2240/1107 1233/2430/1201 1138/2241/1106
f 1142/2243/1108 1139/2431/1107 1137/2238/1105
f 1145/2245/1110 1141/2249/1112 1140/2246/1109
f 1154/2248/1111 1142/2432/1108 1140/2246/1109
f 1144/2250/1113 1143/2254/1104 1138/2251/1106
f 1146/2253/1115 1145/2256/1110 1143/2254/1104
f 1146/2253/1115 1148/2260/1118 1147/2255/1116
f 1145/2257/1110 1147/2433/1116 1150/2258/1117
f 1148/2260/1118 1221/2434/1127 1149/2261/1119
f 1147/2262/1116 1149/2435/1119 1151/2263/1120
f 1150/2258/1117 1152/2269/1121 1154/2265/1111
f 1151/2263/1120 1155/2267/1122 1152/2266/1121
f 1155/2267/1122 1156/2291/1126 1153/2268/1123
f 1152/2269/1121 1153/2293/1123 1234/2270/1124
f 1157/2271/1125 1159/2282/1129 1156/2272/1126
f 1149/2274/1119 1157/2271/1125 1155/2273/1122
f 1221/2276/1127 1158/2279/1128 1157/2277/1125
f 1158/2279/1128 1160/2436/1131 1159/2280/1129
f 1162/2281/1130 1161/2284/1132 1159/2282/1129
f 1161/2284/1132 1164/2287/1135 1156/2272/1126
f 1232/2285/1133 1163/2437/1134 1161/2284/1132
f 1163/2286/1134 1165/2438/1136 1164/2287/1135
f 1165/2288/1136 1168/2439/1138 1166/2289/1137
f 1164/2290/1135 1166/2289/1137 1153/2268/1123
f 1166/2292/1137 1167/2295/1139 1234/2270/1124
f 1168/2294/1138 1169/2440/1146 1167/2295/1139
f 1170/2296/1140 1168/2439/1138 1165/2288/1136
f 1172/2298/1141 1169/2440/1146 1168/2294/1138
f 1171/2300/1142 1170/2296/1140 1163/2297/1134
f 1173/2302/1143 1172/2298/1141 1170/2299/1140
f 1173/2304/1143 1175/2441/1147 1174/2305/1144
f 1172/2306/1141 1174/2305/1144 1177/2307/1145
f 1175/2309/1147 1188/2442/1158 1176/2310/1148
f 1174/2311/1144 1176/2310/1148 1178/2312/1149
f 1167/2314/1139 1169/2308/1146 1177/2307/1145
f 1179/2316/1150 1177/2313/1145 1178/2312/1149
f 1234/2318/1124 1167/2314/1139 1179/2315/1150
f 1180/2320/1152 1179/2316/1150 1181/2317/1151
f 1182/2322/1153 1181/2325/1151 1183/2323/1154
f 1181/2325/1151 1178/2443/1149 1176/2326/1148
f 1184/2324/1155 1183/2323/1154 1185/2327/1156
f 1183/2323/1154 1176/2444/1148 1188/2329/1158
f 1185/2330/1156 1187/2334/1160 1201/2331/1159
f 1188/2333/1158 1189/2445/1161 1187/2334/1160
f 1189/2335/1161 1188/2446/1158 1175/2336/1147
f 1190/2338/1163 1189/2335/1161 1191/2337/1162
f 1189/2340/1161 1190/2447/1163 1198/2341/1165
f 1193/2342/1164 1191/2345/1162 1192/2343/1166
f 1191/2345/1162 1175/2448/1147 1173/2346/1143
f 1190/2338/1163 1193/2339/1164 1195/2347/1168
f 1193/2342/1164 1194/2344/1167 1197/2349/1169
f 1198/2348/1165 1195/2347/1168 1196/2351/1170
f 1195/2350/1168 1197/2349/1169 1213/2353/1172
f 1187/2334/1160 1198/2341/1165 1199/2355/1171
f 1200/2356/1173 1199/2352/1171 1196/2351/1170
f 1202/2358/1175 1201/2331/1159 1199/2355/1171
f 1203/2360/1176 1186/2332/1157 1201/2331/1159
f 1206/2362/1114 1203/2360/1176 1202/2361/1175
f 1204/2364/1177 1202/2358/1175 1200/2359/1173
f 1205/2366/1178 1209/2376/1180 1207/2367/1179
f 1204/2369/1177 1207/2373/1179 1144/2250/1113
f 1209/2370/1180 1210/2375/1183 1208/2371/1181
f 1207/2373/1179 1208/2391/1181 1146/2253/1115
f 1209/2370/1180 1211/2377/1174 1212/2374/1182
f 1205/2366/1178 1200/2356/1173 1211/2357/1174
f 1211/2377/1174 1196/2354/1170 1213/2353/1172
f 1213/2378/1172 1215/2416/1186 1214/2379/1184
f 1212/2380/1182 1214/2379/1184 1217/2381/1185
f 1215/2383/1186 1225/2408/1192 1216/2384/1187
f 1214/2385/1184 1216/2384/1187 1218/2386/1188
f 1218/2386/1188 1220/2449/1190 1219/2388/1189
f 1217/2381/1185 1219/2450/1189 1208/2389/1181
f 1219/2390/1189 1148/2260/1118 1146/2253/1115
f 1220/2392/1190 1221/2434/1127 1148/2260/1118
f 1222/2393/1191 1158/2402/1128 1221/2394/1127
f 1216/2396/1187 1222/2400/1191 1220/2397/1190
f 1225/2399/1192 1223/2404/1193 1222/2400/1191
f 1223/2401/1193 1160/2451/1131 1158/2402/1128
f 1225/2399/1192 1226/2409/1195 1224/2403/1194
f 1223/2404/1193 1224/2403/1194 1162/2405/1130
f 1215/2383/1186 1228/2411/1197 1226/2407/1195
f 1226/2409/1195 1227/2452/1198 1231/2410/1196
f 1228/2411/1197 1229/2453/1199 1227/2412/1198
f 1197/2413/1169 1194/2454/1167 1229/2414/1199
f 1213/2378/1172 1197/2413/1169 1228/2415/1197
f 1229/2414/1199 1194/2454/1167 1192/2417/1166
f 1227/2412/1198 1229/2453/1199 1230/2419/1200
f 1230/2418/1200 1192/2417/1166 1173/2421/1143
f 1231/2420/1196 1230/2419/1200 1171/2423/1142
f 1224/2403/1194 1231/2455/1196 1232/2425/1133
f 1233/2426/1201 1203/2429/1176 1206/2427/1114
f 1184/2324/1155 1186/2328/1157 1203/2429/1176
f 1182/2322/1153 1184/2324/1155 1233/2430/1201
f 1180/2320/1152 1182/2321/1153 1139/2431/1107
f 1234/2318/1124 1180/2319/1152 1142/2432/1108
usemtl マテリアル
f 1237/2456/1202 1236/2457/1203 1235/2458/1204
f 1239/2459/1205 1235/2460/1204 1236/2457/1203
f 1240/2461/1206 1235/2462/1204 1238/2463/1207
f 1241/2464/1208 1238/2465/1207 1239/2459/1205
f 1242/2466/1209 1240/2461/1206 1241/2464/1208
f 1242/2466/1209 1239/2459/1205 1236/2457/1203
f 1243/2467/952 1338/2468/951 1244/2469/954
f 1249/2470/957 1243/2471/952 1244/2472/954
f 1243/2467/952 1402/2473/953 1245/2474/949
f 1248/2475/959 1243/2471/952 1247/2476/955
f 1251/2477/962 1247/2478/955 1250/2479/958
f 1252/2480/960 1247/2478/955 1249/2481/957
f 1253/2482/961 1251/2483/962 1250/2484/958
f 1255/2485/963 1250/2484/958 1252/2486/960
f 1257/2487/964 1253/2488/961 1256/2489/965
f 1258/2490/966 1253/2488/961 1255/2491/963
f 1259/2492/967 1257/2493/964 1256/2494/965
f 1261/2495/968 1256/2494/965 1258/2496/966
f 1262/2497/1210 1260/2498/970 1259/2499/967
f 1264/2500/971 1259/2499/967 1261/2501/968
f 1265/2502/972 1263/2503/1211 1262/2504/1210
f 1267/2505/974 1262/2504/1210 1264/2506/971
f 1268/2507/975 1266/2508/976 1265/2509/972
f 1270/2510/977 1265/2509/972 1267/2511/974
f 1271/2512/978 1269/2513/979 1268/2514/975
f 1271/2512/978 1270/2515/977 1273/2516/980
f 1274/2517/981 1272/2518/982 1271/2519/978
f 1276/2520/983 1271/2519/978 1273/2521/980
f 1277/2522/985 1275/2523/1084 1274/2524/981
f 1279/2525/986 1274/2524/981 1276/2526/983
f 1280/2527/1212 1278/2528/984 1277/2529/985
f 1282/2530/989 1277/2529/985 1279/2531/986
f 1283/2532/990 1281/2533/987 1280/2534/1212
f 1285/2535/991 1280/2534/1212 1282/2536/989
f 1286/2537/992 1284/2538/993 1283/2539/990
f 1288/2540/994 1283/2539/990 1285/2541/991
f 1289/2542/995 1287/2543/996 1286/2544/992
f 1291/2545/997 1286/2544/992 1288/2546/994
f 1292/2547/998 1290/2548/999 1289/2549/995
f 1294/2550/1000 1289/2549/995 1291/2551/997
f 1295/2552/1001 1293/2553/1002 1292/2554/998
f 1297/2555/1003 1292/2554/998 1294/2556/1000
f 1298/2557/1004 1296/2558/1005 1295/2559/1001
f 1300/2560/1006 1295/2559/1001 1297/2561/1003
f 1302/2562/1007 1298/2563/1004 1301/2564/1008
f 1303/2565/1009 1298/2563/1004 1300/2566/1006
f 1304/2567/1213 1302/2568/1007 1301/2569/1008
f 1306/2570/1011 1301/2569/1008 1303/2571/1009
f 1307/2572/1012 1305/2573/1013 1304/2574/1213
f 1309/2575/1014 1304/2574/1213 1306/2576/1011
f 1310/2577/1015 1308/2578/1016 1307/2579/1012
f 1310/2577/1015 1309/2580/1014 1312/2581/1017
f 1313/2582/929 1311/2583/1214 1310/2584/1015
f 1313/2582/929 1312/2585/1017 1315/2586/930
f 1316/2587/932 1314/2588/1087 1313/2589/929
f 1316/2587/932 1315/2590/930 1318/2591/928
f 1319/2592/934 1317/2593/933 1316/2594/932
f 1319/2592/934 1318/2595/928 1321/2596/931
f 1322/2597/936 1320/2598/1086 1319/2599/934
f 1322/2597/936 1321/2600/931 1324/2601/937
f 1326/2602/938 1322/2603/936 1325/2604/939
f 1327/2605/940 1322/2603/936 1324/2606/937
f 1329/2607/941 1325/2608/939 1328/2609/1215
f 1330/2610/943 1325/2608/939 1327/2611/940
f 1331/2612/945 1329/2613/941 1328/2614/1215
f 1333/2615/946 1328/2614/1215 1330/2616/943
f 1334/2617/1216 1332/2618/944 1331/2619/945
f 1334/2617/1216 1333/2620/946 1336/2621/948
f 1245/2622/949 1335/2623/950 1334/2624/1216
f 1245/2622/949 1336/2625/948 1338/2626/951
f 1339/2627/1038 1336/2625/948 1337/2628/1217
f 1337/2629/1217 1333/2620/946 1399/2630/1034
f 1341/2631/1040 1338/2468/951 1339/2632/1038
f 1341/2631/1040 1340/2633/1218 1342/2634/1041
f 1339/2627/1038 1401/2635/1037 1340/2636/1218
f 1249/2470/957 1341/2637/1040 1343/2638/1042
f 1344/2639/1043 1341/2637/1040 1342/2640/1041
f 1252/2480/960 1343/2641/1042 1345/2642/1044
f 1346/2643/1045 1343/2641/1042 1344/2644/1043
f 1255/2485/963 1345/2645/1044 1347/2646/1046
f 1347/2646/1046 1346/2647/1045 1348/2648/1047
f 1258/2490/966 1347/2649/1046 1349/2650/1048
f 1350/2651/1219 1347/2649/1046 1348/2652/1047
f 1261/2495/968 1349/2653/1048 1351/2654/1050
f 1351/2654/1050 1350/2655/1219 1352/2656/1051
f 1264/2500/971 1351/2657/1050 1353/2658/1220
f 1353/2658/1220 1352/2659/1051 1354/2660/1053
f 1267/2505/974 1353/2661/1220 1355/2662/1054
f 1355/2662/1054 1354/2663/1053 1356/2664/1221
f 1270/2510/977 1355/2665/1054 1357/2666/1056
f 1357/2666/1056 1356/2667/1221 1358/2668/1057
f 1359/2669/1058 1270/2515/977 1357/2670/1056
f 1359/2669/1058 1358/2671/1057 1360/2672/1059
f 1276/2520/983 1359/2673/1058 1361/2674/1060
f 1361/2674/1060 1360/2675/1059 1362/2676/1061
f 1279/2525/986 1361/2677/1060 1363/2678/1062
f 1363/2678/1062 1362/2679/1061 1364/2680/1063
f 1282/2530/989 1363/2681/1062 1365/2682/1064
f 1365/2682/1064 1364/2683/1063 1366/2684/1065
f 1285/2535/991 1365/2685/1064 1367/2686/1066
f 1367/2686/1066 1366/2687/1065 1368/2688/1067
f 1288/2540/994 1367/2689/1066 1369/2690/1068
f 1369/2690/1068 1368/2691/1067 1370/2692/1069
f 1291/2545/997 1369/2693/1068 1371/2694/1070
f 1371/2694/1070 1370/2695/1069 1372/2696/1071
f 1294/2550/1000 1371/2697/1070 1373/2698/1072
f 1373/2698/1072 1372/2699/1071 1374/2700/1073
f 1297/2555/1003 1373/2701/1072 1375/2702/1074
f 1375/2702/1074 1374/2703/1073 1376/2704/1075
f 1300/2560/1006 1375/2705/1074 1377/2706/1076
f 1377/2706/1076 1376/2707/1075 1378/2708/1077
f 1303/2565/1009 1377/2709/1076 1379/2710/1078
f 1380/2711/1079 1377/2709/1076 1378/2712/1077
f 1306/2570/1011 1379/2713/1078 1381/2714/1222
f 1381/2714/1222 1380/2715/1079 1382/2716/1223
f 1309/2575/1014 1381/2717/1222 1383/2718/1021
f 1383/2718/1021 1382/2719/1223 1384/2720/1082
f 1312/2581/1017 1383/2721/1021 1385/2722/1019
f 1385/2722/1019 1384/2723/1082 1386/2724/1025
f 1315/2586/930 1385/2725/1019 1387/2726/1020
f 1387/2726/1020 1386/2727/1025 1388/2728/1024
f 1389/2729/1022 1315/2590/930 1387/2730/1020
f 1389/2729/1022 1388/2731/1024 1390/2732/1224
f 1391/2733/1026 1318/2595/928 1389/2734/1022
f 1391/2733/1026 1390/2735/1224 1392/2736/1027
f 1393/2737/1028 1321/2600/931 1391/2738/1026
f 1393/2737/1028 1392/2739/1027 1394/2740/1029
f 1327/2605/940 1393/2741/1028 1395/2742/1030
f 1396/2743/1031 1393/2741/1028 1394/2744/1029
f 1330/2610/943 1395/2745/1030 1397/2746/1032
f 1398/2747/1033 1395/2745/1030 1396/2748/1031
f 1333/2615/946 1397/2749/1032 1399/2750/1034
f 1399/2750/1034 1398/2751/1033 1400/2752/1035
f 1337/2629/1217 1400/2753/1035 1401/2754/1037
f 1400/2755/1035 1335/2756/950 1401/2757/1037
f 1398/2758/1033 1332/2759/944 1400/2755/1035
f 1335/2756/950 1340/2760/1218 1401/2757/1037
f 1398/2758/1033 1326/2761/938 1329/2762/941
f 1394/2763/1029 1326/2761/938 1396/2764/1031
f 1392/2765/1027 1323/2766/935 1394/2763/1029
f 1390/2767/1224 1320/2768/1086 1392/2765/1027
f 1388/2769/1024 1317/2770/933 1390/2767/1224
f 1386/2771/1025 1314/2772/1087 1388/2769/1024
f 1384/2773/1082 1311/2774/1214 1386/2771/1025
f 1382/2775/1223 1308/2776/1016 1384/2773/1082
f 1380/2777/1079 1305/2778/1013 1382/2775/1223
f 1378/2779/1077 1302/2780/1007 1380/2777/1079
f 1376/2781/1075 1299/2782/1083 1378/2779/1077
f 1374/2783/1073 1296/2784/1005 1376/2781/1075
f 1372/2785/1071 1293/2786/1002 1374/2783/1073
f 1370/2787/1069 1290/2788/999 1372/2785/1071
f 1368/2789/1067 1287/2790/996 1370/2787/1069
f 1284/2791/993 1366/2792/1065 1281/2793/987
f 1364/2794/1063 1281/2793/987 1366/2792/1065
f 1362/2795/1061 1278/2796/984 1364/2794/1063
f 1360/2797/1059 1275/2798/1084 1362/2795/1061
f 1358/2799/1057 1272/2800/982 1360/2797/1059
f 1356/2801/1221 1269/2802/979 1358/2799/1057
f 1356/2801/1221 1263/2803/1211 1266/2804/976
f 1352/2805/1051 1263/2803/1211 1354/2806/1053
f 1350/2807/1219 1260/2808/970 1352/2805/1051
f 1350/2807/1219 1254/2809/1085 1257/2810/964
f 1346/2811/1045 1254/2809/1085 1348/2812/1047
f 1344/2813/1043 1251/2814/962 1346/2811/1045
f 1342/2815/1041 1248/2816/959 1344/2813/1043
f 1402/2817/953 1342/2815/1041 1340/2760/1218
f 1405/2818/1225 1404/2819/1101 1403/2820/1099
f 1407/2821/1098 1403/2822/1099 1404/2819/1101
f 1408/2823/1226 1403/2824/1099 1406/2825/1097
f 1409/2826/1227 1406/2827/1097 1407/2821/1098
f 1410/2828/1100 1408/2823/1226 1409/2826/1227
f 1410/2828/1100 1407/2821/1098 1404/2819/1101
f 1413/2829/1088 1412/2830/1089 1411/2831/1090
f 1415/2832/1091 1411/2833/1090 1412/2830/1089
f 1416/2834/1092 1411/2835/1090 1414/2836/1093
f 1417/2837/1094 1414/2838/1093 1415/2832/1091
f 1418/2839/1095 1416/2834/1092 1417/2837/1094
f 1418/2839/1095 1415/2832/1091 1412/2830/1089
f 1421/2840/1225 1420/2841/1101 1419/2842/1099
f 1423/2843/1098 1419/2844/1099 1420/2841/1101
f 1424/2845/1226 1419/2846/1099 1422/2847/1097
f 1425/2848/1227 1422/2849/1097 1423/2843/1098
f 1426/2850/1100 1424/2845/1226 1425/2848/1227
f 1426/2850/1100 1423/2843/1098 1420/2841/1101
f 1429/2851/1088 1428/2852/1089 1427/2853/1090
f 1431/2854/1091 1427/2855/1090 1428/2852/1089
f 1432/2856/1092 1427/2857/1090 1430/2858/1093
f 1433/2859/1094 1430/2860/1093 1431/2854/1091
f 1434/2861/1095 1432/2856/1092 1433/2859/1094
f 1434/2861/1095 1431/2854/1091 1428/2852/1089
f 1437/2862/1202 1436/2863/922 1435/2864/1204
f 1436/2863/922 1438/2865/923 1435/2866/1204
f 1440/2867/1206 1435/2868/1204 1438/2869/923
f 1441/2870/1208 1438/2871/923 1439/2872/1205
f 1442/2873/1209 1440/2867/1206 1441/2870/1208
f 1442/2873/1209 1439/2872/1205 1436/2863/922
f 1237/2456/1202 1242/2466/1209 1236/2457/1203
f 1239/2459/1205 1238/2874/1207 1235/2460/1204
f 1240/2461/1206 1237/2875/1202 1235/2462/1204
f 1241/2464/1208 1240/2876/1206 1238/2465/1207
f 1242/2466/1209 1237/2875/1202 1240/2461/1206
f 1242/2466/1209 1241/2464/1208 1239/2459/1205
f 1243/2467/952 1245/2474/949 1338/2468/951
f 1249/2470/957 1247/2476/955 1243/2471/952
f 1243/2467/952 1246/2877/956 1402/2473/953
f 1248/2475/959 1246/2878/956 1243/2471/952
f 1251/2477/962 1248/2879/959 1247/2478/955
f 1252/2480/960 1250/2479/958 1247/2478/955
f 1253/2482/961 1254/2880/1085 1251/2483/962
f 1255/2485/963 1253/2482/961 1250/2484/958
f 1257/2487/964 1254/2881/1085 1253/2488/961
f 1258/2490/966 1256/2489/965 1253/2488/961
f 1259/2492/967 1260/2882/970 1257/2493/964
f 1261/2495/968 1259/2492/967 1256/2494/965
f 1262/2497/1210 1263/2883/1211 1260/2498/970
f 1264/2500/971 1262/2497/1210 1259/2499/967
f 1265/2502/972 1266/2884/976 1263/2503/1211
f 1267/2505/974 1265/2502/972 1262/2504/1210
f 1268/2507/975 1269/2885/979 1266/2508/976
f 1270/2510/977 1268/2507/975 1265/2509/972
f 1271/2512/978 1272/2886/982 1269/2513/979
f 1271/2512/978 1268/2514/975 1270/2515/977
f 1274/2517/981 1275/2887/1084 1272/2518/982
f 1276/2520/983 1274/2517/981 1271/2519/978
f 1277/2522/985 1278/2888/984 1275/2523/1084
f 1279/2525/986 1277/2522/985 1274/2524/981
f 1280/2527/1212 1281/2889/987 1278/2528/984
f 1282/2530/989 1280/2527/1212 1277/2529/985
f 1283/2532/990 1284/2890/993 1281/2533/987
f 1285/2535/991 1283/2532/990 1280/2534/1212
f 1286/2537/992 1287/2891/996 1284/2538/993
f 1288/2540/994 1286/2537/992 1283/2539/990
f 1289/2542/995 1290/2892/999 1287/2543/996
f 1291/2545/997 1289/2542/995 1286/2544/992
f 1292/2547/998 1293/2893/1002 1290/2548/999
f 1294/2550/1000 1292/2547/998 1289/2549/995
f 1295/2552/1001 1296/2894/1005 1293/2553/1002
f 1297/2555/1003 1295/2552/1001 1292/2554/998
f 1298/2557/1004 1299/2895/1083 1296/2558/1005
f 1300/2560/1006 1298/2557/1004 1295/2559/1001
f 1302/2562/1007 1299/2896/1083 1298/2563/1004
f 1303/2565/1009 1301/2564/1008 1298/2563/1004
f 1304/2567/1213 1305/2897/1013 1302/2568/1007
f 1306/2570/1011 1304/2567/1213 1301/2569/1008
f 1307/2572/1012 1308/2898/1016 1305/2573/1013
f 1309/2575/1014 1307/2572/1012 1304/2574/1213
f 1310/2577/1015 1311/2899/1214 1308/2578/1016
f 1310/2577/1015 1307/2579/1012 1309/2580/1014
f 1313/2582/929 1314/2900/1087 1311/2583/1214
f 1313/2582/929 1310/2584/1015 1312/2585/1017
f 1316/2587/932 1317/2901/933 1314/2588/1087
f 1316/2587/932 1313/2589/929 1315/2590/930
f 1319/2592/934 1320/2902/1086 1317/2593/933
f 1319/2592/934 1316/2594/932 1318/2595/928
f 1322/2597/936 1323/2903/935 1320/2598/1086
f 1322/2597/936 1319/2599/934 1321/2600/931
f 1326/2602/938 1323/2904/935 1322/2603/936
f 1327/2605/940 1325/2604/939 1322/2603/936
f 1329/2607/941 1326/2905/938 1325/2608/939
f 1330/2610/943 1328/2609/1215 1325/2608/939
f 1331/2612/945 1332/2906/944 1329/2613/941
f 1333/2615/946 1331/2612/945 1328/2614/1215
f 1334/2617/1216 1335/2907/950 1332/2618/944
f 1334/2617/1216 1331/2619/945 1333/2620/946
f 1245/2622/949 1402/2908/953 1335/2623/950
f 1245/2622/949 1334/2624/1216 1336/2625/948
f 1339/2627/1038 1338/2626/951 1336/2625/948
f 1337/2629/1217 1336/2621/948 1333/2620/946
f 1341/2631/1040 1244/2469/954 1338/2468/951
f 1341/2631/1040 1339/2632/1038 1340/2633/1218
f 1339/2627/1038 1337/2628/1217 1401/2635/1037
f 1249/2470/957 1244/2472/954 1341/2637/1040
f 1344/2639/1043 1343/2638/1042 1341/2637/1040
f 1252/2480/960 1249/2481/957 1343/2641/1042
f 1346/2643/1045 1345/2642/1044 1343/2641/1042
f 1255/2485/963 1252/2486/960 1345/2645/1044
f 1347/2646/1046 1345/2645/1044 1346/2647/1045
f 1258/2490/966 1255/2491/963 1347/2649/1046
f 1350/2651/1219 1349/2650/1048 1347/2649/1046
f 1261/2495/968 1258/2496/966 1349/2653/1048
f 1351/2654/1050 1349/2653/1048 1350/2655/1219
f 1264/2500/971 1261/2501/968 1351/2657/1050
f 1353/2658/1220 1351/2657/1050 1352/2659/1051
f 1267/2505/974 1264/2506/971 1353/2661/1220
f 1355/2662/1054 1353/2661/1220 1354/2663/1053
f 1270/2510/977 1267/2511/974 1355/2665/1054
f 1357/2666/1056 1355/2665/1054 1356/2667/1221
f 1359/2669/1058 1273/2516/980 1270/2515/977
f 1359/2669/1058 1357/2670/1056 1358/2671/1057
f 1276/2520/983 1273/2521/980 1359/2673/1058
f 1361/2674/1060 1359/2673/1058 1360/2675/1059
f 1279/2525/986 1276/2526/983 1361/2677/1060
f 1363/2678/1062 1361/2677/1060 1362/2679/1061
f 1282/2530/989 1279/2531/986 1363/2681/1062
f 1365/2682/1064 1363/2681/1062 1364/2683/1063
f 1285/2535/991 1282/2536/989 1365/2685/1064
f 1367/2686/1066 1365/2685/1064 1366/2687/1065
f 1288/2540/994 1285/2541/991 1367/2689/1066
f 1369/2690/1068 1367/2689/1066 1368/2691/1067
f 1291/2545/997 1288/2546/994 1369/2693/1068
f 1371/2694/1070 1369/2693/1068 1370/2695/1069
f 1294/2550/1000 1291/2551/997 1371/2697/1070
f 1373/2698/1072 1371/2697/1070 1372/2699/1071
f 1297/2555/1003 1294/2556/1000 1373/2701/1072
f 1375/2702/1074 1373/2701/1072 1374/2703/1073
f 1300/2560/1006 1297/2561/1003 1375/2705/1074
f 1377/2706/1076 1375/2705/1074 1376/2707/1075
f 1303/2565/1009 1300/2566/1006 1377/2709/1076
f 1380/2711/1079 1379/2710/1078 1377/2709/1076
f 1306/2570/1011 1303/2571/1009 1379/2713/1078
f 1381/2714/1222 1379/2713/1078 1380/2715/1079
f 1309/2575/1014 1306/2576/1011 1381/2717/1222
f 1383/2718/1021 1381/2717/1222 1382/2719/1223
f 1312/2581/1017 1309/2580/1014 1383/2721/1021
f 1385/2722/1019 1383/2721/1021 1384/2723/1082
f 1315/2586/930 1312/2585/1017 1385/2725/1019
f 1387/2726/1020 1385/2725/1019 1386/2727/1025
f 1389/2729/1022 1318/2591/928 1315/2590/930
f 1389/2729/1022 1387/2730/1020 1388/2731/1024
f 1391/2733/1026 1321/2596/931 1318/2595/928
f 1391/2733/1026 1389/2734/1022 1390/2735/1224
f 1393/2737/1028 1324/2601/937 1321/2600/931
f 1393/2737/1028 1391/2738/1026 1392/2739/1027
f 1327/2605/940 1324/2606/937 1393/2741/1028
f 1396/2743/1031 1395/2742/1030 1393/2741/1028
f 1330/2610/943 1327/2611/940 1395/2745/1030
f 1398/2747/1033 1397/2746/1032 1395/2745/1030
f 1333/2615/946 1330/2616/943 1397/2749/1032
f 1399/2750/1034 1397/2749/1032 1398/2751/1033
f 1337/2629/1217 1399/2630/1034 1400/2753/1035
f 1400/2755/1035 1332/2759/944 1335/2756/950
f 1398/2758/1033 1329/2762/941 1332/2759/944
f 1335/2756/950 1402/2817/953 1340/2760/1218
f 1398/2758/1033 1396/2764/1031 1326/2761/938
f 1394/2763/1029 1323/2766/935 1326/2761/938
f 1392/2765/1027 1320/2768/1086 1323/2766/935
f 1390/2767/1224 1317/2770/933 1320/2768/1086
f 1388/2769/1024 1314/2772/1087 1317/2770/933
f 1386/2771/1025 1311/2774/1214 1314/2772/1087
f 1384/2773/1082 1308/2776/1016 1311/2774/1214
f 1382/2775/1223 1305/2778/1013 1308/2776/1016
f 1380/2777/1079 1302/2780/1007 1305/2778/1013
f 1378/2779/1077 1299/2782/1083 1302/2780/1007
f 1376/2781/1075 1296/2784/1005 1299/2782/1083
f 1374/2783/1073 1293/2786/1002 1296/2784/1005
f 1372/2785/1071 1290/2788/999 1293/2786/1002
f 1370/2787/1069 1287/2790/996 1290/2788/999
f 1368/2789/1067 1284/2791/993 1287/2790/996
f 1284/2791/993 1368/2789/1067 1366/2792/1065
f 1364/2794/1063 1278/2796/984 1281/2793/987
f 1362/2795/1061 1275/2798/1084 1278/2796/984
f 1360/2797/1059 1272/2800/982 1275/2798/1084
f 1358/2799/1057 1269/2802/979 1272/2800/982
f 1356/2801/1221 1266/2804/976 1269/2802/979
f 1356/2801/1221 1354/2806/1053 1263/2803/1211
f 1352/2805/1051 1260/2808/970 1263/2803/1211
f 1350/2807/1219 1257/2810/964 1260/2808/970
f 1350/2807/1219 1348/2812/1047 1254/2809/1085
f 1346/2811/1045 1251/2814/962 1254/2809/1085
f 1344/2813/1043 1248/2816/959 1251/2814/962
f 1342/2815/1041 1246/2909/956 1248/2816/959
f 1402/2817/953 1246/2909/956 1342/2815/1041
f 1405/2818/1225 1410/2828/1100 1404/2819/1101
f 1407/2821/1098 1406/2910/1097 1403/2822/1099
f 1408/2823/1226 1405/2911/1225 1403/2824/1099
f 1409/2826/1227 1408/2912/1226 1406/2827/1097
f 1410/2828/1100 1405/2911/1225 1408/2823/1226
f 1410/2828/1100 1409/2826/1227 1407/2821/1098
f 1413/2829/1088 1418/2839/1095 1412/2830/1089
f 1415/2832/1091 1414/2913/1093 1411/2833/1090
f 1416/2834/1092 1413/2914/1088 1411/2835/1090
f 1417/2837/1094 1416/2915/1092 1414/2838/1093
f 1418/2839/1095 1413/2914/1088 1416/2834/1092
f 1418/2839/1095 1417/2837/1094 1415/2832/1091
f 1421/2840/1225 1426/2850/1100 1420/2841/1101
f 1423/2843/1098 1422/2916/1097 1419/2844/1099
f 1424/2845/1226 1421/2917/1225 1419/2846/1099
f 1425/2848/1227 1424/2918/1226 1422/2849/1097
f 1426/2850/1100 1421/2917/1225 1424/2845/1226
f 1426/2850/1100 1425/2848/1227 1423/2843/1098
f 1429/2851/1088 1434/2861/1095 1428/2852/1089
f 1431/2854/1091 1430/2919/1093 1427/2855/1090
f 1432/2856/1092 1429/2920/1088 1427/2857/1090
f 1433/2859/1094 1432/2921/1092 1430/2860/1093
f 1434/2861/1095 1429/2920/1088 1432/2856/1092
f 1434/2861/1095 1433/2859/1094 1431/2854/1091
f 1437/2862/1202 1442/2873/1209 1436/2863/922
f 1436/2863/922 1439/2872/1205 1438/2865/923
f 1440/2867/1206 1437/2922/1202 1435/2868/1204
f 1441/2870/1208 1440/2923/1206 1438/2871/923
f 1442/2873/1209 1437/2922/1202 1440/2867/1206
f 1442/2873/1209 1441/2870/1208 1439/2872/1205
usemtl マテリアル.005
f 1445/2924/927 1444/2925/1207 1443/2926/1205
f 1447/2927/1204 1443/2928/1205 1444/2925/1207
f 1448/2929/1209 1443/2930/1205 1446/2931/1203
f 1449/2932/924 1446/2933/1203 1447/2927/1204
f 1449/2932/924 1445/2934/927 1448/2929/1209
f 1450/2935/1206 1447/2927/1204 1444/2925/1207
f 1451/2936/998 1546/2937/997 1452/2938/1000
f 1457/2939/1003 1451/2940/998 1452/2941/1000
f 1451/2936/998 1610/2942/999 1453/2943/995
f 1455/2944/1001 1454/2945/1002 1451/2940/998
f 1459/2946/1083 1455/2947/1001 1458/2948/1004
f 1460/2949/1006 1455/2947/1001 1457/2950/1003
f 1462/2951/1228 1458/2952/1004 1461/2953/1008
f 1463/2954/1009 1458/2952/1004 1460/2955/1006
f 1465/2956/1013 1461/2957/1008 1464/2958/1213
f 1466/2959/1011 1461/2957/1008 1463/2960/1009
f 1468/2961/1016 1464/2962/1213 1467/2963/1012
f 1469/2964/1014 1464/2962/1213 1466/2965/1011
f 1470/2966/1229 1468/2967/1016 1467/2968/1012
f 1472/2969/1017 1467/2968/1012 1469/2970/1014
f 1473/2971/929 1471/2972/1018 1470/2973/1229
f 1475/2974/930 1470/2973/1229 1472/2975/1017
f 1476/2976/932 1474/2977/1087 1473/2978/929
f 1478/2979/928 1473/2978/929 1475/2980/930
f 1479/2981/934 1477/2982/933 1476/2983/932
f 1479/2981/934 1478/2984/928 1481/2985/931
f 1482/2986/936 1480/2987/1086 1479/2988/934
f 1484/2989/937 1479/2988/934 1481/2990/931
f 1485/2991/939 1483/2992/935 1482/2993/936
f 1487/2994/940 1482/2993/936 1484/2995/937
f 1488/2996/942 1486/2997/1230 1485/2998/939
f 1490/2999/943 1485/2998/939 1487/3000/940
f 1491/3001/945 1489/3002/941 1488/3003/942
f 1493/3004/946 1488/3003/942 1490/3005/943
f 1494/3006/1216 1492/3007/944 1491/3008/945
f 1496/3009/948 1491/3008/945 1493/3010/946
f 1497/3011/949 1495/3012/1231 1494/3013/1216
f 1499/3014/951 1494/3013/1216 1496/3015/948
f 1501/3016/956 1497/3017/949 1500/3018/952
f 1502/3019/954 1497/3017/949 1499/3020/951
f 1503/3021/955 1501/3022/956 1500/3023/952
f 1505/3024/957 1500/3023/952 1502/3025/954
f 1506/3026/958 1504/3027/959 1503/3028/955
f 1508/3029/960 1503/3028/955 1505/3030/957
f 1510/3031/1085 1506/3032/958 1509/3033/961
f 1511/3034/963 1506/3032/958 1508/3035/960
f 1512/3036/965 1510/3037/1085 1509/3038/961
f 1514/3039/966 1509/3038/961 1511/3040/963
f 1515/3041/967 1513/3042/964 1512/3043/965
f 1517/3044/968 1512/3043/965 1514/3045/966
f 1518/3046/969 1516/3047/970 1515/3048/967
f 1520/3049/971 1515/3048/967 1517/3050/968
f 1521/3051/972 1519/3052/973 1518/3053/969
f 1521/3051/972 1520/3054/971 1523/3055/974
f 1524/3056/975 1522/3057/976 1521/3058/972
f 1524/3056/975 1523/3059/974 1526/3060/977
f 1527/3061/978 1525/3062/979 1524/3063/975
f 1527/3061/978 1526/3064/977 1529/3065/980
f 1530/3066/981 1528/3067/982 1527/3068/978
f 1530/3066/981 1529/3069/980 1532/3070/983
f 1534/3071/1232 1530/3072/981 1533/3073/985
f 1535/3074/986 1530/3072/981 1532/3075/983
f 1537/3076/987 1533/3077/985 1536/3078/988
f 1538/3079/989 1533/3077/985 1535/3080/986
f 1540/3081/993 1536/3082/988 1539/3083/990
f 1541/3084/991 1536/3082/988 1538/3085/989
f 1542/3086/1233 1540/3087/993 1539/3088/990
f 1542/3086/1233 1541/3089/991 1544/3090/994
f 1453/3091/995 1543/3092/1234 1542/3093/1233
f 1453/3091/995 1544/3094/994 1546/3095/997
f 1547/3096/1070 1544/3094/994 1545/3097/1068
f 1545/3098/1068 1541/3089/991 1607/3099/1066
f 1549/3100/1072 1546/2937/997 1547/3101/1070
f 1549/3100/1072 1548/3102/1071 1550/3103/1073
f 1547/3096/1070 1609/3104/1069 1548/3105/1071
f 1457/2939/1003 1549/3106/1072 1551/3107/1074
f 1551/3107/1074 1550/3108/1073 1552/3109/1075
f 1460/2949/1006 1551/3110/1074 1553/3111/1076
f 1554/3112/1077 1551/3110/1074 1552/3113/1075
f 1463/2954/1009 1553/3114/1076 1555/3115/1078
f 1556/3116/1079 1553/3114/1076 1554/3117/1077
f 1466/2959/1011 1555/3118/1078 1557/3119/1222
f 1558/3120/1081 1555/3118/1078 1556/3121/1079
f 1469/2964/1014 1557/3122/1222 1559/3123/1021
f 1560/3124/1082 1557/3122/1222 1558/3125/1081
f 1472/2969/1017 1559/3126/1021 1561/3127/1235
f 1561/3127/1235 1560/3128/1082 1562/3129/1025
f 1475/2974/930 1561/3130/1235 1563/3131/1020
f 1563/3131/1020 1562/3132/1025 1564/3133/1236
f 1478/2979/928 1563/3134/1020 1565/3135/1022
f 1565/3135/1022 1564/3136/1236 1566/3137/1224
f 1481/2985/931 1565/3138/1022 1567/3139/1026
f 1567/3139/1026 1566/3140/1224 1568/3141/1027
f 1484/2989/937 1567/3142/1026 1569/3143/1028
f 1569/3143/1028 1568/3144/1027 1570/3145/1029
f 1487/2994/940 1569/3146/1028 1571/3147/1030
f 1571/3147/1030 1570/3148/1029 1572/3149/1031
f 1490/2999/943 1571/3150/1030 1573/3151/1237
f 1573/3151/1237 1572/3152/1031 1574/3153/1238
f 1493/3004/946 1573/3154/1237 1575/3155/1034
f 1575/3155/1034 1574/3156/1238 1576/3157/1035
f 1496/3009/948 1575/3158/1034 1577/3159/1217
f 1577/3159/1217 1576/3160/1035 1578/3161/1037
f 1499/3014/951 1577/3162/1217 1579/3163/1038
f 1579/3163/1038 1578/3164/1037 1580/3165/1218
f 1502/3019/954 1579/3166/1038 1581/3167/1040
f 1581/3167/1040 1580/3168/1218 1582/3169/1041
f 1505/3024/957 1581/3170/1040 1583/3171/1042
f 1583/3171/1042 1582/3172/1041 1584/3173/1043
f 1508/3029/960 1583/3174/1042 1585/3175/1044
f 1585/3175/1044 1584/3176/1043 1586/3177/1045
f 1511/3034/963 1585/3178/1044 1587/3179/1046
f 1588/3180/1047 1585/3178/1044 1586/3181/1045
f 1514/3039/966 1587/3182/1046 1589/3183/1048
f 1589/3183/1048 1588/3184/1047 1590/3185/1049
f 1517/3044/968 1589/3186/1048 1591/3187/1050
f 1591/3187/1050 1590/3188/1049 1592/3189/1051
f 1520/3049/971 1591/3190/1050 1593/3191/1052
f 1593/3191/1052 1592/3192/1051 1594/3193/1053
f 1595/3194/1054 1520/3054/971 1593/3195/1052
f 1595/3194/1054 1594/3196/1053 1596/3197/1055
f 1597/3198/1056 1523/3059/974 1595/3199/1054
f 1597/3198/1056 1596/3200/1055 1598/3201/1057
f 1599/3202/1058 1526/3064/977 1597/3203/1056
f 1599/3202/1058 1598/3204/1057 1600/3205/1059
f 1601/3206/1060 1529/3069/980 1599/3207/1058
f 1601/3206/1060 1600/3208/1059 1602/3209/1061
f 1535/3074/986 1601/3210/1060 1603/3211/1062
f 1603/3211/1062 1602/3212/1061 1604/3213/1063
f 1538/3079/989 1603/3214/1062 1605/3215/1239
f 1605/3215/1239 1604/3216/1063 1606/3217/1240
f 1541/3084/991 1605/3218/1239 1607/3219/1066
f 1607/3219/1066 1606/3220/1240 1608/3221/1067
f 1545/3098/1068 1608/3222/1067 1609/3223/1069
f 1608/3224/1067 1543/3225/1234 1609/3226/1069
f 1606/3227/1240 1540/3228/993 1608/3224/1067
f 1543/3225/1234 1548/3229/1071 1609/3226/1069
f 1606/3227/1240 1534/3230/1232 1537/3231/987
f 1602/3232/1061 1534/3230/1232 1604/3233/1063
f 1600/3234/1059 1531/3235/1084 1602/3232/1061
f 1598/3236/1057 1528/3237/982 1600/3234/1059
f 1596/3238/1055 1525/3239/979 1598/3236/1057
f 1594/3240/1053 1522/3241/976 1596/3238/1055
f 1592/3242/1051 1519/3243/973 1594/3240/1053
f 1590/3244/1049 1516/3245/970 1592/3242/1051
f 1588/3246/1047 1513/3247/964 1590/3244/1049
f 1586/3248/1045 1510/3249/1085 1588/3246/1047
f 1584/3250/1043 1507/3251/962 1586/3248/1045
f 1582/3252/1041 1504/3253/959 1584/3250/1043
f 1580/3254/1218 1501/3255/956 1582/3252/1041
f 1578/3256/1037 1498/3257/953 1580/3254/1218
f 1576/3258/1035 1495/3259/1231 1578/3256/1037
f 1492/3260/944 1574/3261/1238 1489/3262/941
f 1572/3263/1031 1489/3262/941 1574/3261/1238
f 1570/3264/1029 1486/3265/1230 1572/3263/1031
f 1568/3266/1027 1483/3267/935 1570/3264/1029
f 1566/3268/1224 1480/3269/1086 1568/3266/1027
f 1564/3270/1236 1477/3271/933 1566/3268/1224
f 1564/3270/1236 1471/3272/1018 1474/3273/1087
f 1560/3274/1082 1471/3272/1018 1562/3275/1025
f 1558/3276/1081 1468/3277/1016 1560/3274/1082
f 1558/3276/1081 1462/3278/1228 1465/3279/1013
f 1554/3280/1077 1462/3278/1228 1556/3281/1079
f 1552/3282/1075 1459/3283/1083 1554/3280/1077
f 1550/3284/1073 1456/3285/1005 1552/3282/1075
f 1610/3286/999 1550/3284/1073 1548/3229/1071
f 1613/3287/1227 1612/3288/1097 1611/3289/1098
f 1615/3290/1099 1611/3291/1098 1612/3288/1097
f 1616/3292/1100 1611/3293/1098 1614/3294/1101
f 1617/3295/1225 1614/3296/1101 1615/3290/1099
f 1618/3297/1226 1616/3292/1100 1617/3295/1225
f 1618/3297/1226 1615/3290/1099 1612/3288/1097
f 1621/3298/1103 1620/3299/1093 1619/3300/1091
f 1623/3301/1090 1619/3302/1091 1620/3299/1093
f 1624/3303/1095 1619/3304/1091 1622/3305/1089
f 1625/3306/1241 1622/3307/1089 1623/3301/1090
f 1625/3306/1241 1621/3308/1103 1624/3303/1095
f 1626/3309/1102 1623/3301/1090 1620/3299/1093
f 1629/3310/1227 1628/3311/1097 1627/3312/1098
f 1631/3313/1099 1627/3314/1098 1628/3311/1097
f 1632/3315/1100 1627/3316/1098 1630/3317/1101
f 1633/3318/1225 1630/3319/1101 1631/3313/1099
f 1634/3320/1226 1632/3315/1100 1633/3318/1225
f 1634/3320/1226 1631/3313/1099 1628/3311/1097
f 1637/3321/1103 1636/3322/1093 1635/3323/1091
f 1639/3324/1090 1635/3325/1091 1636/3322/1093
f 1640/3326/1095 1635/3327/1091 1638/3328/1089
f 1641/3329/1241 1638/3330/1089 1639/3324/1090
f 1641/3329/1241 1637/3331/1103 1640/3326/1095
f 1642/3332/1102 1639/3324/1090 1636/3322/1093
f 1645/3333/1208 1644/3334/923 1643/3335/1205
f 1644/3334/923 1646/3336/922 1643/3337/1205
f 1648/3338/1209 1643/3339/1205 1646/3340/922
f 1649/3341/1202 1646/3342/922 1647/3343/1204
f 1650/3344/1206 1648/3338/1209 1649/3341/1202
f 1650/3344/1206 1647/3343/1204 1644/3334/923
f 1445/2924/927 1450/2935/1206 1444/2925/1207
f 1447/2927/1204 1446/3345/1203 1443/2928/1205
f 1448/2929/1209 1445/2934/927 1443/2930/1205
f 1449/2932/924 1448/3346/1209 1446/2933/1203
f 1449/2932/924 1450/2935/1206 1445/2934/927
f 1450/2935/1206 1449/2932/924 1447/2927/1204
f 1451/2936/998 1453/2943/995 1546/2937/997
f 1457/2939/1003 1455/2944/1001 1451/2940/998
f 1451/2936/998 1454/3347/1002 1610/2942/999
f 1455/2944/1001 1456/3348/1005 1454/2945/1002
f 1459/2946/1083 1456/3349/1005 1455/2947/1001
f 1460/2949/1006 1458/2948/1004 1455/2947/1001
f 1462/2951/1228 1459/3350/1083 1458/2952/1004
f 1463/2954/1009 1461/2953/1008 1458/2952/1004
f 1465/2956/1013 1462/3351/1228 1461/2957/1008
f 1466/2959/1011 1464/2958/1213 1461/2957/1008
f 1468/2961/1016 1465/3352/1013 1464/2962/1213
f 1469/2964/1014 1467/2963/1012 1464/2962/1213
f 1470/2966/1229 1471/3353/1018 1468/2967/1016
f 1472/2969/1017 1470/2966/1229 1467/2968/1012
f 1473/2971/929 1474/3354/1087 1471/2972/1018
f 1475/2974/930 1473/2971/929 1470/2973/1229
f 1476/2976/932 1477/3355/933 1474/2977/1087
f 1478/2979/928 1476/2976/932 1473/2978/929
f 1479/2981/934 1480/3356/1086 1477/2982/933
f 1479/2981/934 1476/2983/932 1478/2984/928
f 1482/2986/936 1483/3357/935 1480/2987/1086
f 1484/2989/937 1482/2986/936 1479/2988/934
f 1485/2991/939 1486/3358/1230 1483/2992/935
f 1487/2994/940 1485/2991/939 1482/2993/936
f 1488/2996/942 1489/3359/941 1486/2997/1230
f 1490/2999/943 1488/2996/942 1485/2998/939
f 1491/3001/945 1492/3360/944 1489/3002/941
f 1493/3004/946 1491/3001/945 1488/3003/942
f 1494/3006/1216 1495/3361/1231 1492/3007/944
f 1496/3009/948 1494/3006/1216 1491/3008/945
f 1497/3011/949 1498/3362/953 1495/3012/1231
f 1499/3014/951 1497/3011/949 1494/3013/1216
f 1501/3016/956 1498/3363/953 1497/3017/949
f 1502/3019/954 1500/3018/952 1497/3017/949
f 1503/3021/955 1504/3364/959 1501/3022/956
f 1505/3024/957 1503/3021/955 1500/3023/952
f 1506/3026/958 1507/3365/962 1504/3027/959
f 1508/3029/960 1506/3026/958 1503/3028/955
f 1510/3031/1085 1507/3366/962 1506/3032/958
f 1511/3034/963 1509/3033/961 1506/3032/958
f 1512/3036/965 1513/3367/964 1510/3037/1085
f 1514/3039/966 1512/3036/965 1509/3038/961
f 1515/3041/967 1516/3368/970 1513/3042/964
f 1517/3044/968 1515/3041/967 1512/3043/965
f 1518/3046/969 1519/3369/973 1516/3047/970
f 1520/3049/971 1518/3046/969 1515/3048/967
f 1521/3051/972 1522/3370/976 1519/3052/973
f 1521/3051/972 1518/3053/969 1520/3054/971
f 1524/3056/975 1525/3371/979 1522/3057/976
f 1524/3056/975 1521/3058/972 1523/3059/974
f 1527/3061/978 1528/3372/982 1525/3062/979
f 1527/3061/978 1524/3063/975 1526/3064/977
f 1530/3066/981 1531/3373/1084 1528/3067/982
f 1530/3066/981 1527/3068/978 1529/3069/980
f 1534/3071/1232 1531/3374/1084 1530/3072/981
f 1535/3074/986 1533/3073/985 1530/3072/981
f 1537/3076/987 1534/3375/1232 1533/3077/985
f 1538/3079/989 1536/3078/988 1533/3077/985
f 1540/3081/993 1537/3376/987 1536/3082/988
f 1541/3084/991 1539/3083/990 1536/3082/988
f 1542/3086/1233 1543/3377/1234 1540/3087/993
f 1542/3086/1233 1539/3088/990 1541/3089/991
f 1453/3091/995 1610/3378/999 1543/3092/1234
f 1453/3091/995 1542/3093/1233 1544/3094/994
f 1547/3096/1070 1546/3095/997 1544/3094/994
f 1545/3098/1068 1544/3090/994 1541/3089/991
f 1549/3100/1072 1452/2938/1000 1546/2937/997
f 1549/3100/1072 1547/3101/1070 1548/3102/1071
f 1547/3096/1070 1545/3097/1068 1609/3104/1069
f 1457/2939/1003 1452/2941/1000 1549/3106/1072
f 1551/3107/1074 1549/3106/1072 1550/3108/1073
f 1460/2949/1006 1457/2950/1003 1551/3110/1074
f 1554/3112/1077 1553/3111/1076 1551/3110/1074
f 1463/2954/1009 1460/2955/1006 1553/3114/1076
f 1556/3116/1079 1555/3115/1078 1553/3114/1076
f 1466/2959/1011 1463/2960/1009 1555/3118/1078
f 1558/3120/1081 1557/3119/1222 1555/3118/1078
f 1469/2964/1014 1466/2965/1011 1557/3122/1222
f 1560/3124/1082 1559/3123/1021 1557/3122/1222
f 1472/2969/1017 1469/2970/1014 1559/3126/1021
f 1561/3127/1235 1559/3126/1021 1560/3128/1082
f 1475/2974/930 1472/2975/1017 1561/3130/1235
f 1563/3131/1020 1561/3130/1235 1562/3132/1025
f 1478/2979/928 1475/2980/930 1563/3134/1020
f 1565/3135/1022 1563/3134/1020 1564/3136/1236
f 1481/2985/931 1478/2984/928 1565/3138/1022
f 1567/3139/1026 1565/3138/1022 1566/3140/1224
f 1484/2989/937 1481/2990/931 1567/3142/1026
f 1569/3143/1028 1567/3142/1026 1568/3144/1027
f 1487/2994/940 1484/2995/937 1569/3146/1028
f 1571/3147/1030 1569/3146/1028 1570/3148/1029
f 1490/2999/943 1487/3000/940 1571/3150/1030
f 1573/3151/1237 1571/3150/1030 1572/3152/1031
f 1493/3004/946 1490/3005/943 1573/3154/1237
f 1575/3155/1034 1573/3154/1237 1574/3156/1238
f 1496/3009/948 1493/3010/946 1575/3158/1034
f 1577/3159/1217 1575/3158/1034 1576/3160/1035
f 1499/3014/951 1496/3015/948 1577/3162/1217
f 1579/3163/1038 1577/3162/1217 1578/3164/1037
f 1502/3019/954 1499/3020/951 1579/3166/1038
f 1581/3167/1040 1579/3166/1038 1580/3168/1218
f 1505/3024/957 1502/3025/954 1581/3170/1040
f 1583/3171/1042 1581/3170/1040 1582/3172/1041
f 1508/3029/960 1505/3030/957 1583/3174/1042
f 1585/3175/1044 1583/3174/1042 1584/3176/1043
f 1511/3034/963 1508/3035/960 1585/3178/1044
f 1588/3180/1047 1587/3179/1046 1585/3178/1044
f 1514/3039/966 1511/3040/963 1587/3182/1046
f 1589/3183/1048 1587/3182/1046 1588/3184/1047
f 1517/3044/968 1514/3045/966 1589/3186/1048
f 1591/3187/1050 1589/3186/1048 1590/3188/1049
f 1520/3049/971 1517/3050/968 1591/3190/1050
f 1593/3191/1052 1591/3190/1050 1592/3192/1051
f 1595/3194/1054 1523/3055/974 1520/3054/971
f 1595/3194/1054 1593/3195/1052 1594/3196/1053
f 1597/3198/1056 1526/3060/977 1523/3059/974
f 1597/3198/1056 1595/3199/1054 1596/3200/1055
f 1599/3202/1058 1529/3065/980 1526/3064/977
f 1599/3202/1058 1597/3203/1056 1598/3204/1057
f 1601/3206/1060 1532/3070/983 1529/3069/980
f 1601/3206/1060 1599/3207/1058 1600/3208/1059
f 1535/3074/986 1532/3075/983 1601/3210/1060
f 1603/3211/1062 1601/3210/1060 1602/3212/1061
f 1538/3079/989 1535/3080/986 1603/3214/1062
f 1605/3215/1239 1603/3214/1062 1604/3216/1063
f 1541/3084/991 1538/3085/989 1605/3218/1239
f 1607/3219/1066 1605/3218/1239 1606/3220/1240
f 1545/3098/1068 1607/3099/1066 1608/3222/1067
f 1608/3224/1067 1540/3228/993 1543/3225/1234
f 1606/3227/1240 1537/3231/987 1540/3228/993
f 1543/3225/1234 1610/3286/999 1548/3229/1071
f 1606/3227/1240 1604/3233/1063 1534/3230/1232
f 1602/3232/1061 1531/3235/1084 1534/3230/1232
f 1600/3234/1059 1528/3237/982 1531/3235/1084
f 1598/3236/1057 1525/3239/979 1528/3237/982
f 1596/3238/1055 1522/3241/976 1525/3239/979
f 1594/3240/1053 1519/3243/973 1522/3241/976
f 1592/3242/1051 1516/3245/970 1519/3243/973
f 1590/3244/1049 1513/3247/964 1516/3245/970
f 1588/3246/1047 1510/3249/1085 1513/3247/964
f 1586/3248/1045 1507/3251/962 1510/3249/1085
f 1584/3250/1043 1504/3253/959 1507/3251/962
f 1582/3252/1041 1501/3255/956 1504/3253/959
f 1580/3254/1218 1498/3257/953 1501/3255/956
f 1578/3256/1037 1495/3259/1231 1498/3257/953
f 1576/3258/1035 1492/3260/944 1495/3259/1231
f 1492/3260/944 1576/3258/1035 1574/3261/1238
f 1572/3263/1031 1486/3265/1230 1489/3262/941
f 1570/3264/1029 1483/3267/935 1486/3265/1230
f 1568/3266/1027 1480/3269/1086 1483/3267/935
f 1566/3268/1224 1477/3271/933 1480/3269/1086
f 1564/3270/1236 1474/3273/1087 1477/3271/933
f 1564/3270/1236 1562/3275/1025 1471/3272/1018
f 1560/3274/1082 1468/3277/1016 1471/3272/1018
f 1558/3276/1081 1465/3279/1013 1468/3277/1016
f 1558/3276/1081 1556/3281/1079 1462/3278/1228
f 1554/3280/1077 1459/3283/1083 1462/3278/1228
f 1552/3282/1075 1456/3285/1005 1459/3283/1083
f 1550/3284/1073 1454/3379/1002 1456/3285/1005
f 1610/3286/999 1454/3379/1002 1550/3284/1073
f 1613/3287/1227 1618/3297/1226 1612/3288/1097
f 1615/3290/1099 1614/3380/1101 1611/3291/1098
f 1616/3292/1100 1613/3381/1227 1611/3293/1098
f 1617/3295/1225 1616/3382/1100 1614/3296/1101
f 1618/3297/1226 1613/3381/1227 1616/3292/1100
f 1618/3297/1226 1617/3295/1225 1615/3290/1099
f 1621/3298/1103 1626/3309/1102 1620/3299/1093
f 1623/3301/1090 1622/3383/1089 1619/3302/1091
f 1624/3303/1095 1621/3308/1103 1619/3304/1091
f 1625/3306/1241 1624/3384/1095 1622/3307/1089
f 1625/3306/1241 1626/3309/1102 1621/3308/1103
f 1626/3309/1102 1625/3306/1241 1623/3301/1090
f 1629/3310/1227 1634/3320/1226 1628/3311/1097
f 1631/3313/1099 1630/3385/1101 1627/3314/1098
f 1632/3315/1100 1629/3386/1227 1627/3316/1098
f 1633/3318/1225 1632/3387/1100 1630/3319/1101
f 1634/3320/1226 1629/3386/1227 1632/3315/1100
f 1634/3320/1226 1633/3318/1225 1631/3313/1099
f 1637/3321/1103 1642/3332/1102 1636/3322/1093
f 1639/3324/1090 1638/3388/1089 1635/3325/1091
f 1640/3326/1095 1637/3331/1103 1635/3327/1091
f 1641/3329/1241 1640/3389/1095 1638/3330/1089
f 1641/3329/1241 1642/3332/1102 1637/3331/1103
f 1642/3332/1102 1641/3329/1241 1639/3324/1090
f 1645/3333/1208 1650/3344/1206 1644/3334/923
f 1644/3334/923 1647/3343/1204 1646/3336/922
f 1648/3338/1209 1645/3390/1208 1643/3339/1205
f 1649/3341/1202 1648/3391/1209 1646/3342/922
f 1650/3344/1206 1645/3390/1208 1648/3338/1209
f 1650/3344/1206 1649/3341/1202 1647/3343/1204
usemtl マテリアル.007
f 1655/3392/922 1651/3393/923 1652/3394/925
f 1653/3395/926 1652/3394/925 1651/3396/923
f 1656/3397/927 1651/3398/923 1654/3399/921
f 1657/3400/920 1654/3401/921 1655/3392/922
f 1658/3402/924 1656/3397/927 1657/3400/920
f 1658/3402/924 1655/3392/922 1652/3394/925
f 1663/3403/1098 1659/3404/1099 1660/3405/1101
f 1661/3406/1102 1660/3405/1101 1659/3407/1099
f 1664/3408/1226 1659/3409/1099 1662/3410/1097
f 1665/3411/1096 1662/3412/1097 1663/3403/1098
f 1665/3411/1096 1661/3413/1102 1664/3408/1226
f 1666/3414/1241 1663/3403/1098 1660/3405/1101
f 1673/3415/980 1667/3416/975 1668/3417/977
f 1668/3418/977 1669/3419/972 1762/3420/974
f 1670/3421/979 1669/3419/972 1667/3422/975
f 1672/3423/982 1667/3416/975 1671/3424/978
f 1675/3425/1084 1671/3426/978 1674/3427/981
f 1676/3428/983 1671/3426/978 1673/3429/980
f 1678/3430/1232 1674/3431/981 1677/3432/985
f 1679/3433/986 1674/3431/981 1676/3434/983
f 1680/3435/1212 1678/3436/1232 1677/3437/985
f 1682/3438/989 1677/3437/985 1679/3439/986
f 1683/3440/990 1681/3441/987 1680/3442/1212
f 1685/3443/991 1680/3442/1212 1682/3444/989
f 1686/3445/1233 1684/3446/993 1683/3447/990
f 1688/3448/994 1683/3447/990 1685/3449/991
f 1689/3450/995 1687/3451/1234 1686/3452/1233
f 1691/3453/997 1686/3452/1233 1688/3454/994
f 1692/3455/998 1690/3456/999 1689/3457/995
f 1694/3458/1000 1689/3457/995 1691/3459/997
f 1695/3460/1001 1693/3461/1002 1692/3462/998
f 1695/3460/1001 1694/3463/1000 1697/3464/1003
f 1698/3465/1004 1696/3466/1005 1695/3467/1001
f 1700/3468/1006 1695/3467/1001 1697/3469/1003
f 1701/3470/1008 1699/3471/1083 1698/3472/1004
f 1703/3473/1009 1698/3472/1004 1700/3474/1006
f 1704/3475/1213 1702/3476/1007 1701/3477/1008
f 1706/3478/1011 1701/3477/1008 1703/3479/1009
f 1707/3480/1012 1705/3481/1013 1704/3482/1213
f 1709/3483/1014 1704/3482/1213 1706/3484/1011
f 1710/3485/1015 1708/3486/1016 1707/3487/1012
f 1710/3485/1015 1709/3488/1014 1712/3489/1017
f 1713/3490/929 1711/3491/1214 1710/3492/1015
f 1715/3493/930 1710/3492/1015 1712/3494/1017
f 1716/3495/932 1714/3496/1087 1713/3497/929
f 1718/3498/928 1713/3497/929 1715/3499/930
f 1719/3500/934 1717/3501/933 1716/3502/932
f 1721/3503/931 1716/3502/932 1718/3504/928
f 1722/3505/936 1720/3506/1086 1719/3507/934
f 1722/3505/936 1721/3508/931 1724/3509/937
f 1725/3510/939 1723/3511/935 1722/3512/936
f 1727/3513/940 1722/3512/936 1724/3514/937
f 1728/3515/942 1726/3516/1230 1725/3517/939
f 1730/3518/943 1725/3517/939 1727/3519/940
f 1731/3520/945 1729/3521/941 1728/3522/942
f 1733/3523/946 1728/3522/942 1730/3524/943
f 1734/3525/1216 1732/3526/944 1731/3527/945
f 1734/3525/1216 1733/3528/946 1736/3529/948
f 1737/3530/949 1735/3531/1231 1734/3532/1216
f 1737/3530/949 1736/3533/948 1739/3534/951
f 1740/3535/952 1738/3536/953 1737/3537/949
f 1740/3535/952 1739/3538/951 1742/3539/954
f 1743/3540/955 1741/3541/956 1740/3542/952
f 1743/3540/955 1742/3543/954 1745/3544/957
f 1746/3545/958 1744/3546/959 1743/3547/955
f 1746/3545/958 1745/3548/957 1748/3549/960
f 1750/3550/1085 1746/3551/958 1749/3552/961
f 1751/3553/963 1746/3551/958 1748/3554/960
f 1752/3555/965 1750/3556/1085 1749/3557/961
f 1752/3555/965 1751/3558/963 1754/3559/966
f 1755/3560/967 1753/3561/964 1752/3562/965
f 1755/3560/967 1754/3563/966 1757/3564/968
f 1758/3565/969 1756/3566/970 1755/3567/967
f 1758/3565/969 1757/3568/968 1760/3569/971
f 1669/3570/972 1759/3571/1211 1758/3572/969
f 1669/3570/972 1760/3573/971 1762/3574/974
f 1761/3575/1052 1757/3568/968 1823/3576/1050
f 1763/3577/1054 1760/3573/971 1761/3578/1052
f 1668/3418/977 1763/3579/1054 1765/3580/1056
f 1763/3577/1054 1825/3581/1053 1764/3582/1055
f 1766/3583/1057 1763/3579/1054 1764/3584/1055
f 1673/3415/980 1765/3585/1056 1767/3586/1058
f 1768/3587/1059 1765/3585/1056 1766/3588/1057
f 1676/3428/983 1767/3589/1058 1769/3590/1060
f 1770/3591/1061 1767/3589/1058 1768/3592/1059
f 1679/3433/986 1769/3593/1060 1771/3594/1062
f 1771/3594/1062 1770/3595/1061 1772/3596/1063
f 1682/3438/989 1771/3597/1062 1773/3598/1064
f 1773/3598/1064 1772/3599/1063 1774/3600/1240
f 1685/3443/991 1773/3601/1064 1775/3602/1066
f 1775/3602/1066 1774/3603/1240 1776/3604/1067
f 1688/3448/994 1775/3605/1066 1777/3606/1242
f 1777/3606/1242 1776/3607/1067 1778/3608/1069
f 1691/3453/997 1777/3609/1242 1779/3610/1070
f 1779/3610/1070 1778/3611/1069 1780/3612/1243
f 1694/3458/1000 1779/3613/1070 1781/3614/1072
f 1781/3614/1072 1780/3615/1243 1782/3616/1073
f 1783/3617/1074 1694/3463/1000 1781/3618/1072
f 1783/3617/1074 1782/3619/1073 1784/3620/1075
f 1700/3468/1006 1783/3621/1074 1785/3622/1076
f 1785/3622/1076 1784/3623/1075 1786/3624/1077
f 1703/3473/1009 1785/3625/1076 1787/3626/1078
f 1787/3626/1078 1786/3627/1077 1788/3628/1079
f 1706/3478/1011 1787/3629/1078 1789/3630/1222
f 1789/3630/1222 1788/3631/1079 1790/3632/1223
f 1709/3483/1014 1789/3633/1222 1791/3634/1021
f 1791/3634/1021 1790/3635/1223 1792/3636/1082
f 1793/3637/1019 1709/3488/1014 1791/3638/1021
f 1793/3637/1019 1792/3639/1082 1794/3640/1025
f 1715/3493/930 1793/3641/1019 1795/3642/1020
f 1795/3642/1020 1794/3643/1025 1796/3644/1236
f 1718/3498/928 1795/3645/1020 1797/3646/1022
f 1797/3646/1022 1796/3647/1236 1798/3648/1224
f 1721/3503/931 1797/3649/1022 1799/3650/1026
f 1799/3650/1026 1798/3651/1224 1800/3652/1027
f 1801/3653/1028 1721/3508/931 1799/3654/1026
f 1801/3653/1028 1800/3655/1027 1802/3656/1029
f 1727/3513/940 1801/3657/1028 1803/3658/1030
f 1803/3658/1030 1802/3659/1029 1804/3660/1031
f 1730/3518/943 1803/3661/1030 1805/3662/1237
f 1805/3662/1237 1804/3663/1031 1806/3664/1238
f 1733/3523/946 1805/3665/1237 1807/3666/1034
f 1807/3666/1034 1806/3667/1238 1808/3668/1035
f 1736/3529/948 1807/3669/1034 1809/3670/1217
f 1809/3670/1217 1808/3671/1035 1810/3672/1037
f 1811/3673/1038 1736/3533/948 1809/3674/1217
f 1811/3673/1038 1810/3675/1037 1812/3676/1218
f 1813/3677/1040 1739/3538/951 1811/3678/1038
f 1813/3677/1040 1812/3679/1218 1814/3680/1041
f 1815/3681/1042 1742/3543/954 1813/3682/1040
f 1815/3681/1042 1814/3683/1041 1816/3684/1043
f 1748/3549/960 1815/3685/1042 1817/3686/1044
f 1817/3686/1044 1816/3687/1043 1818/3688/1045
f 1751/3553/963 1817/3689/1044 1819/3690/1046
f 1820/3691/1047 1817/3689/1044 1818/3692/1045
f 1821/3693/1048 1751/3558/963 1819/3694/1046
f 1821/3693/1048 1820/3695/1047 1822/3696/1219
f 1823/3697/1050 1754/3563/966 1821/3698/1048
f 1823/3697/1050 1822/3699/1219 1824/3700/1051
f 1761/3575/1052 1824/3701/1051 1825/3702/1053
f 1824/3703/1051 1759/3704/1211 1825/3705/1053
f 1822/3706/1219 1756/3707/970 1824/3703/1051
f 1759/3704/1211 1764/3708/1055 1825/3705/1053
f 1822/3706/1219 1750/3709/1085 1753/3710/964
f 1818/3711/1045 1750/3709/1085 1820/3712/1047
f 1816/3713/1043 1747/3714/962 1818/3711/1045
f 1814/3715/1041 1744/3716/959 1816/3713/1043
f 1812/3717/1218 1741/3718/956 1814/3715/1041
f 1810/3719/1037 1738/3720/953 1812/3717/1218
f 1808/3721/1035 1735/3722/1231 1810/3719/1037
f 1806/3723/1238 1732/3724/944 1808/3721/1035
f 1804/3725/1031 1729/3726/941 1806/3723/1238
f 1802/3727/1029 1726/3728/1230 1804/3725/1031
f 1800/3729/1027 1723/3730/935 1802/3727/1029
f 1798/3731/1224 1720/3732/1086 1800/3729/1027
f 1796/3733/1236 1717/3734/933 1798/3731/1224
f 1794/3735/1025 1714/3736/1087 1796/3733/1236
f 1792/3737/1082 1711/3738/1214 1794/3735/1025
f 1708/3739/1016 1790/3740/1223 1705/3741/1013
f 1788/3742/1079 1705/3741/1013 1790/3740/1223
f 1786/3743/1077 1702/3744/1007 1788/3742/1079
f 1784/3745/1075 1699/3746/1083 1786/3743/1077
f 1782/3747/1073 1696/3748/1005 1784/3745/1075
f 1780/3749/1243 1693/3750/1002 1782/3747/1073
f 1780/3749/1243 1687/3751/1234 1690/3752/999
f 1776/3753/1067 1687/3751/1234 1778/3754/1069
f 1774/3755/1240 1684/3756/993 1776/3753/1067
f 1774/3755/1240 1678/3757/1232 1681/3758/987
f 1770/3759/1061 1678/3757/1232 1772/3760/1063
f 1768/3761/1059 1675/3762/1084 1770/3759/1061
f 1766/3763/1057 1672/3764/982 1768/3761/1059
f 1826/3765/976 1766/3763/1057 1764/3708/1055
f 1831/3766/1090 1827/3767/1091 1828/3768/1093
f 1829/3769/1094 1828/3768/1093 1827/3770/1091
f 1832/3771/1095 1827/3772/1091 1830/3773/1089
f 1833/3774/1088 1830/3775/1089 1831/3766/1090
f 1834/3776/1092 1832/3771/1095 1833/3774/1088
f 1834/3776/1092 1831/3766/1090 1828/3768/1093
f 1839/3777/1098 1835/3778/1099 1836/3779/1101
f 1837/3780/1225 1836/3779/1101 1835/3781/1099
f 1840/3782/1226 1835/3783/1099 1838/3784/1097
f 1841/3785/1227 1838/3786/1097 1839/3777/1098
f 1842/3787/1100 1840/3782/1226 1841/3785/1227
f 1842/3787/1100 1839/3777/1098 1836/3779/1101
f 1847/3788/1090 1843/3789/1091 1844/3790/1093
f 1845/3791/1094 1844/3790/1093 1843/3792/1091
f 1848/3793/1095 1843/3794/1091 1846/3795/1089
f 1849/3796/1088 1846/3797/1089 1847/3788/1090
f 1850/3798/1092 1848/3793/1095 1849/3796/1088
f 1850/3798/1092 1847/3788/1090 1844/3790/1093
f 1855/3799/922 1851/3800/923 1852/3801/925
f 1853/3802/926 1852/3801/925 1851/3803/923
f 1856/3804/927 1851/3805/923 1854/3806/921
f 1857/3807/920 1854/3808/921 1855/3799/922
f 1858/3809/924 1856/3804/927 1857/3807/920
f 1858/3809/924 1855/3799/922 1852/3801/925
f 1655/3392/922 1654/3810/921 1651/3393/923
f 1653/3395/926 1658/3402/924 1652/3394/925
f 1656/3397/927 1653/3811/926 1651/3398/923
f 1657/3400/920 1656/3812/927 1654/3401/921
f 1658/3402/924 1653/3811/926 1656/3397/927
f 1658/3402/924 1657/3400/920 1655/3392/922
f 1663/3403/1098 1662/3813/1097 1659/3404/1099
f 1661/3406/1102 1666/3414/1241 1660/3405/1101
f 1664/3408/1226 1661/3413/1102 1659/3409/1099
f 1665/3411/1096 1664/3814/1226 1662/3412/1097
f 1665/3411/1096 1666/3414/1241 1661/3413/1102
f 1666/3414/1241 1665/3411/1096 1663/3403/1098
f 1673/3415/980 1671/3424/978 1667/3416/975
f 1668/3418/977 1667/3422/975 1669/3419/972
f 1670/3421/979 1826/3815/976 1669/3419/972
f 1672/3423/982 1670/3816/979 1667/3416/975
f 1675/3425/1084 1672/3817/982 1671/3426/978
f 1676/3428/983 1674/3427/981 1671/3426/978
f 1678/3430/1232 1675/3818/1084 1674/3431/981
f 1679/3433/986 1677/3432/985 1674/3431/981
f 1680/3435/1212 1681/3819/987 1678/3436/1232
f 1682/3438/989 1680/3435/1212 1677/3437/985
f 1683/3440/990 1684/3820/993 1681/3441/987
f 1685/3443/991 1683/3440/990 1680/3442/1212
f 1686/3445/1233 1687/3821/1234 1684/3446/993
f 1688/3448/994 1686/3445/1233 1683/3447/990
f 1689/3450/995 1690/3822/999 1687/3451/1234
f 1691/3453/997 1689/3450/995 1686/3452/1233
f 1692/3455/998 1693/3823/1002 1690/3456/999
f 1694/3458/1000 1692/3455/998 1689/3457/995
f 1695/3460/1001 1696/3824/1005 1693/3461/1002
f 1695/3460/1001 1692/3462/998 1694/3463/1000
f 1698/3465/1004 1699/3825/1083 1696/3466/1005
f 1700/3468/1006 1698/3465/1004 1695/3467/1001
f 1701/3470/1008 1702/3826/1007 1699/3471/1083
f 1703/3473/1009 1701/3470/1008 1698/3472/1004
f 1704/3475/1213 1705/3827/1013 1702/3476/1007
f 1706/3478/1011 1704/3475/1213 1701/3477/1008
f 1707/3480/1012 1708/3828/1016 1705/3481/1013
f 1709/3483/1014 1707/3480/1012 1704/3482/1213
f 1710/3485/1015 1711/3829/1214 1708/3486/1016
f 1710/3485/1015 1707/3487/1012 1709/3488/1014
f 1713/3490/929 1714/3830/1087 1711/3491/1214
f 1715/3493/930 1713/3490/929 1710/3492/1015
f 1716/3495/932 1717/3831/933 1714/3496/1087
f 1718/3498/928 1716/3495/932 1713/3497/929
f 1719/3500/934 1720/3832/1086 1717/3501/933
f 1721/3503/931 1719/3500/934 1716/3502/932
f 1722/3505/936 1723/3833/935 1720/3506/1086
f 1722/3505/936 1719/3507/934 1721/3508/931
f 1725/3510/939 1726/3834/1230 1723/3511/935
f 1727/3513/940 1725/3510/939 1722/3512/936
f 1728/3515/942 1729/3835/941 1726/3516/1230
f 1730/3518/943 1728/3515/942 1725/3517/939
f 1731/3520/945 1732/3836/944 1729/3521/941
f 1733/3523/946 1731/3520/945 1728/3522/942
f 1734/3525/1216 1735/3837/1231 1732/3526/944
f 1734/3525/1216 1731/3527/945 1733/3528/946
f 1737/3530/949 1738/3838/953 1735/3531/1231
f 1737/3530/949 1734/3532/1216 1736/3533/948
f 1740/3535/952 1741/3839/956 1738/3536/953
f 1740/3535/952 1737/3537/949 1739/3538/951
f 1743/3540/955 1744/3840/959 1741/3541/956
f 1743/3540/955 1740/3542/952 1742/3543/954
f 1746/3545/958 1747/3841/962 1744/3546/959
f 1746/3545/958 1743/3547/955 1745/3548/957
f 1750/3550/1085 1747/3842/962 1746/3551/958
f 1751/3553/963 1749/3552/961 1746/3551/958
f 1752/3555/965 1753/3843/964 1750/3556/1085
f 1752/3555/965 1749/3557/961 1751/3558/963
f 1755/3560/967 1756/3844/970 1753/3561/964
f 1755/3560/967 1752/3562/965 1754/3563/966
f 1758/3565/969 1759/3845/1211 1756/3566/970
f 1758/3565/969 1755/3567/967 1757/3568/968
f 1669/3570/972 1826/3846/976 1759/3571/1211
f 1669/3570/972 1758/3572/969 1760/3573/971
f 1761/3575/1052 1760/3569/971 1757/3568/968
f 1763/3577/1054 1762/3574/974 1760/3573/971
f 1668/3418/977 1762/3420/974 1763/3579/1054
f 1763/3577/1054 1761/3578/1052 1825/3581/1053
f 1766/3583/1057 1765/3580/1056 1763/3579/1054
f 1673/3415/980 1668/3417/977 1765/3585/1056
f 1768/3587/1059 1767/3586/1058 1765/3585/1056
f 1676/3428/983 1673/3429/980 1767/3589/1058
f 1770/3591/1061 1769/3590/1060 1767/3589/1058
f 1679/3433/986 1676/3434/983 1769/3593/1060
f 1771/3594/1062 1769/3593/1060 1770/3595/1061
f 1682/3438/989 1679/3439/986 1771/3597/1062
f 1773/3598/1064 1771/3597/1062 1772/3599/1063
f 1685/3443/991 1682/3444/989 1773/3601/1064
f 1775/3602/1066 1773/3601/1064 1774/3603/1240
f 1688/3448/994 1685/3449/991 1775/3605/1066
f 1777/3606/1242 1775/3605/1066 1776/3607/1067
f 1691/3453/997 1688/3454/994 1777/3609/1242
f 1779/3610/1070 1777/3609/1242 1778/3611/1069
f 1694/3458/1000 1691/3459/997 1779/3613/1070
f 1781/3614/1072 1779/3613/1070 1780/3615/1243
f 1783/3617/1074 1697/3464/1003 1694/3463/1000
f 1783/3617/1074 1781/3618/1072 1782/3619/1073
f 1700/3468/1006 1697/3469/1003 1783/3621/1074
f 1785/3622/1076 1783/3621/1074 1784/3623/1075
f 1703/3473/1009 1700/3474/1006 1785/3625/1076
f 1787/3626/1078 1785/3625/1076 1786/3627/1077
f 1706/3478/1011 1703/3479/1009 1787/3629/1078
f 1789/3630/1222 1787/3629/1078 1788/3631/1079
f 1709/3483/1014 1706/3484/1011 1789/3633/1222
f 1791/3634/1021 1789/3633/1222 1790/3635/1223
f 1793/3637/1019 1712/3489/1017 1709/3488/1014
f 1793/3637/1019 1791/3638/1021 1792/3639/1082
f 1715/3493/930 1712/3494/1017 1793/3641/1019
f 1795/3642/1020 1793/3641/1019 1794/3643/1025
f 1718/3498/928 1715/3499/930 1795/3645/1020
f 1797/3646/1022 1795/3645/1020 1796/3647/1236
f 1721/3503/931 1718/3504/928 1797/3649/1022
f 1799/3650/1026 1797/3649/1022 1798/3651/1224
f 1801/3653/1028 1724/3509/937 1721/3508/931
f 1801/3653/1028 1799/3654/1026 1800/3655/1027
f 1727/3513/940 1724/3514/937 1801/3657/1028
f 1803/3658/1030 1801/3657/1028 1802/3659/1029
f 1730/3518/943 1727/3519/940 1803/3661/1030
f 1805/3662/1237 1803/3661/1030 1804/3663/1031
f 1733/3523/946 1730/3524/943 1805/3665/1237
f 1807/3666/1034 1805/3665/1237 1806/3667/1238
f 1736/3529/948 1733/3528/946 1807/3669/1034
f 1809/3670/1217 1807/3669/1034 1808/3671/1035
f 1811/3673/1038 1739/3534/951 1736/3533/948
f 1811/3673/1038 1809/3674/1217 1810/3675/1037
f 1813/3677/1040 1742/3539/954 1739/3538/951
f 1813/3677/1040 1811/3678/1038 1812/3679/1218
f 1815/3681/1042 1745/3544/957 1742/3543/954
f 1815/3681/1042 1813/3682/1040 1814/3683/1041
f 1748/3549/960 1745/3548/957 1815/3685/1042
f 1817/3686/1044 1815/3685/1042 1816/3687/1043
f 1751/3553/963 1748/3554/960 1817/3689/1044
f 1820/3691/1047 1819/3690/1046 1817/3689/1044
f 1821/3693/1048 1754/3559/966 1751/3558/963
f 1821/3693/1048 1819/3694/1046 1820/3695/1047
f 1823/3697/1050 1757/3564/968 1754/3563/966
f 1823/3697/1050 1821/3698/1048 1822/3699/1219
f 1761/3575/1052 1823/3576/1050 1824/3701/1051
f 1824/3703/1051 1756/3707/970 1759/3704/1211
f 1822/3706/1219 1753/3710/964 1756/3707/970
f 1759/3704/1211 1826/3765/976 1764/3708/1055
f 1822/3706/1219 1820/3712/1047 1750/3709/1085
f 1818/3711/1045 1747/3714/962 1750/3709/1085
f 1816/3713/1043 1744/3716/959 1747/3714/962
f 1814/3715/1041 1741/3718/956 1744/3716/959
f 1812/3717/1218 1738/3720/953 1741/3718/956
f 1810/3719/1037 1735/3722/1231 1738/3720/953
f 1808/3721/1035 1732/3724/944 1735/3722/1231
f 1806/3723/1238 1729/3726/941 1732/3724/944
f 1804/3725/1031 1726/3728/1230 1729/3726/941
f 1802/3727/1029 1723/3730/935 1726/3728/1230
f 1800/3729/1027 1720/3732/1086 1723/3730/935
f 1798/3731/1224 1717/3734/933 1720/3732/1086
f 1796/3733/1236 1714/3736/1087 1717/3734/933
f 1794/3735/1025 1711/3738/1214 1714/3736/1087
f 1792/3737/1082 1708/3739/1016 1711/3738/1214
f 1708/3739/1016 1792/3737/1082 1790/3740/1223
f 1788/3742/1079 1702/3744/1007 1705/3741/1013
f 1786/3743/1077 1699/3746/1083 1702/3744/1007
f 1784/3745/1075 1696/3748/1005 1699/3746/1083
f 1782/3747/1073 1693/3750/1002 1696/3748/1005
f 1780/3749/1243 1690/3752/999 1693/3750/1002
f 1780/3749/1243 1778/3754/1069 1687/3751/1234
f 1776/3753/1067 1684/3756/993 1687/3751/1234
f 1774/3755/1240 1681/3758/987 1684/3756/993
f 1774/3755/1240 1772/3760/1063 1678/3757/1232
f 1770/3759/1061 1675/3762/1084 1678/3757/1232
f 1768/3761/1059 1672/3764/982 1675/3762/1084
f 1766/3763/1057 1670/3847/979 1672/3764/982
f 1826/3765/976 1670/3847/979 1766/3763/1057
f 1831/3766/1090 1830/3848/1089 1827/3767/1091
f 1829/3769/1094 1834/3776/1092 1828/3768/1093
f 1832/3771/1095 1829/3849/1094 1827/3772/1091
f 1833/3774/1088 1832/3850/1095 1830/3775/1089
f 1834/3776/1092 1829/3849/1094 1832/3771/1095
f 1834/3776/1092 1833/3774/1088 1831/3766/1090
f 1839/3777/1098 1838/3851/1097 1835/3778/1099
f 1837/3780/1225 1842/3787/1100 1836/3779/1101
f 1840/3782/1226 1837/3852/1225 1835/3783/1099
f 1841/3785/1227 1840/3853/1226 1838/3786/1097
f 1842/3787/1100 1837/3852/1225 1840/3782/1226
f 1842/3787/1100 1841/3785/1227 1839/3777/1098
f 1847/3788/1090 1846/3854/1089 1843/3789/1091
f 1845/3791/1094 1850/3798/1092 1844/3790/1093
f 1848/3793/1095 1845/3855/1094 1843/3794/1091
f 1849/3796/1088 1848/3856/1095 1846/3797/1089
f 1850/3798/1092 1845/3855/1094 1848/3793/1095
f 1850/3798/1092 1849/3796/1088 1847/3788/1090
f 1855/3799/922 1854/3857/921 1851/3800/923
f 1853/3802/926 1858/3809/924 1852/3801/925
f 1856/3804/927 1853/3858/926 1851/3805/923
f 1857/3807/920 1856/3859/927 1854/3808/921
f 1858/3809/924 1853/3858/926 1856/3804/927
f 1858/3809/924 1857/3807/920 1855/3799/922
o 球.024
v 5.146771 0.088039 -4.525864
v 5.151892 0.089511 -4.703298
v 5.235925 0.082220 -4.507387
v 5.239521 0.036607 -4.497552
v 5.148163 0.085805 -4.383617
v 5.234881 0.082214 -4.377146
v 5.238996 0.040234 -4.383213
v 5.152544 0.081995 -4.220212
v 5.236464 0.075885 -4.240754
v 5.241694 0.038427 -4.254423
v 5.156976 0.085387 -4.038436
v 5.235044 0.078370 -4.109022
v 5.243000 0.041450 -4.113132
v 5.163947 0.075093 -3.829621
v 5.239517 0.082972 -3.955888
v 5.243868 0.043232 -3.937846
v 5.176154 0.068578 -3.607246
v 5.248564 0.073127 -3.769316
v 5.248564 0.043027 -3.769316
v 5.201921 0.053476 -3.362533
v 5.267468 0.064802 -3.638203
v 5.254729 0.043070 -3.640106
v 5.279267 0.030277 -3.266508
v 5.300080 0.060202 -3.506126
v 5.308873 0.030209 -3.520777
v 5.375388 0.000922 -3.231607
v 5.374405 0.042389 -3.486729
v 5.375286 0.022939 -3.505044
v 5.469082 -0.032870 -3.253611
v 5.448580 0.006989 -3.506699
v 5.441337 -0.016984 -3.536853
v 5.522534 -0.064647 -3.363766
v 5.480176 -0.008808 -3.639022
v 5.478306 -0.030083 -3.621773
v 5.571725 -0.107763 -3.608769
v 5.498068 -0.023662 -3.770277
v 5.501206 -0.035394 -3.776720
v 5.582219 -0.123605 -3.831231
v 5.508928 -0.039308 -3.956575
v 5.503061 -0.043584 -3.938844
v 5.587583 -0.130539 -4.040094
v 5.515512 -0.047917 -4.114680
v 5.512533 -0.051907 -4.111416
v 5.590615 -0.133602 -4.221899
v 5.521399 -0.054845 -4.258123
v 5.510952 -0.057564 -4.252249
v 5.593739 -0.137150 -4.385333
v 5.521002 -0.057066 -4.387269
v 5.510855 -0.060593 -4.380567
v 5.594033 -0.133668 -4.527585
v 5.521286 -0.059556 -4.509514
v 5.509515 -0.057101 -4.501016
v 5.587547 -0.127452 -4.704975
v 5.520061 -0.057819 -4.631754
v 5.504065 -0.056674 -4.640063
v 5.576023 -0.119563 -4.872647
v 5.513997 -0.055151 -4.780725
v 5.501065 -0.057543 -4.782797
v 5.564704 -0.107261 -5.063438
v 5.512473 -0.055457 -4.904292
v 5.495766 -0.060344 -4.942568
v 5.550537 -0.086944 -5.254617
v 5.504672 -0.049805 -5.062343
v 5.492470 -0.049167 -5.103204
v 5.521757 -0.062580 -5.458880
v 5.492378 -0.038162 -5.248551
v 5.485437 -0.042240 -5.240647
v 5.481195 -0.034380 -5.669877
v 5.473475 -0.022768 -5.379663
v 5.464289 -0.032248 -5.415023
v 5.416556 0.000000 -5.924601
v 5.433213 0.009057 -5.635819
v 5.422210 -0.000412 -5.635777
v 5.367627 0.000000 -5.247552
v 5.368127 0.014375 -5.117580
v 5.368127 -0.005812 -5.117580
v 5.313490 0.000000 -5.924204
v 5.302042 0.041456 -5.635314
v 5.289371 0.022924 -5.635266
v 5.250811 0.033170 -5.668990
v 5.257741 0.071139 -5.378833
v 5.280140 0.021884 -5.368131
v 5.211876 0.060835 -5.457688
v 5.246621 0.078787 -5.247404
v 5.270957 0.025039 -5.240390
v 5.184671 0.076083 -5.253209
v 5.237211 0.081814 -5.087460
v 5.257483 0.029979 -5.073264
v 5.171976 0.078359 -5.061927
v 5.236495 0.082372 -4.919241
v 5.249990 0.034779 -4.896682
v 5.162125 0.081359 -4.871054
v 5.232932 0.083532 -4.769632
v 5.241467 0.034768 -4.754670
v 5.239992 0.032685 -4.626044
v 5.233052 0.083448 -4.634243
v 5.152377 0.036998 -5.935709
v 5.582581 0.036998 -5.937366
v 5.152377 -0.036998 -5.935709
v 5.152549 0.036998 -5.890983
v 5.582752 0.036998 -5.892638
v 5.152549 -0.036998 -5.890983
v 5.582752 -0.036998 -5.892638
v 5.582581 -0.036998 -5.937366
v 5.360244 -0.808117 -6.088100
v 5.392253 -0.808117 -6.085071
v 5.360244 0.808116 -6.088100
v 5.328259 -0.808117 -6.084825
v 5.297528 -0.808117 -6.075374
v 5.328259 0.808116 -6.084825
v 5.297528 0.808116 -6.075374
v 5.269230 0.808116 -6.060109
v 5.244454 0.808116 -6.039615
v 5.269230 -0.808117 -6.060109
v 5.244455 -0.808117 -6.039615
v 5.224154 -0.808117 -6.014683
v 5.209107 -0.808117 -5.986269
v 5.224154 0.808116 -6.014683
v 5.209107 0.808116 -5.986269
v 5.199892 0.808116 -5.955465
v 5.196864 0.808116 -5.923457
v 5.199892 -0.808117 -5.955465
v 5.196865 -0.808117 -5.923457
v 5.200139 -0.808117 -5.891470
v 5.209589 -0.808117 -5.860741
v 5.200139 0.808116 -5.891470
v 5.209589 0.808116 -5.860741
v 5.224854 0.808116 -5.832443
v 5.245347 0.808116 -5.807666
v 5.224854 -0.808117 -5.832443
v 5.245348 -0.808117 -5.807666
v 5.270279 -0.808117 -5.787365
v 5.298696 -0.808117 -5.772319
v 5.270279 0.808116 -5.787365
v 5.298695 0.808116 -5.772319
v 5.329497 0.808116 -5.763104
v 5.361508 0.808116 -5.760076
v 5.329497 -0.808117 -5.763104
v 5.361508 -0.808117 -5.760076
v 5.393492 -0.808117 -5.763349
v 5.424223 -0.808117 -5.772801
v 5.393492 0.808116 -5.763349
v 5.424223 0.808116 -5.772801
v 5.452520 0.808116 -5.788067
v 5.477296 0.808116 -5.808559
v 5.452520 -0.808117 -5.788067
v 5.477297 -0.808117 -5.808559
v 5.497598 -0.808117 -5.833493
v 5.512645 -0.808117 -5.861907
v 5.497598 0.808116 -5.833493
v 5.512645 0.808116 -5.861907
v 5.521861 0.808116 -5.892710
v 5.524889 0.808116 -5.924720
v 5.521861 -0.808117 -5.892710
v 5.524889 -0.808117 -5.924720
v 5.521615 -0.808117 -5.956703
v 5.512163 -0.808117 -5.987436
v 5.521615 0.808116 -5.956703
v 5.512163 0.808116 -5.987436
v 5.496896 0.808116 -6.015733
v 5.476403 0.808116 -6.040508
v 5.496896 -0.808117 -6.015733
v 5.476404 -0.808117 -6.040508
v 5.451471 -0.808117 -6.060810
v 5.423059 -0.808117 -6.075857
v 5.451471 0.808116 -6.060810
v 5.423058 0.808116 -6.075857
v 5.392253 0.808116 -6.085071
v 5.382425 0.041085 -6.132615
v 5.384079 0.041085 -5.702411
v 5.382425 -0.041085 -6.132615
v 5.337696 0.041085 -6.132442
v 5.339353 0.041085 -5.702239
v 5.337696 -0.041085 -6.132442
v 5.339353 -0.041085 -5.702239
v 5.384079 -0.041085 -5.702411
v 3.966783 0.088039 -6.142356
v 4.144217 0.089511 -6.137234
v 3.948307 0.082220 -6.053205
v 3.938472 0.036607 -6.049605
v 3.824538 0.085805 -6.140964
v 3.818067 0.082214 -6.054246
v 3.824134 0.040234 -6.050133
v 3.661132 0.081995 -6.136584
v 3.681673 0.075885 -6.052663
v 3.695344 0.038427 -6.047432
v 3.479357 0.085387 -6.132152
v 3.549942 0.078370 -6.054085
v 3.554052 0.041450 -6.046128
v 3.270540 0.075093 -6.125180
v 3.396810 0.082972 -6.049611
v 3.378766 0.043232 -6.045258
v 3.048166 0.068578 -6.112971
v 3.210236 0.073127 -6.040563
v 3.210236 0.043027 -6.040563
v 2.803452 0.053476 -6.087205
v 3.079123 0.064802 -6.021660
v 3.081026 0.043070 -6.034398
v 2.707429 0.030277 -6.009860
v 2.947048 0.060202 -5.989045
v 2.961698 0.030209 -5.980252
v 2.672528 0.000922 -5.913739
v 2.927650 0.042389 -5.914722
v 2.945964 0.022939 -5.913841
v 2.694531 -0.032870 -5.820043
v 2.947619 0.006989 -5.840547
v 2.977773 -0.016984 -5.847789
v 2.804686 -0.064647 -5.766590
v 3.079942 -0.008808 -5.808951
v 3.062693 -0.030083 -5.810820
v 3.049689 -0.107763 -5.717402
v 3.211196 -0.023662 -5.791059
v 3.217639 -0.035394 -5.787920
v 3.272151 -0.123605 -5.706906
v 3.397495 -0.039308 -5.780199
v 3.379765 -0.043584 -5.786066
v 3.481013 -0.130539 -5.701543
v 3.555599 -0.047917 -5.773616
v 3.552336 -0.051907 -5.776595
v 3.662818 -0.133602 -5.698512
v 3.699044 -0.054845 -5.767727
v 3.693169 -0.057564 -5.778174
v 3.826253 -0.137150 -5.695389
v 3.828190 -0.057066 -5.768124
v 3.821489 -0.060593 -5.778272
v 3.968504 -0.133668 -5.695093
v 3.950434 -0.059556 -5.767841
v 3.941936 -0.057101 -5.779610
v 4.145894 -0.127452 -5.701580
v 4.072673 -0.057819 -5.769065
v 4.080985 -0.056674 -5.785061
v 4.313568 -0.119563 -5.713103
v 4.221643 -0.055151 -5.775129
v 4.223717 -0.057543 -5.788063
v 4.504357 -0.107261 -5.724421
v 4.345212 -0.055457 -5.776655
v 4.383488 -0.060344 -5.793361
v 4.695538 -0.086944 -5.738591
v 4.503262 -0.049805 -5.784455
v 4.544126 -0.049167 -5.796657
v 4.899800 -0.062580 -5.767369
v 4.689473 -0.038162 -5.796749
v 4.681568 -0.042240 -5.803691
v 5.110796 -0.034380 -5.807931
v 4.820583 -0.022768 -5.815651
v 4.855941 -0.032248 -5.824837
v 5.365520 0.000000 -5.872573
v 5.076739 0.009057 -5.855914
v 5.076695 -0.000412 -5.866916
v 4.688471 0.000000 -5.921499
v 4.558499 0.014375 -5.920999
v 4.558499 -0.005812 -5.920999
v 5.365124 0.000000 -5.975636
v 5.076234 0.041456 -5.987083
v 5.076186 0.022924 -5.999755
v 5.109910 0.033170 -6.038314
v 4.819752 0.071139 -6.031385
v 4.809051 0.021884 -6.008986
v 4.898607 0.060835 -6.077250
v 4.688325 0.078787 -6.042507
v 4.681309 0.025039 -6.018169
v 4.694130 0.076083 -6.104456
v 4.528381 0.081814 -6.051915
v 4.514184 0.029979 -6.031646
v 4.502845 0.078359 -6.117152
v 4.360160 0.082372 -6.052630
v 4.337603 0.034779 -6.039136
v 4.311974 0.081359 -6.127003
v 4.210553 0.083532 -6.056195
v 4.195591 0.034768 -6.047658
v 4.066964 0.032685 -6.049134
v 4.075164 0.083448 -6.056075
v 6.763264 0.088040 -5.705851
v 6.585830 0.089511 -5.710970
v 6.781739 0.082221 -5.795002
v 6.791575 0.036608 -5.798600
v 6.905509 0.085806 -5.707242
v 6.911982 0.082215 -5.793961
v 6.905913 0.040235 -5.798073
v 7.068914 0.081996 -5.711622
v 7.048373 0.075886 -5.795543
v 7.034705 0.038428 -5.800775
v 7.250691 0.085388 -5.716054
v 7.180106 0.078371 -5.794122
v 7.175993 0.041451 -5.802078
v 7.459506 0.075094 -5.723025
v 7.333239 0.082973 -5.798595
v 7.351282 0.043233 -5.802948
v 7.681881 0.068579 -5.735233
v 7.519812 0.073128 -5.807644
v 7.519812 0.043028 -5.807644
v 7.926596 0.053477 -5.761001
v 7.650923 0.064803 -5.826547
v 7.649021 0.043071 -5.813808
v 8.022617 0.030278 -5.838347
v 7.783000 0.060203 -5.859161
v 7.768347 0.030210 -5.867953
v 8.057519 0.000923 -5.934467
v 7.802396 0.042390 -5.933485
v 7.784083 0.022940 -5.934364
v 8.035515 -0.032869 -6.028163
v 7.782427 0.006990 -6.007658
v 7.752273 -0.016983 -6.000415
v 7.925361 -0.064646 -6.081614
v 7.650104 -0.008807 -6.039256
v 7.667355 -0.030082 -6.037385
v 7.680359 -0.107762 -6.130803
v 7.518852 -0.023661 -6.057147
v 7.512409 -0.035393 -6.060286
v 7.457895 -0.123604 -6.141299
v 7.332554 -0.039307 -6.068007
v 7.350284 -0.043583 -6.062140
v 7.249034 -0.130538 -6.146662
v 7.174449 -0.047916 -6.074590
v 7.177711 -0.051906 -6.071610
v 7.067228 -0.133601 -6.149695
v 7.031004 -0.054844 -6.080477
v 7.036878 -0.057563 -6.070031
v 6.903794 -0.137149 -6.152818
v 6.901858 -0.057065 -6.080081
v 6.908559 -0.060592 -6.069933
v 6.761542 -0.133667 -6.153112
v 6.779613 -0.059555 -6.080365
v 6.788110 -0.057100 -6.068595
v 6.584152 -0.127452 -6.146626
v 6.657375 -0.057818 -6.079142
v 6.649063 -0.056673 -6.063145
v 6.416479 -0.119563 -6.135104
v 6.508402 -0.055151 -6.073076
v 6.506330 -0.057543 -6.060143
v 6.225691 -0.107261 -6.123784
v 6.384834 -0.055457 -6.071550
v 6.346560 -0.060344 -6.054846
v 6.034508 -0.086944 -6.109616
v 6.226784 -0.049805 -6.063750
v 6.185922 -0.049167 -6.051550
v 5.830247 -0.062580 -6.080836
v 6.040576 -0.038162 -6.051456
v 6.048480 -0.042240 -6.044515
v 5.619251 -0.034380 -6.040276
v 5.909463 -0.022768 -6.032555
v 5.874104 -0.032248 -6.023369
v 5.364526 0.000000 -5.975634
v 5.653308 0.009057 -5.992291
v 5.653350 -0.000412 -5.981289
v 6.041575 0.000000 -5.926708
v 6.171547 0.014375 -5.927207
v 6.171547 -0.005812 -5.927207
v 5.364923 0.000000 -5.872570
v 5.653812 0.041456 -5.861123
v 5.653862 0.022924 -5.848450
v 5.620138 0.033170 -5.809890
v 5.910293 0.071139 -5.816821
v 5.920996 0.021884 -5.839220
v 5.831440 0.060835 -5.770955
v 6.041722 0.078787 -5.805698
v 6.048737 0.025039 -5.830037
v 6.035917 0.076083 -5.743751
v 6.201666 0.081814 -5.796290
v 6.215862 0.029979 -5.816560
v 6.227201 0.078359 -5.731053
v 6.369886 0.082372 -5.795575
v 6.392445 0.034779 -5.809070
v 6.418072 0.081359 -5.721203
v 6.519495 0.083532 -5.792011
v 6.534458 0.034768 -5.800548
v 6.663085 0.032686 -5.799073
v 6.654882 0.083448 -5.792132
v 5.583276 0.088039 -7.322344
v 5.578155 0.089511 -7.144910
v 5.494123 0.082220 -7.340818
v 5.490527 0.036607 -7.350655
v 5.581884 0.085805 -7.464588
v 5.495165 0.082214 -7.471059
v 5.491054 0.040234 -7.464993
v 5.577503 0.081995 -7.627993
v 5.493583 0.075885 -7.607453
v 5.488352 0.038427 -7.593783
v 5.573072 0.085387 -7.809769
v 5.495003 0.078370 -7.739183
v 5.487048 0.041450 -7.735075
v 5.566101 0.075093 -8.018586
v 5.490531 0.082972 -7.892319
v 5.486180 0.043232 -7.910359
v 5.553893 0.068578 -8.240960
v 5.481483 0.073127 -8.078892
v 5.481483 0.043027 -8.078892
v 5.528125 0.053476 -8.485676
v 5.462581 0.064802 -8.210004
v 5.475319 0.043070 -8.208100
v 5.450781 0.030277 -8.581698
v 5.429965 0.060202 -8.342081
v 5.421173 0.030209 -8.327428
v 5.354660 0.000922 -8.616600
v 5.355641 0.042389 -8.361480
v 5.354762 0.022939 -8.343162
v 5.260965 -0.032870 -8.594596
v 5.281468 0.006989 -8.341509
v 5.288711 -0.016984 -8.311352
v 5.207512 -0.064647 -8.484442
v 5.249872 -0.008808 -8.209184
v 5.251740 -0.030083 -8.226435
v 5.158324 -0.107763 -8.239438
v 5.231979 -0.023662 -8.077930
v 5.228841 -0.035394 -8.071488
v 5.147829 -0.123605 -8.016974
v 5.221119 -0.039308 -7.891631
v 5.226986 -0.043584 -7.909360
v 5.142463 -0.130539 -7.808113
v 5.214536 -0.047917 -7.733527
v 5.217515 -0.051907 -7.736792
v 5.139433 -0.133602 -7.626307
v 5.208650 -0.054845 -7.590084
v 5.219095 -0.057564 -7.595960
v 5.136309 -0.137150 -7.462873
v 5.209046 -0.057066 -7.460937
v 5.219192 -0.060593 -7.467638
v 5.136013 -0.133668 -7.320621
v 5.208763 -0.059556 -7.338693
v 5.220532 -0.057101 -7.347189
v 5.142499 -0.127452 -7.143232
v 5.209987 -0.057819 -7.216455
v 5.225982 -0.056674 -7.208144
v 5.154025 -0.119563 -6.975560
v 5.216049 -0.055151 -7.067482
v 5.228983 -0.057543 -7.065410
v 5.165343 -0.107261 -6.784768
v 5.217576 -0.055457 -6.943916
v 5.234282 -0.060344 -6.905639
v 5.179512 -0.086944 -6.593590
v 5.225377 -0.049805 -6.785867
v 5.237577 -0.049167 -6.745002
v 5.208290 -0.062580 -6.389328
v 5.237669 -0.038162 -6.599655
v 5.244610 -0.042240 -6.607560
v 5.248851 -0.034380 -6.178329
v 5.256573 -0.022768 -6.468543
v 5.265759 -0.032248 -6.433185
v 5.313492 0.000000 -5.923606
v 5.296835 0.009057 -6.212388
v 5.307839 -0.000412 -6.212430
v 5.362419 0.000000 -6.600656
v 5.361918 0.014375 -6.730627
v 5.361918 -0.005812 -6.730627
v 5.416558 0.000000 -5.924003
v 5.428004 0.041456 -6.212893
v 5.440678 0.022924 -6.212942
v 5.479235 0.033170 -6.179216
v 5.472306 0.071139 -6.469373
v 5.449908 0.021884 -6.480076
v 5.518171 0.060835 -6.390522
v 5.483428 0.078787 -6.600803
v 5.459091 0.025039 -6.607816
v 5.545378 0.076083 -6.594998
v 5.492837 0.081814 -6.760748
v 5.472566 0.029979 -6.774942
v 5.558073 0.078359 -6.786280
v 5.493551 0.082372 -6.928968
v 5.480057 0.034779 -6.951524
v 5.567922 0.081359 -6.977153
v 5.497114 0.083532 -7.078575
v 5.488581 0.034768 -7.093538
v 5.490053 0.032685 -7.222162
v 5.496995 0.083448 -7.213962
vn -0.9578 0.2865 0.0223
vn 0.2157 0.9764 0.0040
vn -0.9482 0.3151 -0.0403
vn -0.2792 -0.9602 0.0012
vn -0.7064 -0.7077 0.0129
vn 0.2469 0.9690 -0.0030
vn -0.9644 0.2587 0.0540
vn 0.5628 0.8263 0.0189
vn -0.6878 -0.7258 0.0120
vn 0.1001 0.9949 0.0146
vn -0.9686 0.2475 0.0257
vn 0.2194 -0.9756 0.0071
vn -0.1001 0.9947 -0.0224
vn -0.9647 0.2632 -0.0070
vn -0.6172 -0.7866 0.0190
vn 0.1775 0.9841 0.0050
vn -0.9798 0.1710 0.1041
vn -0.4256 -0.9049 -0.0006
vn 0.0580 0.9974 0.0436
vn -0.9722 0.1879 0.1397
vn -0.3298 -0.9440 0.0074
vn 0.1013 0.9939 0.0441
vn -0.8693 0.1368 0.4750
vn -0.2773 -0.9608 0.0055
vn 0.1291 0.9905 0.0476
vn -0.4400 0.0270 0.8976
vn -0.2307 -0.9722 0.0389
vn 0.3253 0.9431 0.0685
vn -0.0597 -0.0708 0.9957
vn -0.2958 -0.9306 0.2158
vn 0.4214 -0.2325 0.8766
vn -0.4091 -0.9122 0.0208
vn 0.5258 0.8491 0.0496
vn 0.7530 -0.5314 0.3881
vn 0.5631 0.8263 -0.0091
vn -0.5060 -0.8619 -0.0317
vn 0.7228 -0.6908 0.0186
vn -0.4507 -0.8923 0.0244
vn 0.5749 0.8176 -0.0305
vn 0.6603 -0.7351 0.1537
vn 0.6179 0.7861 -0.0157
vn -0.5304 -0.8477 0.0098
vn 0.6729 -0.7372 -0.0607
vn 0.9177 0.3969 0.0184
vn -0.4497 -0.8928 0.0250
vn 0.6776 -0.7142 0.1757
vn 0.6846 0.7289 -0.0094
vn -0.6582 -0.7526 0.0197
vn 0.6981 -0.7118 -0.0774
vn 0.6447 0.7644 -0.0098
vn -0.7247 -0.6890 0.0065
vn 0.8490 0.5285 -0.0000
vn 0.7231 -0.6828 0.1047
vn -0.0021 -0.9998 -0.0189
vn 0.6127 0.7903 -0.0049
vn 0.7382 -0.6733 -0.0404
vn -0.5304 -0.8476 0.0126
vn 0.5827 0.8126 -0.0113
vn 0.7454 -0.6656 0.0380
vn 0.0350 -0.9994 0.0051
vn 0.7131 0.7010 -0.0071
vn 0.7386 -0.6375 -0.2193
vn -0.8646 -0.5023 0.0109
vn 0.5634 0.8261 0.0110
vn 0.7877 -0.5980 -0.1483
vn -0.0519 -0.9966 -0.0639
vn 0.6099 0.7924 0.0079
vn 0.8218 -0.5472 -0.1590
vn -0.4577 -0.8888 -0.0235
vn 0.5366 0.8436 0.0192
vn 0.7947 -0.5552 -0.2453
vn -0.6349 -0.7722 0.0260
vn 0.2470 0.9687 -0.0235
vn -0.0871 0.0249 -0.9959
vn -0.2745 -0.9616 -0.0088
vn -0.3019 -0.8839 -0.3573
vn -0.3119 -0.9501 -0.0081
vn 0.3874 0.9159 -0.1046
vn 0.0636 -0.0935 -0.9936
vn -0.3410 -0.9399 0.0185
vn -0.9574 0.0947 -0.2728
vn 0.1991 0.9787 -0.0501
vn -0.3762 -0.9265 -0.0087
vn -0.9481 0.2509 -0.1953
vn 0.4497 0.8932 -0.0064
vn -0.3643 -0.9313 -0.0012
vn -0.9620 0.2517 -0.1062
vn 0.2011 0.9795 -0.0066
vn -0.4965 -0.8679 -0.0121
vn -0.9735 0.2258 -0.0374
vn 0.2245 0.9745 -0.0060
vn -0.8132 -0.5812 -0.0295
vn -0.9699 0.2358 -0.0612
vn 0.1790 0.9838 -0.0129
vn -0.4177 -0.9085 -0.0140
vn 0.4329 0.9014 0.0054
vn 0.5796 0.5774 0.5751
vn -0.5751 -0.5774 0.5796
vn 0.5796 -0.5774 0.5751
vn -0.5796 -0.5774 -0.5751
vn 0.5751 0.5773 -0.5796
vn 0.5751 -0.5774 -0.5796
vn -0.5796 0.5774 -0.5751
vn -0.5751 0.5773 0.5796
vn -0.0028 0.6857 -0.7279
vn 0.1393 -0.6857 -0.7144
vn -0.0028 -0.6857 -0.7279
vn 0.1448 -0.6857 0.7134
vn -0.7134 -0.6857 0.1447
vn -0.1448 -0.6857 -0.7134
vn -0.1448 0.6857 -0.7133
vn -0.2811 0.6857 -0.6714
vn -0.2811 -0.6857 -0.6714
vn -0.2760 0.6857 0.6736
vn 0.6736 0.6857 0.2760
vn 0.2760 0.6857 -0.6736
vn -0.4067 0.6857 -0.6037
vn -0.4067 -0.6857 -0.6037
vn -0.5167 0.6857 -0.5127
vn -0.5167 -0.6857 -0.5127
vn -0.6068 0.6857 -0.4020
vn -0.6068 -0.6857 -0.4021
vn -0.6736 0.6857 -0.2760
vn -0.6735 -0.6857 -0.2760
vn -0.7144 0.6857 -0.1392
vn -0.7144 -0.6857 -0.1393
vn -0.7279 0.6857 0.0028
vn -0.7279 -0.6857 0.0028
vn -0.7134 0.6857 0.1447
vn -0.6714 0.6857 0.2811
vn -0.6714 -0.6857 0.2811
vn -0.6037 0.6857 0.4067
vn -0.6037 -0.6857 0.4067
vn -0.5127 0.6857 0.5167
vn -0.5127 -0.6857 0.5167
vn -0.4020 0.6857 0.6068
vn -0.4021 -0.6857 0.6068
vn -0.2759 -0.6857 0.6735
vn -0.1393 0.6857 0.7144
vn -0.1393 -0.6857 0.7144
vn 0.0028 0.6857 0.7279
vn 0.0028 -0.6857 0.7279
vn 0.1447 0.6857 0.7134
vn 0.2811 0.6857 0.6714
vn 0.2811 -0.6857 0.6714
vn 0.4067 0.6857 0.6037
vn 0.4067 -0.6857 0.6037
vn 0.5167 0.6857 0.5127
vn 0.5167 -0.6857 0.5127
vn 0.6068 0.6857 0.4020
vn 0.6068 -0.6857 0.4021
vn 0.6735 -0.6857 0.2760
vn 0.7144 0.6857 0.1393
vn 0.7145 -0.6857 0.1393
vn 0.7279 0.6857 -0.0028
vn 0.7279 -0.6857 -0.0028
vn 0.7133 0.6857 -0.1447
vn 0.7134 -0.6857 -0.1448
vn 0.6714 0.6857 -0.2812
vn 0.6714 -0.6857 -0.2812
vn 0.6036 0.6857 -0.4067
vn 0.6037 -0.6857 -0.4067
vn 0.5127 0.6857 -0.5167
vn 0.5127 -0.6857 -0.5167
vn 0.4021 0.6857 -0.6068
vn 0.4021 -0.6857 -0.6068
vn 0.2760 -0.6857 -0.6736
vn 0.1393 0.6857 -0.7144
vn -0.5751 0.5774 0.5796
vn 0.5751 0.5774 -0.5796
vn -0.0223 0.2865 -0.9578
vn -0.0040 0.9764 0.2158
vn 0.0403 0.3151 -0.9482
vn -0.0012 -0.9602 -0.2792
vn -0.0129 -0.7076 -0.7065
vn 0.0030 0.9690 0.2469
vn -0.0539 0.2587 -0.9644
vn -0.0188 0.8263 0.5629
vn -0.0120 -0.7260 -0.6876
vn -0.0146 0.9949 0.1001
vn -0.0257 0.2475 -0.9686
vn -0.0071 -0.9755 0.2199
vn 0.0224 0.9947 -0.1000
vn 0.0070 0.2632 -0.9647
vn -0.0190 -0.7868 -0.6170
vn -0.0050 0.9841 0.1775
vn -0.1041 0.1710 -0.9798
vn 0.0006 -0.9048 -0.4258
vn -0.0436 0.9974 0.0580
vn -0.1397 0.1879 -0.9722
vn -0.0074 -0.9440 -0.3298
vn -0.0441 0.9939 0.1013
vn -0.4750 0.1368 -0.8693
vn -0.0055 -0.9608 -0.2773
vn -0.0476 0.9905 0.1291
vn -0.8976 0.0270 -0.4400
vn -0.0389 -0.9722 -0.2307
vn -0.0685 0.9431 0.3253
vn -0.9957 -0.0708 -0.0597
vn -0.2158 -0.9306 -0.2958
vn -0.8766 -0.2325 0.4214
vn -0.0208 -0.9122 -0.4091
vn -0.0496 0.8491 0.5258
vn -0.3881 -0.5314 0.7530
vn 0.0091 0.8263 0.5631
vn 0.0317 -0.8619 -0.5060
vn -0.0186 -0.6908 0.7228
vn -0.0244 -0.8923 -0.4507
vn 0.0305 0.8177 0.5749
vn -0.1537 -0.7351 0.6603
vn 0.0157 0.7861 0.6179
vn -0.0098 -0.8477 -0.5304
vn 0.0607 -0.7372 0.6729
vn -0.0185 0.3956 0.9182
vn -0.0250 -0.8928 -0.4497
vn -0.1757 -0.7142 0.6776
vn 0.0094 0.7289 0.6846
vn -0.0197 -0.7527 -0.6581
vn 0.0775 -0.7118 0.6981
vn 0.0098 0.7644 0.6447
vn -0.0065 -0.6891 -0.7247
vn -0.0000 0.5284 0.8490
vn -0.1047 -0.6828 0.7231
vn 0.0188 -0.9998 -0.0025
vn 0.0049 0.7902 0.6128
vn 0.0403 -0.6733 0.7382
vn -0.0126 -0.8476 -0.5304
vn 0.0113 0.8126 0.5827
vn -0.0379 -0.6656 0.7454
vn -0.0051 -0.9994 0.0351
vn 0.0071 0.7009 0.7132
vn 0.2193 -0.6375 0.7386
vn -0.0109 -0.5024 -0.8646
vn -0.0110 0.8261 0.5634
vn 0.1483 -0.5980 0.7877
vn 0.0639 -0.9966 -0.0520
vn -0.0079 0.7924 0.6099
vn 0.1590 -0.5472 0.8218
vn 0.0235 -0.8888 -0.4577
vn -0.0192 0.8436 0.5366
vn 0.2453 -0.5552 0.7947
vn -0.0260 -0.7722 -0.6348
vn 0.0235 0.9687 0.2470
vn 0.9959 0.0250 -0.0872
vn 0.0088 -0.9616 -0.2745
vn 0.3573 -0.8839 -0.3019
vn 0.0081 -0.9501 -0.3119
vn 0.1046 0.9159 0.3874
vn 0.9936 -0.0934 0.0636
vn -0.0185 -0.9399 -0.3410
vn 0.2728 0.0947 -0.9574
vn 0.0501 0.9787 0.1991
vn 0.0087 -0.9265 -0.3762
vn 0.1953 0.2509 -0.9481
vn 0.0064 0.8932 0.4496
vn 0.0012 -0.9313 -0.3643
vn 0.1063 0.2517 -0.9620
vn 0.0066 0.9795 0.2012
vn 0.0121 -0.8680 -0.4964
vn 0.0374 0.2258 -0.9735
vn 0.0060 0.9745 0.2245
vn 0.0295 -0.5811 -0.8133
vn 0.0612 0.2358 -0.9699
vn 0.0129 0.9838 0.1789
vn 0.0140 -0.9085 -0.4176
vn -0.0054 0.9014 0.4329
vn 0.0223 0.2865 0.9578
vn 0.0040 0.9764 -0.2158
vn -0.0403 0.3151 0.9482
vn 0.0012 -0.9602 0.2792
vn 0.0129 -0.7079 0.7062
vn -0.0030 0.9690 -0.2469
vn 0.0539 0.2587 0.9644
vn 0.0188 0.8262 -0.5630
vn 0.0120 -0.7261 0.6875
vn 0.0146 0.9949 -0.1001
vn 0.0257 0.2475 0.9686
vn 0.0071 -0.9754 -0.2202
vn -0.0224 0.9947 0.1000
vn -0.0070 0.2632 0.9647
vn 0.0190 -0.7868 0.6170
vn 0.0050 0.9841 -0.1775
vn 0.1041 0.1710 0.9798
vn -0.0006 -0.9049 0.4256
vn 0.0436 0.9974 -0.0580
vn 0.1397 0.1879 0.9722
vn 0.0074 -0.9440 0.3298
vn 0.0441 0.9939 -0.1013
vn 0.4750 0.1368 0.8693
vn 0.0055 -0.9608 0.2773
vn 0.0476 0.9905 -0.1291
vn 0.8976 0.0270 0.4400
vn 0.0389 -0.9722 0.2307
vn 0.0685 0.9431 -0.3253
vn 0.9957 -0.0708 0.0597
vn 0.2157 -0.9306 0.2958
vn 0.8766 -0.2325 -0.4214
vn 0.0208 -0.9122 0.4091
vn 0.0496 0.8491 -0.5258
vn 0.3882 -0.5314 -0.7530
vn -0.0091 0.8263 -0.5631
vn -0.0317 -0.8619 0.5060
vn 0.0186 -0.6908 -0.7228
vn 0.0244 -0.8923 0.4507
vn -0.0304 0.8176 -0.5749
vn 0.1538 -0.7351 -0.6603
vn -0.0157 0.7861 -0.6179
vn 0.0098 -0.8477 0.5304
vn -0.0606 -0.7372 -0.6729
vn 0.0184 0.3959 -0.9181
vn 0.0250 -0.8928 0.4497
vn 0.1756 -0.7142 -0.6776
vn -0.0094 0.7288 -0.6846
vn 0.0197 -0.7525 0.6583
vn -0.0774 -0.7118 -0.6981
vn -0.0098 0.7644 -0.6447
vn 0.0065 -0.6890 0.7247
vn -0.0000 0.5283 -0.8491
vn 0.1047 -0.6828 -0.7231
vn -0.0188 -0.9998 0.0024
vn -0.0049 0.7903 -0.6127
vn -0.0403 -0.6733 -0.7383
vn 0.0126 -0.8476 0.5304
vn -0.0113 0.8126 -0.5827
vn 0.0379 -0.6656 -0.7454
vn 0.0051 -0.9994 -0.0355
vn -0.0071 0.7009 -0.7132
vn -0.2193 -0.6375 -0.7386
vn 0.0109 -0.5023 0.8646
vn 0.0110 0.8261 -0.5634
vn -0.1483 -0.5980 -0.7877
vn -0.0639 -0.9966 0.0520
vn 0.0079 0.7924 -0.6099
vn -0.1590 -0.5472 -0.8218
vn -0.0235 -0.8888 0.4577
vn 0.0192 0.8436 -0.5367
vn -0.2453 -0.5552 -0.7947
vn 0.0260 -0.7722 0.6348
vn -0.0235 0.9687 -0.2469
vn -0.9959 0.0249 0.0870
vn -0.0088 -0.9616 0.2745
vn -0.3573 -0.8838 0.3020
vn -0.0081 -0.9501 0.3119
vn -0.1046 0.9159 -0.3874
vn -0.9936 -0.0935 -0.0639
vn 0.0185 -0.9399 0.3410
vn -0.2728 0.0947 0.9574
vn -0.0501 0.9787 -0.1991
vn -0.0087 -0.9265 0.3762
vn -0.1953 0.2509 0.9481
vn -0.0064 0.8931 -0.4498
vn -0.0012 -0.9313 0.3643
vn -0.1063 0.2517 0.9620
vn -0.0066 0.9795 -0.2011
vn -0.0121 -0.8680 0.4964
vn -0.0374 0.2258 0.9735
vn -0.0060 0.9745 -0.2245
vn -0.0295 -0.5810 0.8134
vn -0.0612 0.2358 0.9699
vn -0.0129 0.9838 -0.1790
vn -0.0140 -0.9085 0.4176
vn 0.0054 0.9014 -0.4329
vn 0.9578 0.2865 -0.0223
vn -0.2157 0.9764 -0.0040
vn 0.9482 0.3151 0.0403
vn 0.2792 -0.9602 -0.0012
vn 0.7061 -0.7079 -0.0129
vn -0.2469 0.9690 0.0030
vn 0.9644 0.2587 -0.0540
vn -0.5629 0.8263 -0.0188
vn 0.6876 -0.7260 -0.0120
vn -0.1001 0.9949 -0.0146
vn 0.9686 0.2475 -0.0257
vn -0.2199 -0.9755 -0.0071
vn 0.1001 0.9947 0.0224
vn 0.9647 0.2631 0.0070
vn 0.6170 -0.7868 -0.0190
vn -0.1775 0.9841 -0.0050
vn 0.9798 0.1710 -0.1041
vn 0.4256 -0.9049 0.0006
vn -0.0580 0.9974 -0.0436
vn 0.9722 0.1879 -0.1397
vn 0.3298 -0.9440 -0.0074
vn -0.1013 0.9939 -0.0441
vn 0.8693 0.1368 -0.4750
vn 0.2773 -0.9608 -0.0055
vn -0.1291 0.9905 -0.0476
vn 0.4400 0.0270 -0.8976
vn 0.2307 -0.9722 -0.0389
vn -0.3253 0.9431 -0.0685
vn 0.0597 -0.0708 -0.9957
vn 0.2958 -0.9306 -0.2158
vn -0.4214 -0.2325 -0.8766
vn 0.4091 -0.9122 -0.0208
vn -0.5258 0.8491 -0.0496
vn -0.7530 -0.5314 -0.3881
vn -0.5631 0.8263 0.0091
vn 0.5060 -0.8619 0.0317
vn -0.7228 -0.6908 -0.0186
vn 0.4507 -0.8923 -0.0244
vn -0.5749 0.8176 0.0305
vn -0.6603 -0.7351 -0.1537
vn -0.6179 0.7861 0.0157
vn 0.5304 -0.8477 -0.0098
vn -0.6729 -0.7372 0.0606
vn -0.9177 0.3970 -0.0184
vn 0.4497 -0.8928 -0.0250
vn -0.6776 -0.7142 -0.1756
vn -0.6846 0.7288 0.0094
vn 0.6582 -0.7525 -0.0197
vn -0.6981 -0.7118 0.0774
vn -0.6447 0.7644 0.0098
vn 0.7247 -0.6890 -0.0065
vn -0.8490 0.5284 -0.0000
vn -0.7231 -0.6828 -0.1046
vn 0.0021 -0.9998 0.0189
vn -0.6128 0.7902 0.0049
vn -0.7383 -0.6733 0.0403
vn 0.5304 -0.8476 -0.0126
vn -0.5827 0.8126 0.0113
vn -0.7454 -0.6656 -0.0379
vn -0.0353 -0.9994 -0.0051
vn -0.7132 0.7009 0.0071
vn -0.7386 -0.6375 0.2193
vn 0.8646 -0.5023 -0.0109
vn -0.5634 0.8261 -0.0110
vn -0.7877 -0.5980 0.1483
vn 0.0519 -0.9966 0.0639
vn -0.6098 0.7925 -0.0079
vn -0.8218 -0.5471 0.1590
vn 0.4577 -0.8888 0.0235
vn -0.5366 0.8436 -0.0192
vn -0.7947 -0.5552 0.2453
vn 0.6349 -0.7722 -0.0260
vn -0.2470 0.9687 0.0235
vn 0.0871 0.0249 0.9959
vn 0.2745 -0.9616 0.0088
vn 0.3019 -0.8838 0.3573
vn 0.3119 -0.9501 0.0081
vn -0.3875 0.9159 0.1046
vn -0.0636 -0.0935 0.9936
vn 0.3410 -0.9399 -0.0185
vn 0.9574 0.0947 0.2728
vn -0.1991 0.9787 0.0501
vn 0.3762 -0.9265 0.0087
vn 0.9481 0.2509 0.1953
vn -0.4496 0.8932 0.0064
vn 0.3643 -0.9313 0.0012
vn 0.9620 0.2517 0.1062
vn -0.2011 0.9795 0.0066
vn 0.4965 -0.8680 0.0121
vn 0.9735 0.2258 0.0374
vn -0.2245 0.9745 0.0060
vn 0.8133 -0.5811 0.0295
vn 0.9699 0.2358 0.0612
vn -0.1791 0.9838 0.0129
vn 0.4176 -0.9085 0.0140
vn -0.4329 0.9014 -0.0054
vt 0.240751 0.207325
vt 0.220356 0.197011
vt 0.227813 0.181069
vt 0.504700 0.472373
vt 0.512346 0.495481
vt 0.493210 0.486360
vt 0.228627 0.216231
vt 0.250302 0.228739
vt 0.237740 0.235678
vt 0.483196 0.463005
vt 0.476191 0.478225
vt 0.246527 0.256409
vt 0.250411 0.228940
vt 0.260588 0.253907
vt 0.483262 0.463033
vt 0.456680 0.469822
vt 0.458401 0.452601
vt 0.255948 0.275986
vt 0.260533 0.253613
vt 0.272580 0.281074
vt 0.458352 0.452596
vt 0.435495 0.460113
vt 0.430909 0.440507
vt 0.266176 0.299097
vt 0.272617 0.280953
vt 0.286395 0.312575
vt 0.430942 0.440500
vt 0.409224 0.448055
vt 0.398900 0.427729
vt 0.277250 0.327884
vt 0.286000 0.313150
vt 0.298964 0.347525
vt 0.398954 0.427702
vt 0.383678 0.437091
vt 0.364704 0.414409
vt 0.283224 0.348939
vt 0.299062 0.347417
vt 0.311645 0.386072
vt 0.364715 0.414400
vt 0.363926 0.429038
vt 0.326047 0.401856
vt 0.287560 0.370962
vt 0.312248 0.385602
vt 0.307328 0.405697
vt 0.326640 0.401049
vt 0.342218 0.428689
vt 0.306572 0.406080
vt 0.277500 0.379199
vt 0.306538 0.406134
vt 0.294064 0.418469
vt 0.335104 0.437491
vt 0.275769 0.422470
vt 0.292264 0.419180
vt 0.289907 0.437738
vt 0.334923 0.451254
vt 0.263800 0.381813
vt 0.258361 0.410346
vt 0.249465 0.364363
vt 0.302494 0.453251
vt 0.344929 0.462992
vt 0.231253 0.378050
vt 0.257651 0.410478
vt 0.334321 0.480122
vt 0.366509 0.477209
vt 0.237098 0.346192
vt 0.213330 0.345725
vt 0.221801 0.319368
vt 0.366796 0.498905
vt 0.390512 0.489060
vt 0.198037 0.314960
vt 0.209476 0.296325
vt 0.397442 0.514170
vt 0.415563 0.502716
vt 0.185072 0.287963
vt 0.198361 0.275393
vt 0.424758 0.527100
vt 0.436650 0.512492
vt 0.173252 0.263737
vt 0.189370 0.256086
vt 0.448891 0.538765
vt 0.455812 0.521478
vt 0.180744 0.237863
vt 0.163916 0.242214
vt 0.448624 0.538656
vt 0.474030 0.529411
vt 0.470015 0.548297
vt 0.172603 0.219420
vt 0.163949 0.242341
vt 0.153023 0.215167
vt 0.470278 0.548351
vt 0.495224 0.538205
vt 0.497538 0.559059
vt 0.163332 0.196646
vt 0.153045 0.215069
vt 0.143628 0.188973
vt 0.497516 0.559062
vt 0.516780 0.547668
vt 0.523641 0.568399
vt 0.155004 0.178049
vt 0.133077 0.159207
vt 0.523734 0.568368
vt 0.540993 0.558096
vt 0.553539 0.578805
vt 0.145534 0.153717
vt 0.133012 0.159284
vt 0.123461 0.128965
vt 0.553061 0.579088
vt 0.565579 0.568136
vt 0.583200 0.589192
vt 0.135106 0.124703
vt 0.123336 0.129077
vt 0.114763 0.095917
vt 0.586804 0.576246
vt 0.583398 0.589024
vt 0.129605 0.103412
vt 0.114730 0.095940
vt 0.107375 0.060972
vt 0.616649 0.597491
vt 0.614545 0.584736
vt 0.651657 0.604650
vt 0.119420 0.061556
vt 0.100251 0.017854
vt 0.651192 0.592329
vt 0.651534 0.604878
vt 0.156219 0.115071
vt 0.102119 0.017082
vt 0.596453 0.557941
vt 0.576780 0.549384
vt 0.139304 0.052584
vt 0.154032 0.116106
vt 0.114123 0.011531
vt 0.596386 0.558093
vt 0.660105 0.572510
vt 0.701335 0.597008
vt 0.144331 0.043708
vt 0.164929 0.087359
vt 0.667904 0.568853
vt 0.620670 0.552824
vt 0.166118 0.072268
vt 0.175993 0.106126
vt 0.639508 0.547241
vt 0.602202 0.542570
vt 0.184868 0.100959
vt 0.188470 0.129419
vt 0.611047 0.528446
vt 0.578152 0.528910
vt 0.200012 0.128730
vt 0.200189 0.154560
vt 0.583196 0.513402
vt 0.552287 0.515456
vt 0.214654 0.156639
vt 0.211051 0.176718
vt 0.555367 0.498806
vt 0.531565 0.504460
vt 0.227794 0.181061
vt 0.531194 0.485192
vt 0.164332 0.135049
vt 0.135039 0.501133
vt 0.076251 0.542666
vt 0.126412 0.492506
vt 0.071036 0.547881
vt 0.026091 0.492506
vt 0.012248 0.489093
vt 0.020876 0.497721
vt 0.079664 0.556509
vt 0.020876 0.598042
vt 0.135039 0.601455
vt 0.129824 0.606669
vt 0.084879 0.551294
vt 0.500918 0.288218
vt 0.496012 0.187473
vt 0.496083 0.188574
vt 0.323588 0.248839
vt 0.265074 0.081452
vt 0.432460 0.022937
vt 0.500606 0.287620
vt 0.496109 0.189597
vt 0.500310 0.287180
vt 0.496092 0.190544
vt 0.500058 0.283751
vt 0.501813 0.284355
vt 0.501370 0.286813
vt 0.500067 0.286769
vt 0.496036 0.191412
vt 0.499848 0.286397
vt 0.495943 0.192202
vt 0.499655 0.286053
vt 0.495817 0.192913
vt 0.499500 0.285727
vt 0.495662 0.193545
vt 0.499458 0.285364
vt 0.495480 0.194097
vt 0.499449 0.285034
vt 0.495274 0.194569
vt 0.499493 0.284717
vt 0.495048 0.194961
vt 0.499559 0.284444
vt 0.494805 0.195272
vt 0.499662 0.284198
vt 0.494547 0.195503
vt 0.499783 0.283999
vt 0.494277 0.195653
vt 0.499925 0.283840
vt 0.493999 0.195723
vt 0.500082 0.283726
vt 0.493715 0.195711
vt 0.500288 0.283628
vt 0.493428 0.195619
vt 0.500508 0.283581
vt 0.493140 0.195445
vt 0.500733 0.283573
vt 0.492856 0.195190
vt 0.500958 0.283621
vt 0.492577 0.194854
vt 0.501169 0.283716
vt 0.492306 0.194437
vt 0.501377 0.283865
vt 0.492046 0.193939
vt 0.501575 0.284066
vt 0.491801 0.193359
vt 0.501746 0.284308
vt 0.491572 0.192698
vt 0.501799 0.284527
vt 0.491363 0.191956
vt 0.501834 0.284784
vt 0.491177 0.191133
vt 0.501859 0.285088
vt 0.491018 0.190229
vt 0.501863 0.285427
vt 0.494849 0.180872
vt 0.501752 0.285707
vt 0.495199 0.182333
vt 0.501634 0.286042
vt 0.495487 0.183726
vt 0.501498 0.286419
vt 0.495717 0.185048
vt 0.501336 0.286851
vt 0.495890 0.186297
vt 0.501128 0.287446
vt 0.496875 0.365035
vt 0.437133 0.405615
vt 0.487294 0.355455
vt 0.442349 0.300078
vt 0.437134 0.305293
vt 0.502090 0.359820
vt 0.492509 0.350239
vt 0.552251 0.309660
vt 0.542670 0.300079
vt 0.552251 0.409980
vt 0.427554 0.295712
vt 0.150879 0.297022
vt 0.130483 0.286708
vt 0.137941 0.270766
vt 0.414819 0.562069
vt 0.422469 0.585177
vt 0.403333 0.576058
vt 0.138754 0.305927
vt 0.160430 0.318436
vt 0.147867 0.325375
vt 0.393324 0.552702
vt 0.386315 0.567922
vt 0.156654 0.346106
vt 0.160538 0.318637
vt 0.170715 0.343604
vt 0.393386 0.552730
vt 0.366803 0.559520
vt 0.368524 0.542298
vt 0.166075 0.365683
vt 0.170659 0.343311
vt 0.182707 0.370772
vt 0.368475 0.542294
vt 0.345618 0.549810
vt 0.341032 0.530205
vt 0.176302 0.388794
vt 0.182743 0.370651
vt 0.196521 0.402273
vt 0.341065 0.530197
vt 0.319348 0.537752
vt 0.309023 0.517426
vt 0.187375 0.417581
vt 0.196126 0.402847
vt 0.209089 0.437223
vt 0.309077 0.517399
vt 0.293801 0.526789
vt 0.274827 0.504106
vt 0.193349 0.438636
vt 0.209187 0.437115
vt 0.221769 0.475770
vt 0.274838 0.504097
vt 0.274050 0.518736
vt 0.236171 0.491554
vt 0.197684 0.460659
vt 0.222372 0.475300
vt 0.217452 0.495394
vt 0.236763 0.490747
vt 0.252342 0.518387
vt 0.216696 0.495778
vt 0.187624 0.468897
vt 0.216662 0.495832
vt 0.204188 0.508166
vt 0.245227 0.527188
vt 0.185893 0.512167
vt 0.202388 0.508878
vt 0.200031 0.527436
vt 0.245046 0.540952
vt 0.173925 0.471510
vt 0.168485 0.500043
vt 0.159590 0.454060
vt 0.212618 0.542949
vt 0.255053 0.552690
vt 0.141378 0.467746
vt 0.167775 0.500175
vt 0.244445 0.569820
vt 0.276633 0.566906
vt 0.147223 0.435889
vt 0.123455 0.435421
vt 0.131927 0.409064
vt 0.276920 0.588602
vt 0.300636 0.578757
vt 0.108162 0.404656
vt 0.119603 0.386022
vt 0.307566 0.603868
vt 0.325687 0.592413
vt 0.095198 0.377659
vt 0.108488 0.365089
vt 0.334882 0.616797
vt 0.346774 0.602190
vt 0.083379 0.353433
vt 0.099497 0.345781
vt 0.359014 0.628463
vt 0.365936 0.611176
vt 0.090871 0.327558
vt 0.074043 0.331910
vt 0.358748 0.628354
vt 0.384154 0.619108
vt 0.380139 0.637995
vt 0.082730 0.309116
vt 0.074076 0.332036
vt 0.063151 0.304863
vt 0.380403 0.638049
vt 0.405348 0.627901
vt 0.407663 0.648756
vt 0.073460 0.286342
vt 0.063173 0.304765
vt 0.053755 0.278668
vt 0.407641 0.648758
vt 0.426904 0.637364
vt 0.433766 0.658095
vt 0.065132 0.267744
vt 0.043206 0.248902
vt 0.433859 0.658064
vt 0.451118 0.647791
vt 0.463665 0.668500
vt 0.055662 0.243412
vt 0.043140 0.248979
vt 0.033590 0.218659
vt 0.463187 0.668782
vt 0.475705 0.657831
vt 0.493326 0.678886
vt 0.045235 0.214398
vt 0.033465 0.218771
vt 0.024892 0.185611
vt 0.496930 0.665940
vt 0.493525 0.678718
vt 0.039734 0.193107
vt 0.024859 0.185635
vt 0.017505 0.150667
vt 0.526775 0.687184
vt 0.524671 0.674429
vt 0.561783 0.694342
vt 0.029550 0.151250
vt 0.010383 0.107549
vt 0.561319 0.682021
vt 0.561661 0.694570
vt 0.066349 0.204766
vt 0.012250 0.106776
vt 0.506577 0.647635
vt 0.486905 0.639078
vt 0.049434 0.142280
vt 0.064161 0.205801
vt 0.024254 0.101226
vt 0.506511 0.647787
vt 0.570231 0.662202
vt 0.611461 0.686698
vt 0.054462 0.133404
vt 0.075059 0.177055
vt 0.578030 0.658544
vt 0.530795 0.642517
vt 0.076248 0.161964
vt 0.086122 0.195822
vt 0.549633 0.636934
vt 0.512326 0.632264
vt 0.094997 0.190655
vt 0.098599 0.219114
vt 0.521172 0.618139
vt 0.488276 0.618603
vt 0.110141 0.218427
vt 0.110318 0.244256
vt 0.493319 0.603096
vt 0.462411 0.605151
vt 0.124783 0.246336
vt 0.121179 0.266414
vt 0.465490 0.588501
vt 0.441688 0.594156
vt 0.137922 0.270757
vt 0.441316 0.574887
vt 0.074461 0.224745
vt 0.729070 0.625252
vt 0.736220 0.646960
vt 0.719680 0.652976
vt 0.729490 0.251202
vt 0.740399 0.229443
vt 0.747502 0.249415
vt 0.743943 0.627514
vt 0.737438 0.603348
vt 0.751231 0.607312
vt 0.738087 0.273017
vt 0.753800 0.267196
vt 0.759657 0.586432
vt 0.737503 0.603129
vt 0.747937 0.578269
vt 0.738063 0.272953
vt 0.761675 0.286926
vt 0.748291 0.297899
vt 0.766819 0.565920
vt 0.747769 0.578516
vt 0.758642 0.550569
vt 0.748322 0.297937
vt 0.769810 0.308764
vt 0.759207 0.325880
vt 0.775906 0.542337
vt 0.758531 0.550629
vt 0.771118 0.518514
vt 0.759178 0.325862
vt 0.779886 0.335856
vt 0.772835 0.357536
vt 0.788405 0.514140
vt 0.771803 0.518387
vt 0.786911 0.484898
vt 0.772778 0.357517
vt 0.790224 0.361663
vt 0.787630 0.391121
vt 0.799051 0.495017
vt 0.786766 0.484906
vt 0.805167 0.448658
vt 0.787616 0.391120
vt 0.798515 0.381315
vt 0.806124 0.427313
vt 0.811540 0.476367
vt 0.804408 0.448564
vt 0.822086 0.437818
vt 0.805135 0.427465
vt 0.813633 0.396897
vt 0.822892 0.438080
vt 0.824479 0.477644
vt 0.822954 0.438066
vt 0.840497 0.438148
vt 0.824887 0.395693
vt 0.856272 0.448240
vt 0.842274 0.438916
vt 0.857051 0.427445
vt 0.834737 0.386079
vt 0.836021 0.485471
vt 0.860028 0.469118
vt 0.833840 0.507949
vt 0.859101 0.407574
vt 0.835947 0.370702
vt 0.856399 0.511127
vt 0.860624 0.469527
vt 0.855556 0.366072
vt 0.830715 0.345396
vt 0.829757 0.529546
vt 0.846250 0.546668
vt 0.821634 0.559338
vt 0.845838 0.329836
vt 0.822097 0.320052
vt 0.835340 0.579246
vt 0.814079 0.584353
vt 0.834931 0.297383
vt 0.814013 0.292689
vt 0.825444 0.607513
vt 0.807159 0.607021
vt 0.824730 0.268935
vt 0.805994 0.270874
vt 0.816696 0.633009
vt 0.799883 0.627038
vt 0.815890 0.243631
vt 0.798779 0.250977
vt 0.793115 0.646030
vt 0.808100 0.654838
vt 0.816001 0.243896
vt 0.791488 0.232492
vt 0.807672 0.221961
vt 0.785849 0.664834
vt 0.808165 0.654725
vt 0.796702 0.681676
vt 0.807523 0.221736
vt 0.782698 0.211297
vt 0.795792 0.194901
vt 0.776322 0.687502
vt 0.796617 0.681730
vt 0.784848 0.706853
vt 0.795809 0.194915
vt 0.774125 0.189372
vt 0.783913 0.169851
vt 0.769078 0.706548
vt 0.771287 0.735373
vt 0.783826 0.169807
vt 0.764353 0.164887
vt 0.770101 0.141365
vt 0.758592 0.730460
vt 0.771387 0.735366
vt 0.756729 0.763572
vt 0.770639 0.141503
vt 0.754043 0.140412
vt 0.756444 0.113061
vt 0.745476 0.758362
vt 0.756896 0.763581
vt 0.739539 0.793107
vt 0.744748 0.119679
vt 0.756185 0.113040
vt 0.734329 0.777317
vt 0.739579 0.793114
vt 0.720082 0.823059
vt 0.738631 0.083559
vt 0.731110 0.094073
vt 0.718909 0.053762
vt 0.711969 0.814137
vt 0.694663 0.858609
vt 0.710533 0.062811
vt 0.719156 0.053688
vt 0.723728 0.750264
vt 0.692796 0.857836
vt 0.724989 0.125820
vt 0.732868 0.145773
vt 0.691558 0.806440
vt 0.726008 0.751076
vt 0.680378 0.853285
vt 0.725143 0.125759
vt 0.690225 0.070544
vt 0.678347 0.024079
vt 0.681729 0.809170
vt 0.697987 0.763725
vt 0.682121 0.067623
vt 0.704232 0.112334
vt 0.686485 0.773566
vt 0.703414 0.742626
vt 0.686954 0.102979
vt 0.710061 0.132638
vt 0.693483 0.740014
vt 0.711038 0.717326
vt 0.693822 0.136387
vt 0.717434 0.159297
vt 0.702382 0.709659
vt 0.720504 0.691252
vt 0.702909 0.166710
vt 0.726238 0.187089
vt 0.711735 0.679562
vt 0.728469 0.667896
vt 0.712297 0.196699
vt 0.733138 0.209511
vt 0.719687 0.652995
vt 0.719790 0.223412
vt 0.732099 0.730393
vt 0.858055 0.619310
vt 0.865205 0.641020
vt 0.848664 0.647036
vt 0.858476 0.245234
vt 0.869386 0.223473
vt 0.876489 0.243447
vt 0.872928 0.621572
vt 0.866423 0.597405
vt 0.880217 0.601369
vt 0.867072 0.267050
vt 0.882787 0.261229
vt 0.888644 0.580488
vt 0.866488 0.597186
vt 0.876923 0.572325
vt 0.867049 0.266986
vt 0.890662 0.280960
vt 0.877277 0.291934
vt 0.895806 0.559974
vt 0.876755 0.572571
vt 0.887628 0.544622
vt 0.877309 0.291972
vt 0.898798 0.302800
vt 0.888193 0.319917
vt 0.904894 0.536389
vt 0.887517 0.544682
vt 0.900105 0.512565
vt 0.888164 0.319899
vt 0.908874 0.329894
vt 0.901823 0.351576
vt 0.917393 0.508190
vt 0.900790 0.512438
vt 0.915899 0.478947
vt 0.901766 0.351557
vt 0.919212 0.355703
vt 0.916618 0.385162
vt 0.928040 0.489066
vt 0.915754 0.478955
vt 0.934156 0.442704
vt 0.916604 0.385161
vt 0.927504 0.375356
vt 0.935113 0.421357
vt 0.940529 0.470415
vt 0.933398 0.442611
vt 0.951076 0.431863
vt 0.934124 0.421510
vt 0.942623 0.390940
vt 0.951882 0.432125
vt 0.953470 0.471691
vt 0.951944 0.432111
vt 0.969488 0.432193
vt 0.953877 0.389735
vt 0.985264 0.442286
vt 0.971265 0.432961
vt 0.986044 0.421490
vt 0.963729 0.380120
vt 0.965013 0.479520
vt 0.989021 0.463166
vt 0.962831 0.501999
vt 0.988094 0.401617
vt 0.964939 0.364743
vt 0.985392 0.505178
vt 0.989617 0.463575
vt 0.984549 0.360112
vt 0.959706 0.339435
vt 0.958748 0.523598
vt 0.975241 0.540721
vt 0.950625 0.553392
vt 0.974831 0.323874
vt 0.951089 0.314088
vt 0.964331 0.573301
vt 0.943069 0.578409
vt 0.963923 0.291418
vt 0.943004 0.286725
vt 0.954435 0.601570
vt 0.936148 0.601078
vt 0.953722 0.262968
vt 0.934985 0.264908
vt 0.945686 0.627068
vt 0.928872 0.621096
vt 0.944881 0.237662
vt 0.927769 0.245009
vt 0.922104 0.640089
vt 0.937090 0.648898
vt 0.944993 0.237928
vt 0.920477 0.226523
vt 0.936663 0.215991
vt 0.914837 0.658895
vt 0.937155 0.648785
vt 0.925691 0.675738
vt 0.936514 0.215767
vt 0.911688 0.205326
vt 0.924782 0.188929
vt 0.905309 0.681564
vt 0.925606 0.675792
vt 0.913835 0.700917
vt 0.924800 0.188944
vt 0.903114 0.183400
vt 0.912903 0.163878
vt 0.898068 0.700617
vt 0.913841 0.700904
vt 0.900330 0.729444
vt 0.912816 0.163834
vt 0.893341 0.158913
vt 0.899090 0.135390
vt 0.887552 0.724521
vt 0.885638 0.757606
vt 0.899628 0.135528
vt 0.883031 0.134437
vt 0.885432 0.107084
vt 0.874433 0.752400
vt 0.885844 0.757620
vt 0.868485 0.787121
vt 0.873736 0.113702
vt 0.885173 0.107063
vt 0.863285 0.771338
vt 0.868525 0.787127
vt 0.849029 0.817046
vt 0.867618 0.077580
vt 0.860097 0.088095
vt 0.847895 0.047780
vt 0.840924 0.808126
vt 0.823612 0.852562
vt 0.839519 0.056830
vt 0.848142 0.047706
vt 0.852702 0.744298
vt 0.821746 0.851789
vt 0.853975 0.119843
vt 0.861855 0.139798
vt 0.820541 0.800461
vt 0.854984 0.745119
vt 0.809361 0.847290
vt 0.854129 0.119783
vt 0.819209 0.064563
vt 0.807331 0.018095
vt 0.810716 0.803190
vt 0.826972 0.757761
vt 0.811105 0.061642
vt 0.833216 0.106356
vt 0.815473 0.767598
vt 0.832399 0.736670
vt 0.815938 0.097001
vt 0.839046 0.126662
vt 0.822471 0.734057
vt 0.840022 0.711379
vt 0.822806 0.130411
vt 0.846420 0.153322
vt 0.831369 0.703712
vt 0.849488 0.685315
vt 0.831894 0.160736
vt 0.855224 0.181117
vt 0.840719 0.673624
vt 0.857454 0.661958
vt 0.841282 0.190727
vt 0.862124 0.203540
vt 0.848671 0.647055
vt 0.848775 0.217441
vt 0.861076 0.724443
vt 0.531097 0.485019
vt 0.240744 0.207315
vt 0.292910 0.421189
vt 0.275221 0.422627
vt 0.290372 0.436277
vt 0.302574 0.452909
vt 0.231028 0.378007
vt 0.334452 0.481319
vt 0.213485 0.345774
vt 0.366679 0.498618
vt 0.198074 0.314983
vt 0.397592 0.514404
vt 0.424634 0.526998
vt 0.616551 0.597628
vt 0.694696 0.611732
vt 0.695036 0.610949
vt 0.116098 0.010383
vt 0.701428 0.596850
vt 0.145211 0.043304
vt 0.667867 0.568962
vt 0.166672 0.072111
vt 0.184925 0.100952
vt 0.611046 0.528359
vt 0.583207 0.513581
vt 0.214632 0.156635
vt 0.017463 0.483878
vt 0.029503 0.606670
vt 0.453284 0.035117
vt 0.471309 0.050991
vt 0.485850 0.069479
vt 0.496365 0.095169
vt 0.501756 0.121722
vt 0.501863 0.148817
vt 0.478232 0.211232
vt 0.461593 0.229338
vt 0.441743 0.243849
vt 0.419442 0.254209
vt 0.395548 0.260020
vt 0.370981 0.261057
vt 0.346683 0.257282
vt 0.302599 0.236048
vt 0.284507 0.219409
vt 0.270011 0.199560
vt 0.259664 0.177264
vt 0.253866 0.153378
vt 0.252839 0.128820
vt 0.256624 0.104533
vt 0.277864 0.060463
vt 0.294503 0.042372
vt 0.314352 0.027874
vt 0.336647 0.017528
vt 0.360534 0.011729
vt 0.385092 0.010703
vt 0.409379 0.014488
vt 0.501144 0.287402
vt 0.500891 0.287765
vt 0.500590 0.287585
vt 0.500277 0.287208
vt 0.500050 0.286792
vt 0.499829 0.286424
vt 0.499631 0.286085
vt 0.499439 0.285784
vt 0.499436 0.285384
vt 0.499418 0.285062
vt 0.499478 0.284731
vt 0.499537 0.284463
vt 0.499652 0.284207
vt 0.499770 0.284012
vt 0.499917 0.283849
vt 0.500971 0.283629
vt 0.501177 0.283721
vt 0.501388 0.283871
vt 0.501597 0.284078
vt 0.501816 0.284543
vt 0.501848 0.284798
vt 0.501764 0.285723
vt 0.501652 0.286063
vt 0.501520 0.286435
vt 0.446714 0.415196
vt 0.547036 0.415196
vt 0.432769 0.290497
vt 0.441219 0.574711
vt 0.150872 0.297012
vt 0.414829 0.562077
vt 0.203034 0.510886
vt 0.185345 0.512324
vt 0.200496 0.525975
vt 0.212698 0.542607
vt 0.141153 0.467704
vt 0.244576 0.571017
vt 0.123610 0.435471
vt 0.276803 0.588316
vt 0.108200 0.404679
vt 0.307716 0.604101
vt 0.334758 0.616695
vt 0.526677 0.687321
vt 0.604822 0.701423
vt 0.605163 0.700640
vt 0.026229 0.100078
vt 0.611555 0.686540
vt 0.055341 0.132999
vt 0.577992 0.658654
vt 0.076802 0.161807
vt 0.095054 0.190648
vt 0.521170 0.618052
vt 0.493331 0.603275
vt 0.124760 0.246332
vt 0.719735 0.223605
vt 0.729069 0.625264
vt 0.729489 0.251190
vt 0.843235 0.437038
vt 0.856771 0.448516
vt 0.855690 0.428151
vt 0.858803 0.407760
vt 0.856529 0.511316
vt 0.856309 0.365132
vt 0.846174 0.546523
vt 0.845719 0.330121
vt 0.835329 0.579203
vt 0.834990 0.297112
vt 0.824746 0.269095
vt 0.738797 0.083531
vt 0.693447 0.018347
vt 0.692653 0.018660
vt 0.678169 0.852702
vt 0.678169 0.024125
vt 0.680821 0.808835
vt 0.682225 0.067572
vt 0.685982 0.773285
vt 0.693437 0.739978
vt 0.693762 0.136450
vt 0.703028 0.166575
vt 0.711748 0.679581
vt 0.848720 0.217635
vt 0.858053 0.619322
vt 0.858475 0.245222
vt 0.972227 0.431083
vt 0.985763 0.442562
vt 0.984683 0.422196
vt 0.987796 0.401803
vt 0.985521 0.505366
vt 0.985302 0.359172
vt 0.975166 0.540576
vt 0.974711 0.324159
vt 0.964321 0.573258
vt 0.963982 0.291147
vt 0.953738 0.263128
vt 0.867785 0.077552
vt 0.822432 0.012363
vt 0.821638 0.012676
vt 0.807153 0.846707
vt 0.807153 0.018141
vt 0.809808 0.802855
vt 0.811209 0.061591
vt 0.814970 0.767317
vt 0.822426 0.734022
vt 0.822746 0.130474
vt 0.831369 0.703727
vt 0.832012 0.160601
vt 0.840731 0.673643
s 1
usemtl マテリアル.008
f 1859/3860/1244 1954/3861/1245 1860/3862/1246
f 1859/3863/1244 1953/3864/1247 1862/3865/1248
f 1861/3866/1249 1863/3867/1250 1864/3868/1251
f 1863/3869/1250 1862/3865/1248 1865/3870/1252
f 1867/3871/1253 1863/3872/1250 1866/3873/1254
f 1863/3874/1250 1868/3875/1255 1866/3876/1254
f 1870/3877/1256 1866/3878/1254 1869/3879/1257
f 1866/3880/1254 1871/3881/1258 1869/3882/1257
f 1873/3883/1259 1869/3884/1257 1872/3885/1260
f 1869/3886/1257 1874/3887/1261 1872/3888/1260
f 1876/3889/1262 1872/3890/1260 1875/3891/1263
f 1872/3892/1260 1877/3893/1264 1875/3894/1263
f 1879/3895/1265 1875/3896/1263 1878/3897/1266
f 1875/3898/1263 1880/3899/1267 1878/3900/1266
f 1882/3901/1268 1878/3902/1266 1881/3903/1269
f 1878/3904/1266 1883/3905/1270 1881/3906/1269
f 1885/3907/1271 1881/3908/1269 1884/3909/1272
f 1886/3910/1273 1881/3908/1269 1883/3905/1270
f 1887/3911/1274 1885/3907/1271 1884/3912/1272
f 1887/3913/1274 1886/3910/1273 1889/3914/1275
f 1888/3915/1276 1890/3916/1277 1891/3917/1278
f 1890/3918/1277 1889/3914/1275 1892/3919/1279
f 1893/3920/1280 1891/3917/1278 1890/3921/1277
f 1893/3922/1280 1892/3919/1279 1895/3923/1281
f 1894/3924/1282 1896/3925/1283 1897/3926/1284
f 1896/3927/1283 1895/3923/1281 1898/3928/1285
f 1897/3926/1284 1899/3929/1286 1900/3930/1287
f 1899/3931/1286 1898/3928/1285 1901/3932/1288
f 1900/3930/1287 1902/3933/1289 1903/3934/1290
f 1902/3935/1289 1901/3932/1288 1904/3936/1291
f 1903/3934/1290 1905/3937/1292 1906/3938/1293
f 1905/3939/1292 1904/3936/1291 1907/3940/1294
f 1909/3941/1295 1905/3937/1292 1908/3942/1296
f 1905/3943/1292 1910/3944/1297 1908/3945/1296
f 1912/3946/1298 1908/3947/1296 1911/3948/1299
f 1908/3949/1296 1913/3950/1300 1911/3951/1299
f 1915/3952/1301 1911/3953/1299 1914/3954/1302
f 1911/3955/1299 1916/3956/1303 1914/3957/1302
f 1918/3958/1304 1914/3954/1302 1917/3959/1305
f 1914/3960/1302 1919/3961/1306 1917/3962/1305
f 1921/3963/1307 1917/3964/1305 1920/3965/1308
f 1917/3966/1305 1922/3967/1309 1920/3968/1308
f 1924/3969/1310 1920/3970/1308 1923/3971/1311
f 1925/3972/1312 1920/3973/1308 1922/3967/1309
f 1927/3974/1313 1923/3975/1311 1926/3976/1314
f 1923/3977/1311 1928/3978/1315 1926/3979/1314
f 1930/3980/1316 1926/3976/1314 1929/3981/1317
f 1931/3982/1318 1926/3983/1314 1928/3978/1315
f 1932/3984/1319 1930/3980/1316 1929/3985/1317
f 1932/3986/1319 1931/3982/1318 1934/3987/1320
f 1936/3988/1321 1932/3989/1319 1935/3990/1322
f 1932/3991/1319 1937/3992/1323 1935/3993/1322
f 1936/3988/1321 1938/3994/1324 1939/3995/1325
f 1938/3996/1324 1937/3992/1323 1940/3997/1326
f 1939/3995/1325 1941/3998/1327 1942/3999/1328
f 1941/4000/1327 1940/3997/1326 1943/4001/1329
f 1942/3999/1328 1944/4002/1330 1945/4003/1331
f 1944/4004/1330 1943/4001/1329 1946/4005/1332
f 1945/4003/1331 1947/4006/1333 1948/4007/1334
f 1947/4008/1333 1946/4005/1332 1949/4009/1335
f 1948/4007/1334 1950/4010/1336 1951/4011/1337
f 1950/4012/1336 1949/4009/1335 1952/4013/1338
f 1951/4011/1337 1860/4014/1246 1954/3861/1245
f 1860/4015/1246 1952/4013/1338 1953/3864/1247
f 1934/3987/1320 1913/3950/1300 1898/3928/1285
f 1915/3952/1301 1933/4016/1339 1861/3866/1249
f 1957/4017/1340 1956/4018/1341 1955/4019/1342
f 1959/4020/1343 1955/4021/1342 1956/4018/1341
f 1960/4022/1344 1955/4021/1342 1958/4023/1345
f 1961/4024/1346 1958/4025/1345 1959/4020/1343
f 1961/4024/1346 1957/4026/1340 1960/4027/1344
f 1962/4028/1347 1959/4020/1343 1956/4018/1341
f 1965/4029/1348 1964/4030/1349 1963/4031/1350
f 1998/4032/1351 1982/4033/1352 1966/4034/1353
f 1968/4035/1354 1963/4031/1350 1966/4036/1353
f 1969/4037/1355 1966/4036/1353 1967/4038/1356
f 1993/4039/1357 2009/4040/1358 2025/4041/1359
f 1970/4042/1360 1967/4038/1356 1972/4043/1361
f 1971/4044/1362 1972/4043/1361 1973/4045/1363
f 1976/4046/1364 1973/4045/1363 1974/4047/1365
f 1977/4048/1366 1974/4047/1365 1975/4049/1367
f 1978/4050/1368 1975/4049/1367 1980/4051/1369
f 1979/4052/1370 1980/4051/1369 1981/4053/1371
f 1984/4054/1372 1981/4053/1371 1982/4055/1352
f 1985/4056/1373 1982/4055/1352 1983/4057/1374
f 1986/4058/1375 1983/4057/1374 1988/4059/1376
f 1987/4060/1377 1988/4059/1376 1989/4061/1378
f 1992/4062/1379 1989/4061/1378 1990/4063/1380
f 1993/4064/1357 1990/4063/1380 1991/4065/1381
f 1994/4066/1382 1991/4065/1381 1996/4067/1383
f 1995/4068/1384 1996/4067/1383 1997/4069/1385
f 2000/4070/1386 1997/4069/1385 1998/4071/1351
f 2001/4072/1387 1998/4071/1351 1999/4073/1388
f 2002/4074/1389 1999/4073/1388 2004/4075/1390
f 2003/4076/1391 2004/4075/1390 2005/4077/1392
f 2008/4078/1393 2005/4077/1392 2006/4079/1394
f 2009/4080/1358 2006/4079/1394 2007/4081/1395
f 2010/4082/1396 2007/4081/1395 2012/4083/1397
f 2011/4084/1398 2012/4083/1397 2013/4085/1399
f 2016/4086/1400 2013/4085/1399 2014/4087/1401
f 2017/4088/1402 2014/4087/1401 2015/4089/1403
f 2018/4090/1404 2015/4089/1403 2020/4091/1405
f 2019/4092/1406 2020/4091/1405 2021/4093/1407
f 2024/4094/1408 2021/4093/1407 2022/4095/1409
f 2025/4096/1359 2022/4095/1409 2023/4097/1410
f 2026/4098/1411 2023/4097/1410 1964/4030/1349
f 2029/4099/1412 2028/4100/1343 2027/4101/1341
f 2031/4102/1345 2027/4101/1341 2028/4103/1343
f 2032/4104/1340 2027/4101/1341 2030/4105/1342
f 2033/4106/1413 2030/4105/1342 2031/4107/1345
f 2033/4108/1413 2029/4099/1412 2032/4104/1340
f 2034/4109/1346 2031/4102/1345 2028/4103/1343
f 2035/4110/1414 2130/4111/1415 2036/4112/1416
f 2035/4113/1414 2129/4114/1417 2038/4115/1418
f 2037/4116/1419 2039/4117/1420 2040/4118/1421
f 2039/4119/1420 2038/4115/1418 2041/4120/1422
f 2043/4121/1423 2039/4122/1420 2042/4123/1424
f 2039/4124/1420 2044/4125/1425 2042/4126/1424
f 2046/4127/1426 2042/4128/1424 2045/4129/1427
f 2042/4130/1424 2047/4131/1428 2045/4132/1427
f 2049/4133/1429 2045/4134/1427 2048/4135/1430
f 2045/4136/1427 2050/4137/1431 2048/4138/1430
f 2052/4139/1432 2048/4140/1430 2051/4141/1433
f 2048/4142/1430 2053/4143/1434 2051/4144/1433
f 2055/4145/1435 2051/4146/1433 2054/4147/1436
f 2051/4148/1433 2056/4149/1437 2054/4150/1436
f 2058/4151/1438 2054/4152/1436 2057/4153/1439
f 2054/4154/1436 2059/4155/1440 2057/4156/1439
f 2061/4157/1441 2057/4158/1439 2060/4159/1442
f 2062/4160/1443 2057/4158/1439 2059/4155/1440
f 2063/4161/1444 2061/4157/1441 2060/4162/1442
f 2063/4163/1444 2062/4160/1443 2065/4164/1445
f 2064/4165/1446 2066/4166/1447 2067/4167/1448
f 2066/4168/1447 2065/4164/1445 2068/4169/1449
f 2069/4170/1450 2067/4167/1448 2066/4171/1447
f 2069/4172/1450 2068/4169/1449 2071/4173/1451
f 2070/4174/1452 2072/4175/1453 2073/4176/1454
f 2072/4177/1453 2071/4173/1451 2074/4178/1455
f 2073/4176/1454 2075/4179/1456 2076/4180/1457
f 2075/4181/1456 2074/4178/1455 2077/4182/1458
f 2076/4180/1457 2078/4183/1459 2079/4184/1460
f 2078/4185/1459 2077/4182/1458 2080/4186/1461
f 2079/4184/1460 2081/4187/1462 2082/4188/1463
f 2081/4189/1462 2080/4186/1461 2083/4190/1464
f 2085/4191/1465 2081/4187/1462 2084/4192/1466
f 2081/4193/1462 2086/4194/1467 2084/4195/1466
f 2088/4196/1468 2084/4197/1466 2087/4198/1469
f 2084/4199/1466 2089/4200/1470 2087/4201/1469
f 2091/4202/1471 2087/4203/1469 2090/4204/1472
f 2087/4205/1469 2092/4206/1473 2090/4207/1472
f 2094/4208/1474 2090/4204/1472 2093/4209/1475
f 2090/4210/1472 2095/4211/1476 2093/4212/1475
f 2097/4213/1477 2093/4214/1475 2096/4215/1478
f 2093/4216/1475 2098/4217/1479 2096/4218/1478
f 2100/4219/1480 2096/4220/1478 2099/4221/1481
f 2101/4222/1482 2096/4223/1478 2098/4217/1479
f 2103/4224/1483 2099/4225/1481 2102/4226/1484
f 2099/4227/1481 2104/4228/1485 2102/4229/1484
f 2106/4230/1486 2102/4226/1484 2105/4231/1487
f 2107/4232/1488 2102/4233/1484 2104/4228/1485
f 2108/4234/1489 2106/4230/1486 2105/4235/1487
f 2108/4236/1489 2107/4232/1488 2110/4237/1490
f 2112/4238/1491 2108/4239/1489 2111/4240/1492
f 2108/4241/1489 2113/4242/1493 2111/4243/1492
f 2112/4238/1491 2114/4244/1494 2115/4245/1495
f 2114/4246/1494 2113/4242/1493 2116/4247/1496
f 2115/4245/1495 2117/4248/1497 2118/4249/1498
f 2117/4250/1497 2116/4247/1496 2119/4251/1499
f 2118/4249/1498 2120/4252/1500 2121/4253/1501
f 2120/4254/1500 2119/4251/1499 2122/4255/1502
f 2121/4253/1501 2123/4256/1503 2124/4257/1504
f 2123/4258/1503 2122/4255/1502 2125/4259/1505
f 2124/4257/1504 2126/4260/1506 2127/4261/1507
f 2126/4262/1506 2125/4259/1505 2128/4263/1508
f 2127/4261/1507 2036/4264/1416 2130/4111/1415
f 2036/4265/1416 2128/4263/1508 2129/4114/1417
f 2110/4237/1490 2089/4200/1470 2074/4178/1455
f 2091/4202/1471 2109/4266/1509 2037/4116/1419
f 2131/4267/1510 2226/4268/1511 2132/4269/1512
f 2131/4270/1510 2225/4271/1513 2134/4272/1514
f 2133/4273/1515 2135/4274/1516 2136/4275/1517
f 2135/4276/1516 2134/4272/1514 2137/4277/1518
f 2139/4278/1519 2135/4279/1516 2138/4280/1520
f 2135/4281/1516 2140/4282/1521 2138/4283/1520
f 2142/4284/1522 2138/4285/1520 2141/4286/1523
f 2138/4287/1520 2143/4288/1524 2141/4289/1523
f 2145/4290/1525 2141/4291/1523 2144/4292/1526
f 2141/4293/1523 2146/4294/1527 2144/4295/1526
f 2148/4296/1528 2144/4297/1526 2147/4298/1529
f 2144/4299/1526 2149/4300/1530 2147/4301/1529
f 2151/4302/1531 2147/4303/1529 2150/4304/1532
f 2147/4305/1529 2152/4306/1533 2150/4307/1532
f 2154/4308/1534 2150/4309/1532 2153/4310/1535
f 2150/4311/1532 2155/4312/1536 2153/4313/1535
f 2157/4314/1537 2153/4315/1535 2156/4316/1538
f 2158/4317/1539 2153/4315/1535 2155/4312/1536
f 2159/4318/1540 2157/4314/1537 2156/4319/1538
f 2159/4320/1540 2158/4317/1539 2161/4321/1541
f 2160/4322/1542 2162/4323/1543 2163/4324/1544
f 2162/4325/1543 2161/4321/1541 2164/4326/1545
f 2165/4327/1546 2163/4324/1544 2162/4328/1543
f 2165/4329/1546 2164/4326/1545 2167/4330/1547
f 2166/4331/1548 2168/4332/1549 2169/4333/1550
f 2168/4334/1549 2167/4330/1547 2170/4335/1551
f 2169/4333/1550 2171/4336/1552 2172/4337/1553
f 2171/4338/1552 2170/4335/1551 2173/4339/1554
f 2172/4337/1553 2174/4340/1555 2175/4341/1556
f 2174/4342/1555 2173/4339/1554 2176/4343/1557
f 2175/4341/1556 2177/4344/1558 2178/4345/1559
f 2177/4346/1558 2176/4343/1557 2179/4347/1560
f 2181/4348/1561 2177/4344/1558 2180/4349/1562
f 2177/4350/1558 2182/4351/1563 2180/4352/1562
f 2184/4353/1564 2180/4354/1562 2183/4355/1565
f 2180/4356/1562 2185/4357/1566 2183/4358/1565
f 2187/4359/1567 2183/4360/1565 2186/4361/1568
f 2183/4362/1565 2188/4363/1569 2186/4364/1568
f 2190/4365/1570 2186/4361/1568 2189/4366/1571
f 2186/4367/1568 2191/4368/1572 2189/4369/1571
f 2193/4370/1573 2189/4371/1571 2192/4372/1574
f 2189/4373/1571 2194/4374/1575 2192/4375/1574
f 2196/4376/1576 2192/4377/1574 2195/4378/1577
f 2197/4379/1578 2192/4380/1574 2194/4374/1575
f 2199/4381/1579 2195/4382/1577 2198/4383/1580
f 2195/4384/1577 2200/4385/1581 2198/4386/1580
f 2202/4387/1582 2198/4383/1580 2201/4388/1583
f 2203/4389/1584 2198/4390/1580 2200/4385/1581
f 2204/4391/1585 2202/4387/1582 2201/4392/1583
f 2204/4393/1585 2203/4389/1584 2206/4394/1586
f 2208/4395/1587 2204/4396/1585 2207/4397/1588
f 2204/4398/1585 2209/4399/1589 2207/4400/1588
f 2208/4395/1587 2210/4401/1590 2211/4402/1591
f 2210/4403/1590 2209/4399/1589 2212/4404/1592
f 2211/4402/1591 2213/4405/1593 2214/4406/1594
f 2213/4407/1593 2212/4404/1592 2215/4408/1595
f 2214/4406/1594 2216/4409/1596 2217/4410/1597
f 2216/4411/1596 2215/4408/1595 2218/4412/1598
f 2217/4410/1597 2219/4413/1599 2220/4414/1600
f 2219/4415/1599 2218/4412/1598 2221/4416/1601
f 2220/4414/1600 2222/4417/1602 2223/4418/1603
f 2222/4419/1602 2221/4416/1601 2224/4420/1604
f 2223/4418/1603 2132/4421/1512 2226/4268/1511
f 2132/4422/1512 2224/4420/1604 2225/4271/1513
f 2206/4394/1586 2185/4357/1566 2170/4335/1551
f 2187/4359/1567 2205/4423/1605 2133/4273/1515
f 2227/4424/1606 2322/4425/1607 2228/4426/1608
f 2227/4427/1606 2321/4428/1609 2230/4429/1610
f 2229/4430/1611 2231/4431/1612 2232/4432/1613
f 2231/4433/1612 2230/4429/1610 2233/4434/1614
f 2235/4435/1615 2231/4436/1612 2234/4437/1616
f 2231/4438/1612 2236/4439/1617 2234/4440/1616
f 2238/4441/1618 2234/4442/1616 2237/4443/1619
f 2234/4444/1616 2239/4445/1620 2237/4446/1619
f 2241/4447/1621 2237/4448/1619 2240/4449/1622
f 2237/4450/1619 2242/4451/1623 2240/4452/1622
f 2244/4453/1624 2240/4454/1622 2243/4455/1625
f 2240/4456/1622 2245/4457/1626 2243/4458/1625
f 2247/4459/1627 2243/4460/1625 2246/4461/1628
f 2243/4462/1625 2248/4463/1629 2246/4464/1628
f 2250/4465/1630 2246/4466/1628 2249/4467/1631
f 2246/4468/1628 2251/4469/1632 2249/4470/1631
f 2253/4471/1633 2249/4472/1631 2252/4473/1634
f 2254/4474/1635 2249/4472/1631 2251/4469/1632
f 2255/4475/1636 2253/4471/1633 2252/4476/1634
f 2255/4477/1636 2254/4474/1635 2257/4478/1637
f 2256/4479/1638 2258/4480/1639 2259/4481/1640
f 2258/4482/1639 2257/4478/1637 2260/4483/1641
f 2261/4484/1642 2259/4481/1640 2258/4485/1639
f 2261/4486/1642 2260/4483/1641 2263/4487/1643
f 2262/4488/1644 2264/4489/1645 2265/4490/1646
f 2264/4491/1645 2263/4487/1643 2266/4492/1647
f 2265/4490/1646 2267/4493/1648 2268/4494/1649
f 2267/4495/1648 2266/4492/1647 2269/4496/1650
f 2268/4494/1649 2270/4497/1651 2271/4498/1652
f 2270/4499/1651 2269/4496/1650 2272/4500/1653
f 2271/4498/1652 2273/4501/1654 2274/4502/1655
f 2273/4503/1654 2272/4500/1653 2275/4504/1656
f 2277/4505/1657 2273/4501/1654 2276/4506/1658
f 2273/4507/1654 2278/4508/1659 2276/4509/1658
f 2280/4510/1660 2276/4511/1658 2279/4512/1661
f 2276/4513/1658 2281/4514/1662 2279/4515/1661
f 2283/4516/1663 2279/4517/1661 2282/4518/1664
f 2279/4519/1661 2284/4520/1665 2282/4521/1664
f 2286/4522/1666 2282/4523/1664 2285/4524/1667
f 2282/4525/1664 2287/4526/1668 2285/4527/1667
f 2289/4528/1669 2285/4524/1667 2288/4529/1670
f 2285/4530/1667 2290/4531/1671 2288/4532/1670
f 2292/4533/1672 2288/4534/1670 2291/4535/1673
f 2293/4536/1674 2288/4537/1670 2290/4531/1671
f 2295/4538/1675 2291/4539/1673 2294/4540/1676
f 2291/4541/1673 2296/4542/1677 2294/4543/1676
f 2298/4544/1678 2294/4540/1676 2297/4545/1679
f 2299/4546/1680 2294/4547/1676 2296/4542/1677
f 2300/4548/1681 2298/4544/1678 2297/4549/1679
f 2300/4550/1681 2299/4546/1680 2302/4551/1682
f 2304/4552/1683 2300/4553/1681 2303/4554/1684
f 2300/4555/1681 2305/4556/1685 2303/4557/1684
f 2304/4552/1683 2306/4558/1686 2307/4559/1687
f 2306/4560/1686 2305/4556/1685 2308/4561/1688
f 2307/4559/1687 2309/4562/1689 2310/4563/1690
f 2309/4564/1689 2308/4561/1688 2311/4565/1691
f 2310/4563/1690 2312/4566/1692 2313/4567/1693
f 2312/4568/1692 2311/4565/1691 2314/4569/1694
f 2313/4567/1693 2315/4570/1695 2316/4571/1696
f 2315/4572/1695 2314/4569/1694 2317/4573/1697
f 2316/4571/1696 2318/4574/1698 2319/4575/1699
f 2318/4576/1698 2317/4573/1697 2320/4577/1700
f 2319/4575/1699 2228/4578/1608 2322/4425/1607
f 2228/4579/1608 2320/4577/1700 2321/4428/1609
f 2302/4551/1682 2281/4514/1662 2266/4492/1647
f 2283/4516/1663 2301/4580/1701 2229/4430/1611
f 1859/3860/1244 1861/3866/1249 1954/3861/1245
f 1859/3863/1244 1860/4581/1246 1953/3864/1247
f 1861/3866/1249 1859/4582/1244 1863/3867/1250
f 1863/3869/1250 1859/3863/1244 1862/3865/1248
f 1867/3871/1253 1864/3868/1251 1863/3872/1250
f 1863/3874/1250 1865/3870/1252 1868/3875/1255
f 1870/3877/1256 1867/3871/1253 1866/3878/1254
f 1866/3880/1254 1868/3875/1255 1871/3881/1258
f 1873/3883/1259 1870/3877/1256 1869/3884/1257
f 1869/3886/1257 1871/3881/1258 1874/3887/1261
f 1876/3889/1262 1873/3883/1259 1872/3890/1260
f 1872/3892/1260 1874/3887/1261 1877/3893/1264
f 1879/3895/1265 1876/3889/1262 1875/3896/1263
f 1875/3898/1263 1877/3893/1264 1880/3899/1267
f 1882/3901/1268 1879/3895/1265 1878/3902/1266
f 1878/3904/1266 1880/3899/1267 1883/3905/1270
f 1885/3907/1271 1882/3901/1268 1881/3908/1269
f 1886/3910/1273 1884/3909/1272 1881/3908/1269
f 1887/3911/1274 1888/3915/1276 1885/3907/1271
f 1887/3913/1274 1884/4583/1272 1886/3910/1273
f 1888/3915/1276 1887/4584/1274 1890/3916/1277
f 1890/3918/1277 1887/4585/1274 1889/3914/1275
f 1893/3920/1280 1894/3924/1282 1891/3917/1278
f 1893/3922/1280 1890/4586/1277 1892/3919/1279
f 1894/3924/1282 1893/4587/1280 1896/3925/1283
f 1896/3927/1283 1893/4588/1280 1895/3923/1281
f 1897/3926/1284 1896/4589/1283 1899/3929/1286
f 1899/3931/1286 1896/4590/1283 1898/3928/1285
f 1900/3930/1287 1899/4591/1286 1902/3933/1289
f 1902/3935/1289 1899/4592/1286 1901/3932/1288
f 1903/3934/1290 1902/3933/1289 1905/3937/1292
f 1905/3939/1292 1902/4593/1289 1904/3936/1291
f 1909/3941/1295 1906/3938/1293 1905/3937/1292
f 1905/3943/1292 1907/3940/1294 1910/3944/1297
f 1912/3946/1298 1909/3941/1295 1908/3947/1296
f 1908/3949/1296 1910/3944/1297 1913/3950/1300
f 1915/3952/1301 1912/3946/1298 1911/3953/1299
f 1911/3955/1299 1913/3950/1300 1916/3956/1303
f 1918/3958/1304 1915/3952/1301 1914/3954/1302
f 1914/3960/1302 1916/3956/1303 1919/3961/1306
f 1921/3963/1307 1918/3958/1304 1917/3964/1305
f 1917/3966/1305 1919/3961/1306 1922/3967/1309
f 1924/3969/1310 1921/3963/1307 1920/3970/1308
f 1925/3972/1312 1923/4594/1311 1920/3973/1308
f 1927/3974/1313 1924/3969/1310 1923/3975/1311
f 1923/3977/1311 1925/3972/1312 1928/3978/1315
f 1930/3980/1316 1927/3974/1313 1926/3976/1314
f 1931/3982/1318 1929/4595/1317 1926/3983/1314
f 1932/3984/1319 1933/4016/1339 1930/3980/1316
f 1932/3986/1319 1929/4596/1317 1931/3982/1318
f 1936/3988/1321 1933/4016/1339 1932/3989/1319
f 1932/3991/1319 1934/3987/1320 1937/3992/1323
f 1936/3988/1321 1935/4597/1322 1938/3994/1324
f 1938/3996/1324 1935/4598/1322 1937/3992/1323
f 1939/3995/1325 1938/4599/1324 1941/3998/1327
f 1941/4000/1327 1938/4600/1324 1940/3997/1326
f 1942/3999/1328 1941/4601/1327 1944/4002/1330
f 1944/4004/1330 1941/4000/1327 1943/4001/1329
f 1945/4003/1331 1944/4602/1330 1947/4006/1333
f 1947/4008/1333 1944/4603/1330 1946/4005/1332
f 1948/4007/1334 1947/4006/1333 1950/4010/1336
f 1950/4012/1336 1947/4604/1333 1949/4009/1335
f 1951/4011/1337 1950/4605/1336 1860/4014/1246
f 1860/4015/1246 1950/4012/1336 1952/4013/1338
f 1868/3875/1255 1865/3870/1252 1862/3865/1248
f 1953/3864/1247 1952/4013/1338 1949/4009/1335
f 1868/3875/1255 1862/3865/1248 1953/3864/1247
f 1877/3893/1264 1874/3887/1261 1871/3881/1258
f 1871/3881/1258 1868/3875/1255 1953/3864/1247
f 1953/3864/1247 1949/4009/1335 1946/4005/1332
f 1953/3864/1247 1946/4005/1332 1943/4001/1329
f 1877/3893/1264 1871/3881/1258 1953/3864/1247
f 1883/3905/1270 1880/3899/1267 1877/3893/1264
f 1889/3914/1275 1886/3910/1273 1883/3905/1270
f 1895/3923/1281 1892/3919/1279 1889/3914/1275
f 1904/3936/1291 1901/3932/1288 1898/3928/1285
f 1898/3928/1285 1895/3923/1281 1889/3914/1275
f 1889/3914/1275 1883/3905/1270 1877/3893/1264
f 1877/3893/1264 1953/3864/1247 1943/4001/1329
f 1940/3997/1326 1937/3992/1323 1934/3987/1320
f 1877/3893/1264 1943/4001/1329 1940/3997/1326
f 1898/3928/1285 1889/3914/1275 1877/3893/1264
f 1907/3940/1294 1904/3936/1291 1898/3928/1285
f 1913/3950/1300 1910/3944/1297 1907/3940/1294
f 1919/3961/1306 1916/3956/1303 1913/3950/1300
f 1925/3972/1312 1922/3967/1309 1919/3961/1306
f 1931/3982/1318 1928/3978/1315 1925/3972/1312
f 1877/3893/1264 1940/3997/1326 1934/3987/1320
f 1934/3987/1320 1931/3982/1318 1925/3972/1312
f 1925/3972/1312 1919/3961/1306 1913/3950/1300
f 1913/3950/1300 1907/3940/1294 1898/3928/1285
f 1898/3928/1285 1877/3893/1264 1934/3987/1320
f 1934/3987/1320 1925/3972/1312 1913/3950/1300
f 1867/3871/1253 1870/3877/1256 1873/3883/1259
f 1873/3883/1259 1876/3889/1262 1879/3895/1265
f 1879/3895/1265 1882/3901/1268 1885/3907/1271
f 1885/3907/1271 1888/3915/1276 1891/3917/1278
f 1891/3917/1278 1894/3924/1282 1897/3926/1284
f 1897/3926/1284 1900/3930/1287 1903/3934/1290
f 1906/3938/1293 1909/3941/1295 1912/3946/1298
f 1897/3926/1284 1903/3934/1290 1906/3938/1293
f 1885/3907/1271 1891/3917/1278 1897/3926/1284
f 1873/3883/1259 1879/3895/1265 1885/3907/1271
f 1861/3866/1249 1864/3868/1251 1867/3871/1253
f 1867/3871/1253 1873/3883/1259 1885/3907/1271
f 1885/3907/1271 1897/3926/1284 1906/3938/1293
f 1906/3938/1293 1912/3946/1298 1915/3952/1301
f 1915/3952/1301 1918/3958/1304 1921/3963/1307
f 1921/3963/1307 1924/3969/1310 1927/3974/1313
f 1927/3974/1313 1930/3980/1316 1933/4016/1339
f 1933/4016/1339 1936/3988/1321 1939/3995/1325
f 1939/3995/1325 1942/3999/1328 1945/4003/1331
f 1948/4007/1334 1951/4011/1337 1954/3861/1245
f 1939/3995/1325 1945/4003/1331 1948/4007/1334
f 1921/3963/1307 1927/3974/1313 1933/4016/1339
f 1933/4016/1339 1939/3995/1325 1948/4007/1334
f 1948/4007/1334 1954/3861/1245 1861/3866/1249
f 1861/3866/1249 1867/3871/1253 1885/3907/1271
f 1885/3907/1271 1906/3938/1293 1915/3952/1301
f 1915/3952/1301 1921/3963/1307 1933/4016/1339
f 1933/4016/1339 1948/4007/1334 1861/3866/1249
f 1861/3866/1249 1885/3907/1271 1915/3952/1301
f 1957/4017/1340 1962/4028/1347 1956/4018/1341
f 1959/4020/1343 1958/4023/1345 1955/4021/1342
f 1960/4022/1344 1957/4606/1340 1955/4021/1342
f 1961/4024/1346 1960/4607/1344 1958/4025/1345
f 1961/4024/1346 1962/4028/1347 1957/4026/1340
f 1962/4028/1347 1961/4024/1346 1959/4020/1343
f 1965/4029/1348 2026/4098/1411 1964/4030/1349
f 1966/4034/1353 1963/4608/1350 1964/4609/1349
f 1964/4609/1349 2023/4610/1410 2022/4611/1409
f 2022/4611/1409 2021/4612/1407 2020/4613/1405
f 2020/4613/1405 2015/4089/1403 2014/4087/1401
f 2014/4087/1401 2013/4614/1399 2012/4615/1397
f 2012/4615/1397 2007/4616/1395 2006/4617/1394
f 2006/4617/1394 2005/4618/1392 2004/4619/1390
f 2004/4619/1390 1999/4620/1388 1998/4032/1351
f 1998/4032/1351 1997/4621/1385 1996/4622/1383
f 1996/4622/1383 1991/4623/1381 1990/4624/1380
f 1990/4624/1380 1989/4625/1378 1988/4626/1376
f 1988/4626/1376 1983/4627/1374 1982/4033/1352
f 1982/4033/1352 1981/4628/1371 1980/4629/1369
f 1980/4629/1369 1975/4630/1367 1974/4631/1365
f 1974/4631/1365 1973/4632/1363 1972/4633/1361
f 1972/4633/1361 1967/4634/1356 1966/4034/1353
f 1966/4034/1353 1964/4609/1349 2022/4611/1409
f 2022/4611/1409 2020/4613/1405 2014/4087/1401
f 2014/4087/1401 2012/4615/1397 2006/4617/1394
f 2006/4617/1394 2004/4619/1390 1998/4032/1351
f 1998/4032/1351 1996/4622/1383 1990/4624/1380
f 1990/4624/1380 1988/4626/1376 1982/4033/1352
f 1982/4033/1352 1980/4629/1369 1974/4631/1365
f 1974/4631/1365 1972/4633/1361 1966/4034/1353
f 1966/4034/1353 2022/4611/1409 2014/4087/1401
f 2014/4087/1401 2006/4617/1394 1998/4032/1351
f 1998/4032/1351 1990/4624/1380 1982/4033/1352
f 1982/4033/1352 1974/4631/1365 1966/4034/1353
f 1966/4034/1353 2014/4087/1401 1998/4032/1351
f 1968/4035/1354 1965/4029/1348 1963/4031/1350
f 1969/4037/1355 1968/4035/1354 1966/4036/1353
f 2025/4041/1359 2026/4635/1411 1965/4636/1348
f 1965/4636/1348 1968/4637/1354 1969/4638/1355
f 1969/4638/1355 1970/4639/1360 1971/4640/1362
f 1971/4640/1362 1976/4641/1364 1977/4642/1366
f 1977/4642/1366 1978/4643/1368 1979/4644/1370
f 1979/4644/1370 1984/4645/1372 1985/4646/1373
f 1985/4646/1373 1986/4647/1375 1987/4648/1377
f 1987/4648/1377 1992/4649/1379 1993/4039/1357
f 1993/4039/1357 1994/4066/1382 1995/4068/1384
f 1995/4068/1384 2000/4070/1386 2001/4650/1387
f 2001/4650/1387 2002/4651/1389 2003/4652/1391
f 2003/4652/1391 2008/4653/1393 2009/4040/1358
f 2009/4040/1358 2010/4654/1396 2011/4655/1398
f 2011/4655/1398 2016/4086/1400 2017/4088/1402
f 2017/4088/1402 2018/4656/1404 2019/4657/1406
f 2019/4657/1406 2024/4658/1408 2025/4041/1359
f 2025/4041/1359 1965/4636/1348 1969/4638/1355
f 1969/4638/1355 1971/4640/1362 1977/4642/1366
f 1977/4642/1366 1979/4644/1370 1985/4646/1373
f 1985/4646/1373 1987/4648/1377 1993/4039/1357
f 1993/4039/1357 1995/4068/1384 2001/4650/1387
f 2001/4650/1387 2003/4652/1391 2009/4040/1358
f 2009/4040/1358 2011/4655/1398 2017/4088/1402
f 2017/4088/1402 2019/4657/1406 2025/4041/1359
f 2025/4041/1359 1969/4638/1355 1977/4642/1366
f 1977/4642/1366 1985/4646/1373 1993/4039/1357
f 1993/4039/1357 2001/4650/1387 2009/4040/1358
f 2009/4040/1358 2017/4088/1402 2025/4041/1359
f 2025/4041/1359 1977/4642/1366 1993/4039/1357
f 1970/4042/1360 1969/4037/1355 1967/4038/1356
f 1971/4044/1362 1970/4042/1360 1972/4043/1361
f 1976/4046/1364 1971/4044/1362 1973/4045/1363
f 1977/4048/1366 1976/4046/1364 1974/4047/1365
f 1978/4050/1368 1977/4048/1366 1975/4049/1367
f 1979/4052/1370 1978/4050/1368 1980/4051/1369
f 1984/4054/1372 1979/4052/1370 1981/4053/1371
f 1985/4056/1373 1984/4054/1372 1982/4055/1352
f 1986/4058/1375 1985/4056/1373 1983/4057/1374
f 1987/4060/1377 1986/4058/1375 1988/4059/1376
f 1992/4062/1379 1987/4060/1377 1989/4061/1378
f 1993/4064/1357 1992/4062/1379 1990/4063/1380
f 1994/4066/1382 1993/4064/1357 1991/4065/1381
f 1995/4068/1384 1994/4066/1382 1996/4067/1383
f 2000/4070/1386 1995/4068/1384 1997/4069/1385
f 2001/4072/1387 2000/4070/1386 1998/4071/1351
f 2002/4074/1389 2001/4072/1387 1999/4073/1388
f 2003/4076/1391 2002/4074/1389 2004/4075/1390
f 2008/4078/1393 2003/4076/1391 2005/4077/1392
f 2009/4080/1358 2008/4078/1393 2006/4079/1394
f 2010/4082/1396 2009/4080/1358 2007/4081/1395
f 2011/4084/1398 2010/4082/1396 2012/4083/1397
f 2016/4086/1400 2011/4084/1398 2013/4085/1399
f 2017/4088/1402 2016/4086/1400 2014/4087/1401
f 2018/4090/1404 2017/4088/1402 2015/4089/1403
f 2019/4092/1406 2018/4090/1404 2020/4091/1405
f 2024/4094/1408 2019/4092/1406 2021/4093/1407
f 2025/4096/1359 2024/4094/1408 2022/4095/1409
f 2026/4098/1411 2025/4096/1359 2023/4097/1410
f 2029/4099/1412 2034/4659/1346 2028/4100/1343
f 2031/4102/1345 2030/4105/1342 2027/4101/1341
f 2032/4104/1340 2029/4099/1412 2027/4101/1341
f 2033/4106/1413 2032/4104/1340 2030/4105/1342
f 2033/4108/1413 2034/4660/1346 2029/4099/1412
f 2034/4109/1346 2033/4661/1413 2031/4102/1345
f 2035/4110/1414 2037/4116/1419 2130/4111/1415
f 2035/4113/1414 2036/4662/1416 2129/4114/1417
f 2037/4116/1419 2035/4663/1414 2039/4117/1420
f 2039/4119/1420 2035/4664/1414 2038/4115/1418
f 2043/4121/1423 2040/4118/1421 2039/4122/1420
f 2039/4124/1420 2041/4120/1422 2044/4125/1425
f 2046/4127/1426 2043/4121/1423 2042/4128/1424
f 2042/4130/1424 2044/4125/1425 2047/4131/1428
f 2049/4133/1429 2046/4127/1426 2045/4134/1427
f 2045/4136/1427 2047/4131/1428 2050/4137/1431
f 2052/4139/1432 2049/4133/1429 2048/4140/1430
f 2048/4142/1430 2050/4137/1431 2053/4143/1434
f 2055/4145/1435 2052/4139/1432 2051/4146/1433
f 2051/4148/1433 2053/4143/1434 2056/4149/1437
f 2058/4151/1438 2055/4145/1435 2054/4152/1436
f 2054/4154/1436 2056/4149/1437 2059/4155/1440
f 2061/4157/1441 2058/4151/1438 2057/4158/1439
f 2062/4160/1443 2060/4159/1442 2057/4158/1439
f 2063/4161/1444 2064/4165/1446 2061/4157/1441
f 2063/4163/1444 2060/4665/1442 2062/4160/1443
f 2064/4165/1446 2063/4666/1444 2066/4166/1447
f 2066/4168/1447 2063/4667/1444 2065/4164/1445
f 2069/4170/1450 2070/4174/1452 2067/4167/1448
f 2069/4172/1450 2066/4668/1447 2068/4169/1449
f 2070/4174/1452 2069/4669/1450 2072/4175/1453
f 2072/4177/1453 2069/4670/1450 2071/4173/1451
f 2073/4176/1454 2072/4671/1453 2075/4179/1456
f 2075/4181/1456 2072/4672/1453 2074/4178/1455
f 2076/4180/1457 2075/4673/1456 2078/4183/1459
f 2078/4185/1459 2075/4674/1456 2077/4182/1458
f 2079/4184/1460 2078/4183/1459 2081/4187/1462
f 2081/4189/1462 2078/4675/1459 2080/4186/1461
f 2085/4191/1465 2082/4188/1463 2081/4187/1462
f 2081/4193/1462 2083/4190/1464 2086/4194/1467
f 2088/4196/1468 2085/4191/1465 2084/4197/1466
f 2084/4199/1466 2086/4194/1467 2089/4200/1470
f 2091/4202/1471 2088/4196/1468 2087/4203/1469
f 2087/4205/1469 2089/4200/1470 2092/4206/1473
f 2094/4208/1474 2091/4202/1471 2090/4204/1472
f 2090/4210/1472 2092/4206/1473 2095/4211/1476
f 2097/4213/1477 2094/4208/1474 2093/4214/1475
f 2093/4216/1475 2095/4211/1476 2098/4217/1479
f 2100/4219/1480 2097/4213/1477 2096/4220/1478
f 2101/4222/1482 2099/4676/1481 2096/4223/1478
f 2103/4224/1483 2100/4219/1480 2099/4225/1481
f 2099/4227/1481 2101/4222/1482 2104/4228/1485
f 2106/4230/1486 2103/4224/1483 2102/4226/1484
f 2107/4232/1488 2105/4677/1487 2102/4233/1484
f 2108/4234/1489 2109/4266/1509 2106/4230/1486
f 2108/4236/1489 2105/4678/1487 2107/4232/1488
f 2112/4238/1491 2109/4266/1509 2108/4239/1489
f 2108/4241/1489 2110/4237/1490 2113/4242/1493
f 2112/4238/1491 2111/4679/1492 2114/4244/1494
f 2114/4246/1494 2111/4680/1492 2113/4242/1493
f 2115/4245/1495 2114/4681/1494 2117/4248/1497
f 2117/4250/1497 2114/4682/1494 2116/4247/1496
f 2118/4249/1498 2117/4683/1497 2120/4252/1500
f 2120/4254/1500 2117/4250/1497 2119/4251/1499
f 2121/4253/1501 2120/4684/1500 2123/4256/1503
f 2123/4258/1503 2120/4685/1500 2122/4255/1502
f 2124/4257/1504 2123/4256/1503 2126/4260/1506
f 2126/4262/1506 2123/4686/1503 2125/4259/1505
f 2127/4261/1507 2126/4687/1506 2036/4264/1416
f 2036/4265/1416 2126/4262/1506 2128/4263/1508
f 2044/4125/1425 2041/4120/1422 2038/4115/1418
f 2129/4114/1417 2128/4263/1508 2125/4259/1505
f 2044/4125/1425 2038/4115/1418 2129/4114/1417
f 2053/4143/1434 2050/4137/1431 2047/4131/1428
f 2047/4131/1428 2044/4125/1425 2129/4114/1417
f 2129/4114/1417 2125/4259/1505 2122/4255/1502
f 2129/4114/1417 2122/4255/1502 2119/4251/1499
f 2053/4143/1434 2047/4131/1428 2129/4114/1417
f 2059/4155/1440 2056/4149/1437 2053/4143/1434
f 2065/4164/1445 2062/4160/1443 2059/4155/1440
f 2071/4173/1451 2068/4169/1449 2065/4164/1445
f 2080/4186/1461 2077/4182/1458 2074/4178/1455
f 2074/4178/1455 2071/4173/1451 2065/4164/1445
f 2065/4164/1445 2059/4155/1440 2053/4143/1434
f 2053/4143/1434 2129/4114/1417 2119/4251/1499
f 2116/4247/1496 2113/4242/1493 2110/4237/1490
f 2053/4143/1434 2119/4251/1499 2116/4247/1496
f 2074/4178/1455 2065/4164/1445 2053/4143/1434
f 2083/4190/1464 2080/4186/1461 2074/4178/1455
f 2089/4200/1470 2086/4194/1467 2083/4190/1464
f 2095/4211/1476 2092/4206/1473 2089/4200/1470
f 2101/4222/1482 2098/4217/1479 2095/4211/1476
f 2107/4232/1488 2104/4228/1485 2101/4222/1482
f 2053/4143/1434 2116/4247/1496 2110/4237/1490
f 2110/4237/1490 2107/4232/1488 2101/4222/1482
f 2101/4222/1482 2095/4211/1476 2089/4200/1470
f 2089/4200/1470 2083/4190/1464 2074/4178/1455
f 2074/4178/1455 2053/4143/1434 2110/4237/1490
f 2110/4237/1490 2101/4222/1482 2089/4200/1470
f 2043/4121/1423 2046/4127/1426 2049/4133/1429
f 2049/4133/1429 2052/4139/1432 2055/4145/1435
f 2055/4145/1435 2058/4151/1438 2061/4157/1441
f 2061/4157/1441 2064/4165/1446 2067/4167/1448
f 2067/4167/1448 2070/4174/1452 2073/4176/1454
f 2073/4176/1454 2076/4180/1457 2079/4184/1460
f 2082/4188/1463 2085/4191/1465 2088/4196/1468
f 2073/4176/1454 2079/4184/1460 2082/4188/1463
f 2061/4157/1441 2067/4167/1448 2073/4176/1454
f 2049/4133/1429 2055/4145/1435 2061/4157/1441
f 2037/4116/1419 2040/4118/1421 2043/4121/1423
f 2043/4121/1423 2049/4133/1429 2061/4157/1441
f 2061/4157/1441 2073/4176/1454 2082/4188/1463
f 2082/4188/1463 2088/4196/1468 2091/4202/1471
f 2091/4202/1471 2094/4208/1474 2097/4213/1477
f 2097/4213/1477 2100/4219/1480 2103/4224/1483
f 2103/4224/1483 2106/4230/1486 2109/4266/1509
f 2109/4266/1509 2112/4238/1491 2115/4245/1495
f 2115/4245/1495 2118/4249/1498 2121/4253/1501
f 2124/4257/1504 2127/4261/1507 2130/4111/1415
f 2115/4245/1495 2121/4253/1501 2124/4257/1504
f 2097/4213/1477 2103/4224/1483 2109/4266/1509
f 2109/4266/1509 2115/4245/1495 2124/4257/1504
f 2124/4257/1504 2130/4111/1415 2037/4116/1419
f 2037/4116/1419 2043/4121/1423 2061/4157/1441
f 2061/4157/1441 2082/4188/1463 2091/4202/1471
f 2091/4202/1471 2097/4213/1477 2109/4266/1509
f 2109/4266/1509 2124/4257/1504 2037/4116/1419
f 2037/4116/1419 2061/4157/1441 2091/4202/1471
f 2131/4267/1510 2133/4273/1515 2226/4268/1511
f 2131/4270/1510 2132/4688/1512 2225/4271/1513
f 2133/4273/1515 2131/4689/1510 2135/4274/1516
f 2135/4276/1516 2131/4690/1510 2134/4272/1514
f 2139/4278/1519 2136/4275/1517 2135/4279/1516
f 2135/4281/1516 2137/4277/1518 2140/4282/1521
f 2142/4284/1522 2139/4278/1519 2138/4285/1520
f 2138/4287/1520 2140/4282/1521 2143/4288/1524
f 2145/4290/1525 2142/4284/1522 2141/4291/1523
f 2141/4293/1523 2143/4288/1524 2146/4294/1527
f 2148/4296/1528 2145/4290/1525 2144/4297/1526
f 2144/4299/1526 2146/4294/1527 2149/4300/1530
f 2151/4302/1531 2148/4296/1528 2147/4303/1529
f 2147/4305/1529 2149/4300/1530 2152/4306/1533
f 2154/4308/1534 2151/4302/1531 2150/4309/1532
f 2150/4311/1532 2152/4306/1533 2155/4312/1536
f 2157/4314/1537 2154/4308/1534 2153/4315/1535
f 2158/4317/1539 2156/4316/1538 2153/4315/1535
f 2159/4318/1540 2160/4322/1542 2157/4314/1537
f 2159/4320/1540 2156/4691/1538 2158/4317/1539
f 2160/4322/1542 2159/4692/1540 2162/4323/1543
f 2162/4325/1543 2159/4693/1540 2161/4321/1541
f 2165/4327/1546 2166/4331/1548 2163/4324/1544
f 2165/4329/1546 2162/4694/1543 2164/4326/1545
f 2166/4331/1548 2165/4695/1546 2168/4332/1549
f 2168/4334/1549 2165/4696/1546 2167/4330/1547
f 2169/4333/1550 2168/4697/1549 2171/4336/1552
f 2171/4338/1552 2168/4698/1549 2170/4335/1551
f 2172/4337/1553 2171/4699/1552 2174/4340/1555
f 2174/4342/1555 2171/4700/1552 2173/4339/1554
f 2175/4341/1556 2174/4340/1555 2177/4344/1558
f 2177/4346/1558 2174/4701/1555 2176/4343/1557
f 2181/4348/1561 2178/4345/1559 2177/4344/1558
f 2177/4350/1558 2179/4347/1560 2182/4351/1563
f 2184/4353/1564 2181/4348/1561 2180/4354/1562
f 2180/4356/1562 2182/4351/1563 2185/4357/1566
f 2187/4359/1567 2184/4353/1564 2183/4360/1565
f 2183/4362/1565 2185/4357/1566 2188/4363/1569
f 2190/4365/1570 2187/4359/1567 2186/4361/1568
f 2186/4367/1568 2188/4363/1569 2191/4368/1572
f 2193/4370/1573 2190/4365/1570 2189/4371/1571
f 2189/4373/1571 2191/4368/1572 2194/4374/1575
f 2196/4376/1576 2193/4370/1573 2192/4377/1574
f 2197/4379/1578 2195/4702/1577 2192/4380/1574
f 2199/4381/1579 2196/4376/1576 2195/4382/1577
f 2195/4384/1577 2197/4379/1578 2200/4385/1581
f 2202/4387/1582 2199/4381/1579 2198/4383/1580
f 2203/4389/1584 2201/4703/1583 2198/4390/1580
f 2204/4391/1585 2205/4423/1605 2202/4387/1582
f 2204/4393/1585 2201/4704/1583 2203/4389/1584
f 2208/4395/1587 2205/4423/1605 2204/4396/1585
f 2204/4398/1585 2206/4394/1586 2209/4399/1589
f 2208/4395/1587 2207/4705/1588 2210/4401/1590
f 2210/4403/1590 2207/4706/1588 2209/4399/1589
f 2211/4402/1591 2210/4707/1590 2213/4405/1593
f 2213/4407/1593 2210/4708/1590 2212/4404/1592
f 2214/4406/1594 2213/4709/1593 2216/4409/1596
f 2216/4411/1596 2213/4407/1593 2215/4408/1595
f 2217/4410/1597 2216/4710/1596 2219/4413/1599
f 2219/4415/1599 2216/4711/1596 2218/4412/1598
f 2220/4414/1600 2219/4413/1599 2222/4417/1602
f 2222/4419/1602 2219/4712/1599 2221/4416/1601
f 2223/4418/1603 2222/4713/1602 2132/4421/1512
f 2132/4422/1512 2222/4419/1602 2224/4420/1604
f 2140/4282/1521 2137/4277/1518 2134/4272/1514
f 2225/4271/1513 2224/4420/1604 2221/4416/1601
f 2140/4282/1521 2134/4272/1514 2225/4271/1513
f 2149/4300/1530 2146/4294/1527 2143/4288/1524
f 2143/4288/1524 2140/4282/1521 2225/4271/1513
f 2225/4271/1513 2221/4416/1601 2218/4412/1598
f 2225/4271/1513 2218/4412/1598 2215/4408/1595
f 2149/4300/1530 2143/4288/1524 2225/4271/1513
f 2155/4312/1536 2152/4306/1533 2149/4300/1530
f 2161/4321/1541 2158/4317/1539 2155/4312/1536
f 2167/4330/1547 2164/4326/1545 2161/4321/1541
f 2176/4343/1557 2173/4339/1554 2170/4335/1551
f 2170/4335/1551 2167/4330/1547 2161/4321/1541
f 2161/4321/1541 2155/4312/1536 2149/4300/1530
f 2149/4300/1530 2225/4271/1513 2215/4408/1595
f 2212/4404/1592 2209/4399/1589 2206/4394/1586
f 2149/4300/1530 2215/4408/1595 2212/4404/1592
f 2170/4335/1551 2161/4321/1541 2149/4300/1530
f 2179/4347/1560 2176/4343/1557 2170/4335/1551
f 2185/4357/1566 2182/4351/1563 2179/4347/1560
f 2191/4368/1572 2188/4363/1569 2185/4357/1566
f 2197/4379/1578 2194/4374/1575 2191/4368/1572
f 2203/4389/1584 2200/4385/1581 2197/4379/1578
f 2149/4300/1530 2212/4404/1592 2206/4394/1586
f 2206/4394/1586 2203/4389/1584 2197/4379/1578
f 2197/4379/1578 2191/4368/1572 2185/4357/1566
f 2185/4357/1566 2179/4347/1560 2170/4335/1551
f 2170/4335/1551 2149/4300/1530 2206/4394/1586
f 2206/4394/1586 2197/4379/1578 2185/4357/1566
f 2139/4278/1519 2142/4284/1522 2145/4290/1525
f 2145/4290/1525 2148/4296/1528 2151/4302/1531
f 2151/4302/1531 2154/4308/1534 2157/4314/1537
f 2157/4314/1537 2160/4322/1542 2163/4324/1544
f 2163/4324/1544 2166/4331/1548 2169/4333/1550
f 2169/4333/1550 2172/4337/1553 2175/4341/1556
f 2178/4345/1559 2181/4348/1561 2184/4353/1564
f 2169/4333/1550 2175/4341/1556 2178/4345/1559
f 2157/4314/1537 2163/4324/1544 2169/4333/1550
f 2145/4290/1525 2151/4302/1531 2157/4314/1537
f 2133/4273/1515 2136/4275/1517 2139/4278/1519
f 2139/4278/1519 2145/4290/1525 2157/4314/1537
f 2157/4314/1537 2169/4333/1550 2178/4345/1559
f 2178/4345/1559 2184/4353/1564 2187/4359/1567
f 2187/4359/1567 2190/4365/1570 2193/4370/1573
f 2193/4370/1573 2196/4376/1576 2199/4381/1579
f 2199/4381/1579 2202/4387/1582 2205/4423/1605
f 2205/4423/1605 2208/4395/1587 2211/4402/1591
f 2211/4402/1591 2214/4406/1594 2217/4410/1597
f 2220/4414/1600 2223/4418/1603 2226/4268/1511
f 2211/4402/1591 2217/4410/1597 2220/4414/1600
f 2193/4370/1573 2199/4381/1579 2205/4423/1605
f 2205/4423/1605 2211/4402/1591 2220/4414/1600
f 2220/4414/1600 2226/4268/1511 2133/4273/1515
f 2133/4273/1515 2139/4278/1519 2157/4314/1537
f 2157/4314/1537 2178/4345/1559 2187/4359/1567
f 2187/4359/1567 2193/4370/1573 2205/4423/1605
f 2205/4423/1605 2220/4414/1600 2133/4273/1515
f 2133/4273/1515 2157/4314/1537 2187/4359/1567
f 2227/4424/1606 2229/4430/1611 2322/4425/1607
f 2227/4427/1606 2228/4714/1608 2321/4428/1609
f 2229/4430/1611 2227/4715/1606 2231/4431/1612
f 2231/4433/1612 2227/4716/1606 2230/4429/1610
f 2235/4435/1615 2232/4432/1613 2231/4436/1612
f 2231/4438/1612 2233/4434/1614 2236/4439/1617
f 2238/4441/1618 2235/4435/1615 2234/4442/1616
f 2234/4444/1616 2236/4439/1617 2239/4445/1620
f 2241/4447/1621 2238/4441/1618 2237/4448/1619
f 2237/4450/1619 2239/4445/1620 2242/4451/1623
f 2244/4453/1624 2241/4447/1621 2240/4454/1622
f 2240/4456/1622 2242/4451/1623 2245/4457/1626
f 2247/4459/1627 2244/4453/1624 2243/4460/1625
f 2243/4462/1625 2245/4457/1626 2248/4463/1629
f 2250/4465/1630 2247/4459/1627 2246/4466/1628
f 2246/4468/1628 2248/4463/1629 2251/4469/1632
f 2253/4471/1633 2250/4465/1630 2249/4472/1631
f 2254/4474/1635 2252/4473/1634 2249/4472/1631
f 2255/4475/1636 2256/4479/1638 2253/4471/1633
f 2255/4477/1636 2252/4717/1634 2254/4474/1635
f 2256/4479/1638 2255/4718/1636 2258/4480/1639
f 2258/4482/1639 2255/4719/1636 2257/4478/1637
f 2261/4484/1642 2262/4488/1644 2259/4481/1640
f 2261/4486/1642 2258/4720/1639 2260/4483/1641
f 2262/4488/1644 2261/4721/1642 2264/4489/1645
f 2264/4491/1645 2261/4722/1642 2263/4487/1643
f 2265/4490/1646 2264/4723/1645 2267/4493/1648
f 2267/4495/1648 2264/4724/1645 2266/4492/1647
f 2268/4494/1649 2267/4725/1648 2270/4497/1651
f 2270/4499/1651 2267/4726/1648 2269/4496/1650
f 2271/4498/1652 2270/4497/1651 2273/4501/1654
f 2273/4503/1654 2270/4727/1651 2272/4500/1653
f 2277/4505/1657 2274/4502/1655 2273/4501/1654
f 2273/4507/1654 2275/4504/1656 2278/4508/1659
f 2280/4510/1660 2277/4505/1657 2276/4511/1658
f 2276/4513/1658 2278/4508/1659 2281/4514/1662
f 2283/4516/1663 2280/4510/1660 2279/4517/1661
f 2279/4519/1661 2281/4514/1662 2284/4520/1665
f 2286/4522/1666 2283/4516/1663 2282/4523/1664
f 2282/4525/1664 2284/4520/1665 2287/4526/1668
f 2289/4528/1669 2286/4522/1666 2285/4524/1667
f 2285/4530/1667 2287/4526/1668 2290/4531/1671
f 2292/4533/1672 2289/4528/1669 2288/4534/1670
f 2293/4536/1674 2291/4728/1673 2288/4537/1670
f 2295/4538/1675 2292/4533/1672 2291/4539/1673
f 2291/4541/1673 2293/4536/1674 2296/4542/1677
f 2298/4544/1678 2295/4538/1675 2294/4540/1676
f 2299/4546/1680 2297/4729/1679 2294/4547/1676
f 2300/4548/1681 2301/4580/1701 2298/4544/1678
f 2300/4550/1681 2297/4730/1679 2299/4546/1680
f 2304/4552/1683 2301/4580/1701 2300/4553/1681
f 2300/4555/1681 2302/4551/1682 2305/4556/1685
f 2304/4552/1683 2303/4731/1684 2306/4558/1686
f 2306/4560/1686 2303/4732/1684 2305/4556/1685
f 2307/4559/1687 2306/4733/1686 2309/4562/1689
f 2309/4564/1689 2306/4734/1686 2308/4561/1688
f 2310/4563/1690 2309/4735/1689 2312/4566/1692
f 2312/4568/1692 2309/4564/1689 2311/4565/1691
f 2313/4567/1693 2312/4736/1692 2315/4570/1695
f 2315/4572/1695 2312/4737/1692 2314/4569/1694
f 2316/4571/1696 2315/4738/1695 2318/4574/1698
f 2318/4576/1698 2315/4739/1695 2317/4573/1697
f 2319/4575/1699 2318/4740/1698 2228/4578/1608
f 2228/4579/1608 2318/4576/1698 2320/4577/1700
f 2236/4439/1617 2233/4434/1614 2230/4429/1610
f 2321/4428/1609 2320/4577/1700 2317/4573/1697
f 2236/4439/1617 2230/4429/1610 2321/4428/1609
f 2245/4457/1626 2242/4451/1623 2239/4445/1620
f 2239/4445/1620 2236/4439/1617 2321/4428/1609
f 2321/4428/1609 2317/4573/1697 2314/4569/1694
f 2321/4428/1609 2314/4569/1694 2311/4565/1691
f 2245/4457/1626 2239/4445/1620 2321/4428/1609
f 2251/4469/1632 2248/4463/1629 2245/4457/1626
f 2257/4478/1637 2254/4474/1635 2251/4469/1632
f 2263/4487/1643 2260/4483/1641 2257/4478/1637
f 2272/4500/1653 2269/4496/1650 2266/4492/1647
f 2266/4492/1647 2263/4487/1643 2257/4478/1637
f 2257/4478/1637 2251/4469/1632 2245/4457/1626
f 2245/4457/1626 2321/4428/1609 2311/4565/1691
f 2308/4561/1688 2305/4556/1685 2302/4551/1682
f 2245/4457/1626 2311/4565/1691 2308/4561/1688
f 2266/4492/1647 2257/4478/1637 2245/4457/1626
f 2275/4504/1656 2272/4500/1653 2266/4492/1647
f 2281/4514/1662 2278/4508/1659 2275/4504/1656
f 2287/4526/1668 2284/4520/1665 2281/4514/1662
f 2293/4536/1674 2290/4531/1671 2287/4526/1668
f 2299/4546/1680 2296/4542/1677 2293/4536/1674
f 2245/4457/1626 2308/4561/1688 2302/4551/1682
f 2302/4551/1682 2299/4546/1680 2293/4536/1674
f 2293/4536/1674 2287/4526/1668 2281/4514/1662
f 2281/4514/1662 2275/4504/1656 2266/4492/1647
f 2266/4492/1647 2245/4457/1626 2302/4551/1682
f 2302/4551/1682 2293/4536/1674 2281/4514/1662
f 2235/4435/1615 2238/4441/1618 2241/4447/1621
f 2241/4447/1621 2244/4453/1624 2247/4459/1627
f 2247/4459/1627 2250/4465/1630 2253/4471/1633
f 2253/4471/1633 2256/4479/1638 2259/4481/1640
f 2259/4481/1640 2262/4488/1644 2265/4490/1646
f 2265/4490/1646 2268/4494/1649 2271/4498/1652
f 2274/4502/1655 2277/4505/1657 2280/4510/1660
f 2265/4490/1646 2271/4498/1652 2274/4502/1655
f 2253/4471/1633 2259/4481/1640 2265/4490/1646
f 2241/4447/1621 2247/4459/1627 2253/4471/1633
f 2229/4430/1611 2232/4432/1613 2235/4435/1615
f 2235/4435/1615 2241/4447/1621 2253/4471/1633
f 2253/4471/1633 2265/4490/1646 2274/4502/1655
f 2274/4502/1655 2280/4510/1660 2283/4516/1663
f 2283/4516/1663 2286/4522/1666 2289/4528/1669
f 2289/4528/1669 2292/4533/1672 2295/4538/1675
f 2295/4538/1675 2298/4544/1678 2301/4580/1701
f 2301/4580/1701 2304/4552/1683 2307/4559/1687
f 2307/4559/1687 2310/4563/1690 2313/4567/1693
f 2316/4571/1696 2319/4575/1699 2322/4425/1607
f 2307/4559/1687 2313/4567/1693 2316/4571/1696
f 2289/4528/1669 2295/4538/1675 2301/4580/1701
f 2301/4580/1701 2307/4559/1687 2316/4571/1696
f 2316/4571/1696 2322/4425/1607 2229/4430/1611
f 2229/4430/1611 2235/4435/1615 2253/4471/1633
f 2253/4471/1633 2274/4502/1655 2283/4516/1663
f 2283/4516/1663 2289/4528/1669 2301/4580/1701
f 2301/4580/1701 2316/4571/1696 2229/4430/1611
f 2229/4430/1611 2253/4471/1633 2283/4516/1663
o 球.037
v -5.135835 0.088039 -7.322941
v -5.142088 0.089511 -7.145545
v -5.224868 0.082220 -7.341985
v -5.228404 0.036607 -7.351844
v -5.136321 0.085805 -7.465193
v -5.222995 0.082214 -7.472219
v -5.227147 0.040234 -7.466177
v -5.139658 0.081995 -7.628623
v -5.223709 0.075885 -7.608617
v -5.229028 0.038427 -7.594982
v -5.142931 0.085387 -7.810424
v -5.221447 0.078370 -7.740338
v -5.229431 0.041450 -7.736279
v -5.148571 0.075094 -8.019279
v -5.224944 0.082972 -7.893497
v -5.229181 0.043232 -7.911566
v -5.159359 0.068578 -8.241729
v -5.232803 0.073127 -8.080124
v -5.232803 0.043027 -8.080124
v -5.183567 0.053476 -8.486602
v -5.250868 0.064802 -8.211353
v -5.238143 0.043070 -8.209370
v -5.260298 0.030277 -8.583115
v -5.282640 0.060202 -8.343635
v -5.291525 0.030209 -8.329040
v -5.356195 0.000922 -8.618629
v -5.356839 0.042389 -8.363505
v -5.357836 0.022939 -8.345198
v -5.450029 -0.032870 -8.597224
v -5.431139 0.006989 -8.344010
v -5.424088 -0.016984 -8.313809
v -5.504182 -0.064647 -8.487412
v -5.463578 -0.008808 -8.211891
v -5.461598 -0.030083 -8.229129
v -5.554932 -0.107763 -8.242730
v -5.482308 -0.023663 -8.080754
v -5.485487 -0.035394 -8.074332
v -5.566846 -0.123605 -8.020335
v -5.494354 -0.039308 -7.894530
v -5.488374 -0.043584 -7.912222
v -5.573541 -0.130539 -7.811512
v -5.501946 -0.047917 -7.736470
v -5.498946 -0.051907 -7.739714
v -5.577733 -0.133602 -7.629731
v -5.508748 -0.054845 -7.593066
v -5.498264 -0.057564 -7.598874
v -5.581898 -0.137150 -7.466321
v -5.509177 -0.057065 -7.463919
v -5.498984 -0.060593 -7.470556
v -5.583100 -0.133668 -7.324073
v -5.510238 -0.059556 -7.341679
v -5.498415 -0.057101 -7.350102
v -5.577746 -0.127452 -7.146646
v -5.509795 -0.057819 -7.219436
v -5.493851 -0.056674 -7.211023
v -5.567292 -0.119563 -6.978902
v -5.504680 -0.055151 -7.070428
v -5.491761 -0.057543 -7.068273
v -5.557189 -0.107261 -6.788044
v -5.503942 -0.055457 -6.946853
v -5.487481 -0.060344 -6.908473
v -5.544240 -0.086944 -6.596777
v -5.497149 -0.049805 -6.788756
v -5.485209 -0.049167 -6.747817
v -5.516765 -0.062580 -6.392336
v -5.486043 -0.038162 -6.602473
v -5.479053 -0.042240 -6.610332
v -5.477550 -0.034380 -6.181086
v -5.467979 -0.022768 -6.471244
v -5.459018 -0.032248 -6.435825
v -5.414535 -0.000000 -5.925954
v -5.429350 0.009057 -6.214835
v -5.418347 -0.000412 -6.214808
v -5.361291 -0.000000 -6.602678
v -5.360962 0.014375 -6.732649
v -5.360962 -0.005812 -6.732649
v -5.311470 -0.000000 -5.925693
v -5.298179 0.041456 -6.214503
v -5.285507 0.022924 -6.214471
v -5.247165 0.033170 -6.180503
v -5.252244 0.071139 -6.470697
v -5.274574 0.021884 -6.481542
v -5.206882 0.060835 -6.391553
v -5.240284 0.078787 -6.602053
v -5.264576 0.025039 -6.609222
v -5.178373 0.076083 -6.595852
v -5.229856 0.081815 -6.761933
v -5.250034 0.029979 -6.776257
v -5.164456 0.078358 -6.787052
v -5.228068 0.082372 -6.930145
v -5.241418 0.034779 -6.952789
v -5.153390 0.081359 -6.977856
v -5.223550 0.083532 -7.079726
v -5.231990 0.034768 -7.094745
v -5.229695 0.032685 -7.223358
v -5.222807 0.083448 -7.215113
v -5.375965 0.036998 -5.713554
v -5.374877 0.036998 -6.143759
v -5.375965 -0.036998 -5.713554
v -5.331236 0.036998 -5.713441
v -5.330149 0.036998 -6.143646
v -5.331236 -0.036998 -5.713441
v -5.330149 -0.036998 -6.143646
v -5.374877 -0.036998 -6.143759
v -5.527026 -0.808117 -5.922390
v -5.523795 -0.808117 -5.954379
v -5.527026 0.808116 -5.922390
v -5.523955 -0.808117 -5.890384
v -5.514699 -0.808117 -5.859594
v -5.523955 0.808116 -5.890384
v -5.514699 0.808116 -5.859594
v -5.499615 0.808116 -5.831199
v -5.479281 0.808116 -5.806293
v -5.499615 -0.808117 -5.831199
v -5.479281 -0.808117 -5.806293
v -5.454477 -0.808117 -5.785832
v -5.426160 -0.808117 -5.770605
v -5.454477 0.808116 -5.785832
v -5.426161 0.808116 -5.770605
v -5.395417 0.808116 -5.761195
v -5.363428 0.808116 -5.757962
v -5.395417 -0.808117 -5.761195
v -5.363428 -0.808117 -5.757962
v -5.331423 -0.808117 -5.761033
v -5.300632 -0.808117 -5.770288
v -5.331423 0.808116 -5.761033
v -5.300632 0.808116 -5.770288
v -5.272236 0.808116 -5.785372
v -5.247332 0.808116 -5.805707
v -5.272236 -0.808117 -5.785372
v -5.247331 -0.808117 -5.805707
v -5.226871 -0.808117 -5.830508
v -5.211643 -0.808117 -5.858828
v -5.226871 0.808116 -5.830508
v -5.211643 0.808116 -5.858828
v -5.202232 0.808116 -5.889570
v -5.199000 0.808116 -5.921561
v -5.202232 -0.808117 -5.889570
v -5.198999 -0.808117 -5.921561
v -5.202071 -0.808117 -5.953566
v -5.211325 -0.808117 -5.984357
v -5.202071 0.808116 -5.953566
v -5.211325 0.808116 -5.984357
v -5.226410 0.808116 -6.012750
v -5.246745 0.808116 -6.037656
v -5.226410 -0.808117 -6.012750
v -5.246744 -0.808117 -6.037656
v -5.271548 -0.808117 -6.058117
v -5.299865 -0.808117 -6.073345
v -5.271548 0.808116 -6.058117
v -5.299865 0.808116 -6.073345
v -5.330609 0.808116 -6.082756
v -5.362599 0.808116 -6.085989
v -5.330609 -0.808117 -6.082756
v -5.362599 -0.808117 -6.085989
v -5.394603 -0.808117 -6.082918
v -5.425394 -0.808117 -6.073663
v -5.394603 0.808116 -6.082918
v -5.425394 0.808116 -6.073663
v -5.453789 0.808116 -6.058577
v -5.478694 0.808116 -6.038243
v -5.453789 -0.808117 -6.058577
v -5.478694 -0.808117 -6.038243
v -5.499154 -0.808117 -6.013440
v -5.514383 -0.808117 -5.985123
v -5.499154 0.808116 -6.013440
v -5.514383 0.808116 -5.985123
v -5.523795 0.808116 -5.954379
v -5.571398 0.041085 -5.944853
v -5.141192 0.041085 -5.943766
v -5.571398 -0.041085 -5.944853
v -5.571511 0.041085 -5.900124
v -5.141306 0.041085 -5.899036
v -5.571511 -0.041085 -5.900124
v -5.141306 -0.041085 -5.899036
v -5.141192 -0.041085 -5.943766
v -5.590166 0.088039 -4.529302
v -5.583914 0.089511 -4.706701
v -5.501134 0.082220 -4.510259
v -5.497600 0.036607 -4.500401
v -5.589682 0.085805 -4.387051
v -5.503007 0.082214 -4.380027
v -5.498856 0.040234 -4.386069
v -5.586344 0.081995 -4.223621
v -5.502294 0.075885 -4.243627
v -5.496976 0.038427 -4.257263
v -5.583072 0.085387 -4.041821
v -5.504556 0.078370 -4.111907
v -5.496573 0.041450 -4.115967
v -5.577433 0.075094 -3.832965
v -5.501059 0.082972 -3.958749
v -5.496822 0.043232 -3.940678
v -5.566642 0.068578 -3.610516
v -5.493200 0.073127 -3.772121
v -5.493200 0.043027 -3.772121
v -5.542437 0.053476 -3.365644
v -5.475135 0.064802 -3.640892
v -5.487860 0.043070 -3.642875
v -5.465704 0.030277 -3.269130
v -5.443364 0.060202 -3.508610
v -5.434478 0.030209 -3.523205
v -5.369809 0.000922 -3.233616
v -5.369164 0.042389 -3.488739
v -5.368167 0.022939 -3.507047
v -5.275975 -0.032870 -3.255021
v -5.294866 0.006989 -3.508234
v -5.301914 -0.016984 -3.538435
v -5.221821 -0.064647 -3.364834
v -5.262425 -0.008808 -3.640353
v -5.264404 -0.030083 -3.623117
v -5.171071 -0.107763 -3.609517
v -5.243695 -0.023663 -3.771491
v -5.240516 -0.035394 -3.777913
v -5.159157 -0.123605 -3.831907
v -5.231648 -0.039308 -3.957716
v -5.237628 -0.043584 -3.940024
v -5.152461 -0.130539 -4.040731
v -5.224056 -0.047917 -4.115776
v -5.227057 -0.051907 -4.112531
v -5.148271 -0.133602 -4.222513
v -5.217255 -0.054845 -4.259180
v -5.227737 -0.057564 -4.253371
v -5.144104 -0.137150 -4.385924
v -5.216826 -0.057065 -4.388325
v -5.227017 -0.060593 -4.381691
v -5.142902 -0.133668 -4.528172
v -5.215764 -0.059556 -4.510566
v -5.227587 -0.057101 -4.502142
v -5.148258 -0.127452 -4.705598
v -5.216210 -0.057819 -4.632811
v -5.232153 -0.056674 -4.641224
v -5.158712 -0.119563 -4.873343
v -5.221323 -0.055151 -4.781816
v -5.234243 -0.057543 -4.783971
v -5.168814 -0.107261 -5.064201
v -5.222060 -0.055457 -4.905391
v -5.238522 -0.060344 -4.943773
v -5.181763 -0.086944 -5.255468
v -5.228854 -0.049805 -5.063488
v -5.240793 -0.049167 -5.104429
v -5.209239 -0.062580 -5.459909
v -5.239959 -0.038162 -5.249773
v -5.246950 -0.042240 -5.241913
v -5.248454 -0.034380 -5.671161
v -5.258024 -0.022768 -5.381002
v -5.266984 -0.032248 -5.416418
v -5.311470 -0.000000 -5.926291
v -5.296652 0.009057 -5.637409
v -5.307654 -0.000412 -5.637437
v -5.364712 -0.000000 -5.249568
v -5.365041 0.014375 -5.119595
v -5.365041 -0.005812 -5.119595
v -5.414534 -0.000000 -5.926552
v -5.427823 0.041456 -5.637740
v -5.440495 0.022924 -5.637773
v -5.478838 0.033170 -5.671743
v -5.473759 0.071139 -5.381548
v -5.451430 0.021884 -5.370702
v -5.519121 0.060835 -5.460693
v -5.485719 0.078787 -5.250193
v -5.461427 0.025039 -5.243023
v -5.547630 0.076083 -5.256393
v -5.496147 0.081815 -5.090312
v -5.475968 0.029979 -5.075987
v -5.561545 0.078358 -5.065194
v -5.497935 0.082372 -4.922099
v -5.484585 0.034779 -4.899457
v -5.572613 0.081359 -4.874389
v -5.502453 0.083532 -4.772517
v -5.494013 0.034768 -4.757501
v -5.496309 0.032685 -4.628887
v -5.503196 0.083448 -4.637131
v -3.966184 0.088039 -5.698957
v -4.143580 0.089511 -5.705210
v -3.947140 0.082220 -5.787992
v -3.937280 0.036607 -5.791523
v -3.823931 0.085805 -5.699443
v -3.816906 0.082214 -5.786117
v -3.822948 0.040234 -5.790270
v -3.660502 0.081995 -5.702781
v -3.680506 0.075885 -5.786830
v -3.694143 0.038427 -5.792149
v -3.478700 0.085387 -5.706054
v -3.548787 0.078370 -5.784570
v -3.552846 0.041450 -5.792553
v -3.269845 0.075094 -5.711694
v -3.395627 0.082972 -5.788067
v -3.377558 0.043232 -5.792303
v -3.047397 0.068578 -5.722482
v -3.209002 0.073127 -5.795924
v -3.209002 0.043027 -5.795924
v -2.802523 0.053476 -5.746688
v -3.077770 0.064802 -5.813991
v -3.079754 0.043070 -5.801265
v -2.706008 0.030277 -5.823421
v -2.945490 0.060202 -5.845761
v -2.960084 0.030209 -5.854647
v -2.670496 0.000922 -5.919316
v -2.925617 0.042389 -5.919961
v -2.943928 0.022939 -5.920956
v -2.691901 -0.032870 -6.013149
v -2.945114 0.006989 -5.994261
v -2.975314 -0.016984 -5.987210
v -2.801713 -0.064647 -6.067303
v -3.077233 -0.008808 -6.026699
v -3.059997 -0.030083 -6.024721
v -3.046397 -0.107763 -6.118053
v -3.208371 -0.023663 -6.045429
v -3.214794 -0.035394 -6.048607
v -3.268788 -0.123605 -6.129968
v -3.394596 -0.039308 -6.057477
v -3.376903 -0.043584 -6.051497
v -3.477612 -0.130539 -6.136663
v -3.552656 -0.047917 -6.065068
v -3.549410 -0.051907 -6.062069
v -3.659394 -0.133602 -6.140854
v -3.696058 -0.054845 -6.071870
v -3.690252 -0.057564 -6.061387
v -3.822805 -0.137150 -6.145019
v -3.825204 -0.057065 -6.072296
v -3.818568 -0.060593 -6.062108
v -3.965051 -0.133668 -6.146222
v -3.947445 -0.059556 -6.073360
v -3.939022 -0.057101 -6.061536
v -4.142480 -0.127452 -6.140867
v -4.069690 -0.057819 -6.072915
v -4.078102 -0.056674 -6.056973
v -4.310222 -0.119563 -6.130414
v -4.218697 -0.055151 -6.067802
v -4.220851 -0.057543 -6.054883
v -4.501081 -0.107261 -6.120311
v -4.342272 -0.055457 -6.067065
v -4.380653 -0.060344 -6.050603
v -4.692347 -0.086944 -6.107364
v -4.500368 -0.049805 -6.060273
v -4.541307 -0.049167 -6.048331
v -4.896789 -0.062580 -6.079886
v -4.686651 -0.038162 -6.049166
v -4.678791 -0.042240 -6.042176
v -5.108041 -0.034380 -6.040671
v -4.817882 -0.022768 -6.031101
v -4.853300 -0.032248 -6.022139
v -5.363171 -0.000000 -5.977657
v -5.074288 0.009057 -5.992472
v -5.074317 -0.000412 -5.981469
v -4.686448 -0.000000 -5.924412
v -4.556475 0.014375 -5.924083
v -4.556475 -0.005812 -5.924083
v -5.363431 -0.000000 -5.874591
v -5.074621 0.041456 -5.861301
v -5.074653 0.022924 -5.848629
v -5.108623 0.033170 -5.810287
v -4.818428 0.071139 -5.815366
v -4.807583 0.021884 -5.837696
v -4.897573 0.060835 -5.770004
v -4.687071 0.078787 -5.803407
v -4.679903 0.025039 -5.827698
v -4.693271 0.076083 -5.741495
v -4.527192 0.081815 -5.792977
v -4.512866 0.029979 -5.813158
v -4.502074 0.078358 -5.727581
v -4.358981 0.082372 -5.791189
v -4.336336 0.034779 -5.804538
v -4.311268 0.081359 -5.716512
v -4.209397 0.083532 -5.786672
v -4.194381 0.034768 -5.795112
v -4.065767 0.032685 -5.792816
v -4.074010 0.083448 -5.785929
v -6.759822 0.088038 -6.153287
v -6.582425 0.089511 -6.147036
v -6.778864 0.082219 -6.064255
v -6.788724 0.036606 -6.060721
v -6.902072 0.085804 -6.152804
v -6.909097 0.082213 -6.066127
v -6.903056 0.040233 -6.061977
v -7.065502 0.081994 -6.149464
v -7.045497 0.075884 -6.065415
v -7.031862 0.038426 -6.060097
v -7.247303 0.085386 -6.146193
v -7.177216 0.078369 -6.067676
v -7.173158 0.041449 -6.059694
v -7.456160 0.075093 -6.140553
v -7.330378 0.082971 -6.064179
v -7.348445 0.043231 -6.059944
v -7.678607 0.068577 -6.129764
v -7.517004 0.073126 -6.056321
v -7.517004 0.043026 -6.056321
v -7.923481 0.053475 -6.105558
v -7.648235 0.064801 -6.038255
v -7.646249 0.043069 -6.050982
v -8.019995 0.030276 -6.028827
v -7.780516 0.060201 -6.006485
v -7.765919 0.030208 -5.997598
v -8.055509 0.000921 -5.932930
v -7.800387 0.042388 -5.932285
v -7.782075 0.022938 -5.931288
v -8.034103 -0.032871 -5.839097
v -7.780890 0.006988 -5.857986
v -7.750690 -0.016985 -5.865036
v -7.924292 -0.064648 -5.784942
v -7.648771 -0.008809 -5.825544
v -7.666008 -0.030084 -5.827526
v -7.679608 -0.107764 -5.734192
v -7.517634 -0.023664 -5.806816
v -7.511212 -0.035395 -5.803638
v -7.457217 -0.123606 -5.722280
v -7.331408 -0.039309 -5.794770
v -7.349101 -0.043585 -5.800747
v -7.248393 -0.130540 -5.715583
v -7.173347 -0.047918 -5.787178
v -7.176594 -0.051908 -5.790178
v -7.066610 -0.133603 -5.711392
v -7.029945 -0.054846 -5.780377
v -7.035755 -0.057565 -5.790859
v -6.903199 -0.137151 -5.707226
v -6.900799 -0.057066 -5.779949
v -6.907435 -0.060594 -5.790138
v -6.760952 -0.133669 -5.706022
v -6.778560 -0.059557 -5.778886
v -6.786982 -0.057102 -5.790711
v -6.583526 -0.127452 -5.711379
v -6.656315 -0.057820 -5.779331
v -6.647902 -0.056675 -5.795273
v -6.415783 -0.119563 -5.721834
v -6.507308 -0.055151 -5.784443
v -6.505154 -0.057543 -5.797364
v -6.224923 -0.107261 -5.731935
v -6.383733 -0.055457 -5.785182
v -6.345352 -0.060344 -5.801643
v -6.033659 -0.086944 -5.744884
v -6.225637 -0.049805 -5.791975
v -6.184699 -0.049167 -5.803913
v -5.829216 -0.062580 -5.772359
v -6.039352 -0.038162 -5.803080
v -6.047213 -0.042240 -5.810072
v -5.617964 -0.034380 -5.811574
v -5.908122 -0.022768 -5.821146
v -5.872707 -0.032248 -5.830106
v -5.362833 -0.000000 -5.874589
v -5.651717 0.009057 -5.859774
v -5.651689 -0.000412 -5.870778
v -6.039557 -0.000000 -5.927833
v -6.169528 0.014375 -5.928161
v -6.169528 -0.005812 -5.928161
v -5.362574 -0.000000 -5.977656
v -5.651384 0.041456 -5.990943
v -5.651351 0.022924 -6.003617
v -5.617381 0.033170 -6.041959
v -5.907578 0.071139 -6.036880
v -5.918423 0.021884 -6.014551
v -5.828434 0.060835 -6.082242
v -6.038933 0.078787 -6.048840
v -6.046102 0.025039 -6.024549
v -6.032733 0.076083 -6.110751
v -6.198814 0.081815 -6.059271
v -6.213139 0.029979 -6.039089
v -6.223931 0.078358 -6.124667
v -6.367027 0.082372 -6.061056
v -6.389669 0.034779 -6.047706
v -6.414737 0.081359 -6.135733
v -6.516608 0.083532 -6.065575
v -6.531624 0.034768 -6.057136
v -6.660238 0.032684 -6.059429
v -6.651994 0.083448 -6.066317
vn 0.9579 0.2865 -0.0162
vn -0.2158 0.9764 -0.0054
vn 0.9479 0.3151 0.0464
vn 0.2792 -0.9602 0.0006
vn 0.7064 -0.7078 -0.0084
vn -0.2469 0.9690 0.0015
vn 0.9648 0.2587 -0.0478
vn -0.5627 0.8263 -0.0224
vn 0.6876 -0.7260 -0.0076
vn -0.1000 0.9949 -0.0152
vn 0.9687 0.2475 -0.0195
vn -0.2201 -0.9754 -0.0085
vn 0.0999 0.9947 0.0230
vn 0.9647 0.2631 0.0131
vn 0.6172 -0.7867 -0.0151
vn -0.1775 0.9841 -0.0061
vn 0.9804 0.1710 -0.0978
vn 0.4256 -0.9049 0.0033
vn -0.0577 0.9974 -0.0440
vn 0.9731 0.1879 -0.1335
vn 0.3298 -0.9440 -0.0053
vn -0.1010 0.9939 -0.0448
vn 0.8723 0.1368 -0.4695
vn 0.2774 -0.9608 -0.0037
vn -0.1288 0.9905 -0.0484
vn 0.4457 0.0270 -0.8948
vn 0.2309 -0.9722 -0.0374
vn -0.3249 0.9431 -0.0706
vn 0.0661 -0.0708 -0.9953
vn 0.2971 -0.9306 -0.2138
vn -0.4158 -0.2325 -0.8792
vn 0.4093 -0.9122 -0.0182
vn -0.5255 0.8491 -0.0530
vn -0.7505 -0.5314 -0.3929
vn -0.5632 0.8263 0.0055
vn 0.5058 -0.8619 0.0350
vn -0.7227 -0.6908 -0.0232
vn 0.4508 -0.8923 -0.0215
vn -0.5751 0.8176 0.0268
vn -0.6593 -0.7351 -0.1580
vn -0.6180 0.7861 0.0118
vn 0.5305 -0.8477 -0.0064
vn -0.6733 -0.7372 0.0564
vn -0.9178 0.3964 -0.0243
vn 0.4499 -0.8928 -0.0222
vn -0.6764 -0.7142 -0.1800
vn -0.6847 0.7288 0.0050
vn 0.6583 -0.7526 -0.0155
vn -0.6986 -0.7118 0.0730
vn -0.6448 0.7644 0.0057
vn 0.7247 -0.6890 -0.0018
vn -0.8492 0.5281 -0.0054
vn -0.7224 -0.6828 -0.1094
vn 0.0023 -0.9998 0.0189
vn -0.6128 0.7903 0.0010
vn -0.7385 -0.6733 0.0357
vn 0.5305 -0.8476 -0.0092
vn -0.5827 0.8126 0.0076
vn -0.7451 -0.6656 -0.0427
vn -0.0350 -0.9994 -0.0053
vn -0.7132 0.7010 0.0026
vn -0.7400 -0.6375 0.2146
vn 0.8647 -0.5023 -0.0054
vn -0.5634 0.8261 -0.0146
vn -0.7886 -0.5980 0.1433
vn 0.0515 -0.9966 0.0642
vn -0.6099 0.7924 -0.0118
vn -0.8228 -0.5472 0.1538
vn 0.4575 -0.8888 0.0265
vn -0.5365 0.8436 -0.0226
vn -0.7963 -0.5552 0.2402
vn 0.6350 -0.7722 -0.0219
vn -0.2471 0.9687 0.0219
vn 0.0807 0.0249 0.9964
vn 0.2744 -0.9616 0.0105
vn 0.2997 -0.8838 0.3592
vn 0.3118 -0.9501 0.0101
vn -0.3881 0.9159 0.1022
vn -0.0700 -0.0934 0.9932
vn 0.3411 -0.9399 -0.0164
vn 0.9557 0.0947 0.2789
vn -0.1994 0.9787 0.0488
vn 0.3761 -0.9265 0.0111
vn 0.9468 0.2509 0.2013
vn -0.4496 0.8932 0.0035
vn 0.3643 -0.9313 0.0035
vn 0.9613 0.2517 0.1124
vn -0.2012 0.9795 0.0054
vn 0.4963 -0.8680 0.0153
vn 0.9732 0.2258 0.0436
vn -0.2245 0.9745 0.0046
vn 0.8132 -0.5810 0.0347
vn 0.9695 0.2358 0.0674
vn -0.1790 0.9838 0.0118
vn 0.4176 -0.9085 0.0167
vn -0.4329 0.9014 -0.0082
vn 0.5788 0.5774 -0.5759
vn 0.5759 -0.5774 0.5788
vn 0.5788 -0.5774 -0.5759
vn -0.5788 -0.5774 0.5759
vn -0.5759 0.5773 -0.5788
vn -0.5759 -0.5774 -0.5788
vn -0.5788 0.5774 0.5759
vn 0.5759 0.5774 0.5788
vn -0.7279 0.6857 -0.0018
vn -0.7136 -0.6857 -0.1438
vn -0.7279 -0.6857 -0.0018
vn 0.7143 -0.6857 -0.1402
vn 0.1402 -0.6857 0.7143
vn -0.7143 -0.6857 0.1402
vn -0.7143 0.6857 0.1402
vn -0.6732 0.6857 0.2768
vn -0.6732 -0.6857 0.2768
vn 0.6718 0.6857 0.2803
vn 0.2803 0.6857 -0.6718
vn -0.6718 0.6857 -0.2803
vn -0.6062 0.6857 0.4028
vn -0.6063 -0.6857 0.4028
vn -0.5160 0.6857 0.5134
vn -0.5160 -0.6857 0.5134
vn -0.4059 0.6857 0.6042
vn -0.4059 -0.6857 0.6042
vn -0.2803 0.6857 0.6718
vn -0.2802 -0.6857 0.6718
vn -0.1438 0.6857 0.7135
vn -0.1438 -0.6857 0.7135
vn -0.0018 0.6857 0.7279
vn -0.0018 -0.6857 0.7279
vn 0.1402 0.6857 0.7143
vn 0.2768 0.6857 0.6732
vn 0.2768 -0.6857 0.6732
vn 0.4029 0.6857 0.6062
vn 0.4029 -0.6857 0.6063
vn 0.5134 0.6857 0.5160
vn 0.5134 -0.6857 0.5160
vn 0.6042 0.6857 0.4059
vn 0.6042 -0.6857 0.4059
vn 0.6718 -0.6857 0.2802
vn 0.7135 0.6857 0.1438
vn 0.7135 -0.6857 0.1438
vn 0.7279 0.6857 0.0018
vn 0.7279 -0.6857 0.0018
vn 0.7143 0.6857 -0.1402
vn 0.6732 0.6857 -0.2769
vn 0.6732 -0.6857 -0.2768
vn 0.6062 0.6857 -0.4029
vn 0.6062 -0.6857 -0.4029
vn 0.5160 0.6857 -0.5134
vn 0.5160 -0.6857 -0.5134
vn 0.4059 0.6857 -0.6042
vn 0.4059 -0.6857 -0.6042
vn 0.2803 -0.6857 -0.6718
vn 0.1438 0.6857 -0.7135
vn 0.1438 -0.6857 -0.7135
vn 0.0018 0.6857 -0.7279
vn 0.0018 -0.6857 -0.7279
vn -0.1402 0.6857 -0.7142
vn -0.1402 -0.6857 -0.7143
vn -0.2769 0.6857 -0.6732
vn -0.2768 -0.6857 -0.6732
vn -0.4029 0.6857 -0.6062
vn -0.4029 -0.6857 -0.6062
vn -0.5134 0.6857 -0.5160
vn -0.5134 -0.6857 -0.5160
vn -0.6042 0.6857 -0.4059
vn -0.6042 -0.6857 -0.4059
vn -0.6718 -0.6857 -0.2803
vn -0.7135 0.6857 -0.1438
vn -0.5759 0.5774 -0.5788
vn -0.9579 0.2865 0.0162
vn 0.2158 0.9764 0.0054
vn -0.9479 0.3151 -0.0464
vn -0.2792 -0.9602 -0.0006
vn -0.7064 -0.7078 0.0084
vn 0.2469 0.9690 -0.0015
vn -0.9648 0.2587 0.0478
vn 0.5628 0.8263 0.0224
vn -0.6878 -0.7259 0.0076
vn 0.1000 0.9949 0.0152
vn -0.9687 0.2475 0.0195
vn 0.2201 -0.9754 0.0085
vn -0.0998 0.9947 -0.0230
vn -0.9647 0.2632 -0.0131
vn -0.6172 -0.7867 0.0151
vn 0.1775 0.9841 0.0061
vn -0.9804 0.1710 0.0978
vn -0.4256 -0.9049 -0.0033
vn 0.0577 0.9974 0.0440
vn -0.9731 0.1879 0.1335
vn -0.3298 -0.9440 0.0053
vn 0.1010 0.9939 0.0448
vn -0.8723 0.1368 0.4695
vn -0.2774 -0.9608 0.0037
vn 0.1288 0.9905 0.0484
vn -0.4457 0.0270 0.8948
vn -0.2309 -0.9722 0.0374
vn 0.3249 0.9431 0.0706
vn -0.0661 -0.0708 0.9953
vn -0.2971 -0.9306 0.2139
vn 0.4158 -0.2325 0.8792
vn -0.4093 -0.9122 0.0182
vn 0.5255 0.8491 0.0530
vn 0.7505 -0.5314 0.3929
vn 0.5632 0.8263 -0.0055
vn -0.5058 -0.8619 -0.0350
vn 0.7227 -0.6908 0.0232
vn -0.4508 -0.8923 0.0215
vn 0.5751 0.8176 -0.0268
vn 0.6593 -0.7351 0.1579
vn 0.6180 0.7861 -0.0118
vn -0.5305 -0.8477 0.0064
vn 0.6733 -0.7372 -0.0563
vn 0.9177 0.3964 0.0243
vn -0.4499 -0.8928 0.0222
vn 0.6764 -0.7142 0.1799
vn 0.6847 0.7288 -0.0050
vn -0.6583 -0.7526 0.0155
vn 0.6986 -0.7118 -0.0730
vn 0.6448 0.7644 -0.0057
vn -0.7247 -0.6890 0.0018
vn 0.8490 0.5284 0.0054
vn 0.7224 -0.6828 0.1093
vn -0.0024 -0.9998 -0.0189
vn 0.6128 0.7902 -0.0010
vn 0.7385 -0.6733 -0.0356
vn -0.5305 -0.8476 0.0092
vn 0.5827 0.8126 -0.0076
vn 0.7451 -0.6656 0.0427
vn 0.0351 -0.9994 0.0053
vn 0.7131 0.7010 -0.0026
vn 0.7400 -0.6375 -0.2146
vn -0.8647 -0.5023 0.0054
vn 0.5634 0.8261 0.0146
vn 0.7886 -0.5980 -0.1433
vn -0.0516 -0.9966 -0.0642
vn 0.6099 0.7924 0.0118
vn 0.8228 -0.5472 -0.1538
vn -0.4575 -0.8888 -0.0265
vn 0.5365 0.8436 0.0226
vn 0.7963 -0.5552 -0.2403
vn -0.6350 -0.7722 0.0219
vn 0.2471 0.9687 -0.0219
vn -0.0808 0.0250 -0.9964
vn -0.2744 -0.9616 -0.0105
vn -0.2996 -0.8839 -0.3592
vn -0.3118 -0.9501 -0.0101
vn 0.3881 0.9159 -0.1022
vn 0.0700 -0.0934 -0.9932
vn -0.3411 -0.9399 0.0164
vn -0.9556 0.0947 -0.2789
vn 0.1994 0.9787 -0.0488
vn -0.3761 -0.9265 -0.0111
vn -0.9468 0.2509 -0.2013
vn 0.4495 0.8933 -0.0035
vn -0.3643 -0.9313 -0.0035
vn -0.9613 0.2517 -0.1124
vn 0.2012 0.9795 -0.0054
vn -0.4964 -0.8680 -0.0153
vn -0.9732 0.2258 -0.0436
vn 0.2245 0.9745 -0.0046
vn -0.8131 -0.5811 -0.0347
vn -0.9695 0.2358 -0.0674
vn 0.1791 0.9838 -0.0118
vn -0.4176 -0.9085 -0.0167
vn 0.4329 0.9014 0.0082
vn 0.0162 0.2865 0.9579
vn 0.0054 0.9764 -0.2157
vn -0.0464 0.3151 0.9479
vn -0.0006 -0.9602 0.2792
vn 0.0084 -0.7078 0.7063
vn -0.0015 0.9690 -0.2469
vn 0.0478 0.2587 0.9648
vn 0.0224 0.8264 -0.5627
vn 0.0076 -0.7257 0.6879
vn 0.0152 0.9949 -0.1000
vn 0.0195 0.2475 0.9687
vn 0.0085 -0.9756 -0.2196
vn -0.0230 0.9947 0.0999
vn -0.0131 0.2632 0.9647
vn 0.0151 -0.7866 0.6173
vn 0.0061 0.9841 -0.1775
vn 0.0978 0.1710 0.9804
vn -0.0033 -0.9049 0.4256
vn 0.0440 0.9974 -0.0577
vn 0.1335 0.1879 0.9731
vn 0.0053 -0.9440 0.3298
vn 0.0448 0.9939 -0.1010
vn 0.4695 0.1368 0.8723
vn 0.0037 -0.9608 0.2774
vn 0.0484 0.9905 -0.1288
vn 0.8948 0.0270 0.4457
vn 0.0374 -0.9722 0.2309
vn 0.0706 0.9431 -0.3249
vn 0.9953 -0.0709 0.0660
vn 0.2139 -0.9306 0.2971
vn 0.8792 -0.2325 -0.4158
vn 0.0182 -0.9122 0.4093
vn 0.0530 0.8491 -0.5255
vn 0.3929 -0.5314 -0.7505
vn -0.0055 0.8263 -0.5632
vn -0.0349 -0.8619 0.5058
vn 0.0232 -0.6908 -0.7227
vn 0.0215 -0.8923 0.4508
vn -0.0268 0.8176 -0.5751
vn 0.1579 -0.7351 -0.6593
vn -0.0118 0.7861 -0.6180
vn 0.0064 -0.8477 0.5305
vn -0.0564 -0.7372 -0.6733
vn 0.0243 0.3964 -0.9178
vn 0.0222 -0.8928 0.4499
vn 0.1800 -0.7142 -0.6764
vn -0.0050 0.7288 -0.6847
vn 0.0155 -0.7525 0.6585
vn -0.0730 -0.7118 -0.6986
vn -0.0057 0.7644 -0.6448
vn 0.0018 -0.6890 0.7247
vn 0.0054 0.5286 -0.8489
vn 0.1093 -0.6828 -0.7224
vn -0.0189 -0.9998 0.0020
vn -0.0010 0.7902 -0.6128
vn -0.0356 -0.6733 -0.7385
vn 0.0092 -0.8476 0.5305
vn -0.0076 0.8126 -0.5827
vn 0.0427 -0.6656 -0.7451
vn 0.0053 -0.9994 -0.0352
vn -0.0026 0.7009 -0.7132
vn -0.2145 -0.6375 -0.7400
vn 0.0054 -0.5023 0.8647
vn 0.0146 0.8261 -0.5634
vn -0.1434 -0.5980 -0.7886
vn -0.0642 -0.9966 0.0514
vn 0.0118 0.7924 -0.6099
vn -0.1538 -0.5472 -0.8228
vn -0.0265 -0.8888 0.4575
vn 0.0226 0.8436 -0.5365
vn -0.2403 -0.5552 -0.7963
vn 0.0219 -0.7722 0.6350
vn -0.0219 0.9687 -0.2471
vn -0.9964 0.0249 0.0808
vn -0.0105 -0.9616 0.2744
vn -0.3592 -0.8838 0.2997
vn -0.0101 -0.9501 0.3118
vn -0.1022 0.9159 -0.3881
vn -0.9932 -0.0934 -0.0700
vn 0.0164 -0.9399 0.3411
vn -0.2789 0.0947 0.9557
vn -0.0488 0.9787 -0.1994
vn -0.0111 -0.9265 0.3761
vn -0.2013 0.2509 0.9468
vn -0.0035 0.8932 -0.4497
vn -0.0035 -0.9313 0.3643
vn -0.1124 0.2517 0.9613
vn -0.0054 0.9795 -0.2012
vn -0.0153 -0.8680 0.4964
vn -0.0436 0.2258 0.9732
vn -0.0046 0.9745 -0.2245
vn -0.0347 -0.5812 0.8130
vn -0.0674 0.2358 0.9695
vn -0.0117 0.9837 -0.1792
vn -0.0167 -0.9085 0.4176
vn 0.0082 0.9014 -0.4329
vn -0.0162 0.2865 -0.9579
vn -0.0054 0.9764 0.2157
vn 0.0463 0.3151 -0.9479
vn 0.0006 -0.9602 -0.2792
vn -0.0084 -0.7077 -0.7065
vn 0.0015 0.9690 0.2469
vn -0.0478 0.2587 -0.9648
vn -0.0224 0.8263 0.5628
vn -0.0076 -0.7259 -0.6877
vn -0.0152 0.9949 0.1000
vn -0.0195 0.2475 -0.9687
vn -0.0085 -0.9755 0.2199
vn 0.0230 0.9947 -0.0999
vn 0.0131 0.2632 -0.9647
vn -0.0151 -0.7868 -0.6171
vn -0.0061 0.9841 0.1775
vn -0.0978 0.1710 -0.9804
vn 0.0033 -0.9049 -0.4255
vn -0.0440 0.9974 0.0577
vn -0.1335 0.1879 -0.9731
vn -0.0053 -0.9440 -0.3298
vn -0.0448 0.9939 0.1010
vn -0.4695 0.1368 -0.8723
vn -0.0037 -0.9608 -0.2773
vn -0.0484 0.9905 0.1288
vn -0.8948 0.0270 -0.4457
vn -0.0374 -0.9722 -0.2309
vn -0.0706 0.9431 0.3249
vn -0.9953 -0.0708 -0.0661
vn -0.2139 -0.9306 -0.2971
vn -0.8792 -0.2325 0.4158
vn -0.0182 -0.9122 -0.4093
vn -0.0530 0.8491 0.5255
vn -0.3930 -0.5314 0.7505
vn 0.0055 0.8263 0.5632
vn 0.0350 -0.8619 -0.5058
vn -0.0232 -0.6908 0.7227
vn -0.0215 -0.8923 -0.4509
vn 0.0268 0.8176 0.5752
vn -0.1579 -0.7351 0.6593
vn 0.0118 0.7861 0.6180
vn -0.0064 -0.8477 -0.5305
vn 0.0563 -0.7372 0.6733
vn -0.0243 0.3966 0.9177
vn -0.0222 -0.8928 -0.4499
vn -0.1799 -0.7142 0.6764
vn 0.0050 0.7288 0.6847
vn -0.0155 -0.7525 -0.6584
vn 0.0729 -0.7118 0.6986
vn 0.0057 0.7644 0.6448
vn -0.0018 -0.6890 -0.7247
vn -0.0054 0.5283 0.8491
vn -0.1093 -0.6828 0.7224
vn 0.0189 -0.9998 -0.0019
vn 0.0010 0.7902 0.6129
vn 0.0356 -0.6733 0.7385
vn -0.0092 -0.8476 -0.5305
vn 0.0076 0.8126 0.5827
vn -0.0427 -0.6656 0.7451
vn -0.0053 -0.9994 0.0352
vn 0.0026 0.7009 0.7132
vn 0.2146 -0.6375 0.7400
vn -0.0054 -0.5023 -0.8646
vn -0.0146 0.8261 0.5634
vn 0.1433 -0.5980 0.7886
vn 0.0642 -0.9966 -0.0517
vn -0.0118 0.7925 0.6098
vn 0.1538 -0.5471 0.8228
vn 0.0265 -0.8888 -0.4575
vn -0.0226 0.8436 0.5365
vn 0.2403 -0.5552 0.7963
vn -0.0219 -0.7722 -0.6350
vn 0.0219 0.9687 0.2471
vn 0.9964 0.0250 -0.0808
vn 0.0105 -0.9616 -0.2744
vn 0.3592 -0.8839 -0.2996
vn 0.0101 -0.9501 -0.3118
vn 0.1022 0.9159 0.3881
vn 0.9932 -0.0933 0.0699
vn -0.0164 -0.9399 -0.3411
vn 0.2789 0.0947 -0.9557
vn 0.0488 0.9787 0.1994
vn 0.0111 -0.9265 -0.3761
vn 0.2013 0.2509 -0.9468
vn 0.0035 0.8932 0.4496
vn 0.0035 -0.9313 -0.3643
vn 0.1124 0.2517 -0.9613
vn 0.0054 0.9795 0.2012
vn 0.0153 -0.8680 -0.4964
vn 0.0436 0.2258 -0.9732
vn 0.0046 0.9745 0.2245
vn 0.0347 -0.5812 -0.8130
vn 0.0674 0.2358 -0.9695
vn 0.0118 0.9838 0.1791
vn 0.0167 -0.9085 -0.4175
vn -0.0082 0.9014 0.4329
vt 0.715099 0.654269
vt 0.722671 0.677261
vt 0.705153 0.683632
vt 0.715543 0.258102
vt 0.727097 0.235056
vt 0.734620 0.256209
vt 0.730850 0.656664
vt 0.723961 0.631070
vt 0.738570 0.635268
vt 0.724648 0.281207
vt 0.741290 0.275041
vt 0.747493 0.613153
vt 0.724029 0.630838
vt 0.735081 0.604508
vt 0.724623 0.281139
vt 0.749630 0.295938
vt 0.735455 0.307560
vt 0.755079 0.591428
vt 0.734903 0.604770
vt 0.746418 0.575170
vt 0.735488 0.307601
vt 0.758247 0.319067
vt 0.747016 0.337196
vt 0.764703 0.566451
vt 0.746300 0.575233
vt 0.759631 0.541220
vt 0.746985 0.337177
vt 0.768919 0.347761
vt 0.761451 0.370723
vt 0.777941 0.536586
vt 0.760357 0.541085
vt 0.776359 0.505616
vt 0.761390 0.370703
vt 0.779867 0.375094
vt 0.777120 0.406294
vt 0.789216 0.516333
vt 0.776205 0.505624
vt 0.795694 0.467233
vt 0.777105 0.406292
vt 0.788649 0.395908
vt 0.796707 0.444626
vt 0.802443 0.496581
vt 0.794890 0.467134
vt 0.813613 0.455752
vt 0.795660 0.444787
vt 0.804660 0.412412
vt 0.814467 0.456030
vt 0.816148 0.497932
vt 0.814532 0.456015
vt 0.833113 0.456101
vt 0.816579 0.411136
vt 0.849820 0.466791
vt 0.834994 0.456915
vt 0.850646 0.444766
vt 0.827012 0.400954
vt 0.828373 0.506223
vt 0.853799 0.488903
vt 0.826063 0.530030
vt 0.852817 0.423720
vt 0.828294 0.384668
vt 0.849955 0.533396
vt 0.854430 0.489336
vt 0.849062 0.379764
vt 0.822752 0.357865
vt 0.821738 0.552904
vt 0.839206 0.571038
vt 0.813135 0.584457
vt 0.838770 0.341386
vt 0.813626 0.331023
vt 0.827651 0.605542
vt 0.805133 0.610952
vt 0.827218 0.307014
vt 0.805063 0.302042
vt 0.817170 0.635480
vt 0.797804 0.634960
vt 0.816414 0.276883
vt 0.796570 0.278937
vt 0.807905 0.662484
vt 0.790098 0.656160
vt 0.807051 0.250083
vt 0.788928 0.257864
vt 0.782930 0.676275
vt 0.798801 0.685604
vt 0.807170 0.250364
vt 0.781207 0.238286
vt 0.798347 0.227132
vt 0.775234 0.696191
vt 0.798870 0.685484
vt 0.786729 0.714029
vt 0.798190 0.226894
vt 0.771897 0.215837
vt 0.785765 0.198472
vt 0.765144 0.720199
vt 0.786640 0.714086
vt 0.774174 0.740695
vt 0.785784 0.198487
vt 0.762818 0.192616
vt 0.773184 0.171941
vt 0.757472 0.740372
vt 0.759811 0.770901
vt 0.773092 0.171895
vt 0.752467 0.166683
vt 0.758556 0.141771
vt 0.746366 0.765697
vt 0.759918 0.770893
vt 0.744393 0.800767
vt 0.759126 0.141917
vt 0.741548 0.140761
vt 0.744091 0.111793
vt 0.732475 0.795249
vt 0.744570 0.800777
vt 0.726186 0.832049
vt 0.731703 0.118802
vt 0.743816 0.111771
vt 0.720669 0.815325
vt 0.726229 0.832056
vt 0.705579 0.863771
vt 0.725225 0.080547
vt 0.717259 0.091683
vt 0.704337 0.048988
vt 0.696986 0.854322
vt 0.678658 0.901424
vt 0.695466 0.058572
vt 0.704599 0.048910
vt 0.709441 0.786672
vt 0.676680 0.900605
vt 0.710776 0.125306
vt 0.719121 0.146439
vt 0.675369 0.846170
vt 0.711855 0.787533
vt 0.663528 0.895786
vt 0.710939 0.125242
vt 0.673957 0.066762
vt 0.661377 0.017550
vt 0.664958 0.849062
vt 0.682178 0.800929
vt 0.665374 0.063669
vt 0.688792 0.111023
vt 0.669995 0.811352
vt 0.687926 0.778583
vt 0.670493 0.101115
vt 0.694966 0.132528
vt 0.677407 0.775816
vt 0.696000 0.751787
vt 0.677767 0.136499
vt 0.702774 0.160762
vt 0.686833 0.743666
vt 0.706026 0.724172
vt 0.687391 0.168615
vt 0.712099 0.190199
vt 0.696738 0.711790
vt 0.714462 0.699435
vt 0.697334 0.200377
vt 0.719407 0.213946
vt 0.705160 0.683652
vt 0.705270 0.228668
vt 0.718307 0.765626
vt 0.581012 0.031341
vt 0.518748 0.075329
vt 0.571875 0.022203
vt 0.513225 0.080853
vt 0.465622 0.022203
vt 0.450961 0.018589
vt 0.460098 0.027727
vt 0.522363 0.089991
vt 0.460099 0.133979
vt 0.581012 0.137594
vt 0.575489 0.143117
vt 0.527886 0.084467
vt 0.305166 0.801028
vt 0.278879 0.697232
vt 0.279184 0.698360
vt 0.112736 0.797106
vt 0.016879 0.635596
vt 0.178388 0.539737
vt 0.304669 0.800304
vt 0.279425 0.699417
vt 0.304230 0.799729
vt 0.279606 0.700402
vt 0.303215 0.796346
vt 0.305231 0.796594
vt 0.305303 0.799296
vt 0.303906 0.799353
vt 0.279730 0.701315
vt 0.303627 0.799027
vt 0.279799 0.702155
vt 0.303379 0.798729
vt 0.279818 0.702919
vt 0.303163 0.798455
vt 0.279789 0.703608
vt 0.303036 0.798102
vt 0.279716 0.704219
vt 0.302946 0.797773
vt 0.279602 0.704752
vt 0.302912 0.797444
vt 0.279449 0.705206
vt 0.302910 0.797153
vt 0.279261 0.705581
vt 0.302953 0.796878
vt 0.279042 0.705875
vt 0.303023 0.796647
vt 0.278793 0.706087
vt 0.303118 0.796461
vt 0.278519 0.706218
vt 0.303244 0.796312
vt 0.278221 0.706266
vt 0.303440 0.796165
vt 0.277903 0.706230
vt 0.303664 0.796066
vt 0.277569 0.706110
vt 0.303904 0.796009
vt 0.277220 0.705905
vt 0.304156 0.796010
vt 0.276859 0.705615
vt 0.304404 0.796064
vt 0.276491 0.705239
vt 0.304655 0.796175
vt 0.276117 0.704776
vt 0.304905 0.796341
vt 0.275741 0.704226
vt 0.305143 0.796559
vt 0.275365 0.703588
vt 0.305237 0.796774
vt 0.274992 0.702861
vt 0.305307 0.797027
vt 0.274627 0.702046
vt 0.305376 0.797328
vt 0.274271 0.701141
vt 0.305443 0.797678
vt 0.276286 0.690622
vt 0.305430 0.798027
vt 0.276956 0.692066
vt 0.305415 0.798432
vt 0.277548 0.693451
vt 0.305351 0.798864
vt 0.278064 0.694776
vt 0.305280 0.799367
vt 0.278506 0.696037
vt 0.305210 0.800098
vt 0.280986 0.288646
vt 0.217712 0.331624
vt 0.270839 0.278498
vt 0.223237 0.219848
vt 0.217713 0.225371
vt 0.286509 0.283122
vt 0.276362 0.272975
vt 0.339636 0.229996
vt 0.329489 0.219849
vt 0.339636 0.336248
vt 0.207566 0.215224
vt 0.159683 0.252914
vt 0.138087 0.241977
vt 0.145996 0.225098
vt 0.439064 0.533797
vt 0.447151 0.558276
vt 0.426890 0.548606
vt 0.146836 0.262339
vt 0.169785 0.275600
vt 0.156475 0.282941
vt 0.416304 0.523862
vt 0.408870 0.539978
vt 0.165768 0.304904
vt 0.169900 0.275813
vt 0.180662 0.302263
vt 0.416369 0.523892
vt 0.388211 0.531067
vt 0.390044 0.512828
vt 0.175734 0.325645
vt 0.180604 0.301952
vt 0.193346 0.331044
vt 0.389992 0.512823
vt 0.365779 0.520770
vt 0.360934 0.500002
vt 0.186552 0.350128
vt 0.193385 0.330916
vt 0.207958 0.364416
vt 0.360969 0.499994
vt 0.337963 0.507983
vt 0.327041 0.486448
vt 0.198262 0.380625
vt 0.207539 0.365025
vt 0.221248 0.401441
vt 0.327098 0.486420
vt 0.310913 0.496355
vt 0.290831 0.472320
vt 0.204576 0.402928
vt 0.221351 0.401327
vt 0.234653 0.442275
vt 0.290843 0.472310
vt 0.289998 0.487814
vt 0.249897 0.459001
vt 0.209154 0.426256
vt 0.235292 0.441778
vt 0.230068 0.463057
vt 0.250524 0.458147
vt 0.267007 0.487430
vt 0.229268 0.463463
vt 0.198494 0.434974
vt 0.229232 0.463520
vt 0.216012 0.476576
vt 0.259467 0.496748
vt 0.196633 0.480802
vt 0.214106 0.477328
vt 0.211598 0.496982
vt 0.259266 0.511326
vt 0.183983 0.437733
vt 0.178204 0.467950
vt 0.168811 0.419242
vt 0.224919 0.513420
vt 0.269857 0.523764
vt 0.149514 0.433727
vt 0.177451 0.468089
vt 0.258611 0.541899
vt 0.292704 0.538834
vt 0.155724 0.399990
vt 0.130551 0.399479
vt 0.139540 0.371570
vt 0.292995 0.561813
vt 0.318119 0.551400
vt 0.114374 0.366885
vt 0.126502 0.347157
vt 0.325443 0.578000
vt 0.344643 0.565880
vt 0.100660 0.338284
vt 0.114742 0.324980
vt 0.354366 0.591711
vt 0.366970 0.576247
vt 0.088156 0.312618
vt 0.105232 0.304524
vt 0.379918 0.604081
vt 0.387260 0.585776
vt 0.096108 0.285219
vt 0.078282 0.289817
vt 0.379636 0.603965
vt 0.406550 0.594190
vt 0.402286 0.614190
vt 0.087497 0.265681
vt 0.078317 0.289951
vt 0.066763 0.261164
vt 0.402565 0.614247
vt 0.428992 0.603516
vt 0.431431 0.625604
vt 0.077693 0.241554
vt 0.066786 0.261060
vt 0.056828 0.233415
vt 0.431407 0.625607
vt 0.451817 0.613551
vt 0.459072 0.635512
vt 0.068884 0.221852
vt 0.045673 0.201882
vt 0.459170 0.635479
vt 0.477456 0.624609
vt 0.490732 0.646551
vt 0.058869 0.196076
vt 0.045604 0.201963
vt 0.035507 0.169846
vt 0.490225 0.646850
vt 0.503490 0.635258
vt 0.522141 0.657569
vt 0.047844 0.165339
vt 0.035375 0.169964
vt 0.026316 0.134838
vt 0.525965 0.643860
vt 0.522351 0.657391
vt 0.042031 0.142786
vt 0.026281 0.134862
vt 0.018514 0.097823
vt 0.557562 0.666379
vt 0.555341 0.652869
vt 0.594636 0.673982
vt 0.031271 0.098448
vt 0.010997 0.052151
vt 0.594151 0.660932
vt 0.594505 0.674223
vt 0.070212 0.155151
vt 0.012976 0.051334
vt 0.536195 0.624479
vt 0.515364 0.615404
vt 0.052336 0.088959
vt 0.067894 0.156246
vt 0.025693 0.045462
vt 0.536124 0.624639
vt 0.603602 0.639946
vt 0.647255 0.665917
vt 0.057666 0.079562
vt 0.079454 0.125806
vt 0.611865 0.636078
vt 0.561848 0.619073
vt 0.080723 0.109824
vt 0.091160 0.145690
vt 0.581802 0.613171
vt 0.542293 0.608202
vt 0.100563 0.140223
vt 0.104360 0.170368
vt 0.551670 0.593248
vt 0.516829 0.593719
vt 0.116585 0.169646
vt 0.116756 0.197003
vt 0.522180 0.577298
vt 0.489443 0.579456
vt 0.132075 0.199215
vt 0.128246 0.220478
vt 0.492714 0.561823
vt 0.467502 0.567797
vt 0.145976 0.225088
vt 0.467120 0.547389
vt 0.078791 0.176316
vt 0.532812 0.439598
vt 0.554407 0.450534
vt 0.546500 0.467414
vt 0.253422 0.158714
vt 0.245338 0.134236
vt 0.265600 0.143908
vt 0.545659 0.430173
vt 0.522710 0.416912
vt 0.536019 0.409570
vt 0.276192 0.168650
vt 0.283621 0.152534
vt 0.526726 0.387609
vt 0.522595 0.416699
vt 0.511832 0.390250
vt 0.276122 0.168620
vt 0.304280 0.161446
vt 0.302447 0.179684
vt 0.516760 0.366867
vt 0.511890 0.390560
vt 0.499147 0.361468
vt 0.302499 0.179689
vt 0.326712 0.171743
vt 0.331557 0.192510
vt 0.505941 0.342384
vt 0.499108 0.361596
vt 0.484536 0.328096
vt 0.331522 0.192518
vt 0.354528 0.184530
vt 0.365450 0.206064
vt 0.494231 0.311888
vt 0.484954 0.327488
vt 0.471244 0.291072
vt 0.365393 0.206093
vt 0.381578 0.196158
vt 0.401660 0.220193
vt 0.487917 0.289584
vt 0.471141 0.291186
vt 0.457839 0.250239
vt 0.401648 0.220203
vt 0.402493 0.204699
vt 0.442594 0.233512
vt 0.483338 0.266257
vt 0.457199 0.250736
vt 0.462423 0.229456
vt 0.441966 0.234366
vt 0.425484 0.205083
vt 0.463223 0.229050
vt 0.493998 0.257538
vt 0.463259 0.228993
vt 0.476479 0.215937
vt 0.433024 0.195765
vt 0.495858 0.211711
vt 0.478385 0.215184
vt 0.480894 0.195531
vt 0.433225 0.181187
vt 0.508509 0.254779
vt 0.514287 0.224562
vt 0.523681 0.273270
vt 0.467572 0.179093
vt 0.422634 0.168749
vt 0.542978 0.258785
vt 0.515040 0.224423
vt 0.433880 0.150613
vt 0.399787 0.153679
vt 0.536768 0.292522
vt 0.561942 0.293032
vt 0.552953 0.320942
vt 0.399496 0.130700
vt 0.374372 0.141112
vt 0.578119 0.325626
vt 0.565992 0.345355
vt 0.367048 0.114513
vt 0.347848 0.126633
vt 0.591834 0.354227
vt 0.577751 0.367531
vt 0.338125 0.100801
vt 0.325521 0.116265
vt 0.604337 0.379893
vt 0.587262 0.387986
vt 0.312573 0.088431
vt 0.305231 0.106736
vt 0.596387 0.407292
vt 0.614212 0.402693
vt 0.312855 0.088547
vt 0.285941 0.098323
vt 0.290205 0.078323
vt 0.604998 0.426830
vt 0.614177 0.402560
vt 0.625732 0.431347
vt 0.289926 0.078265
vt 0.263499 0.088996
vt 0.261061 0.066907
vt 0.614802 0.450956
vt 0.625709 0.431451
vt 0.635667 0.459095
vt 0.261085 0.066905
vt 0.240675 0.078960
vt 0.233421 0.056999
vt 0.623611 0.470659
vt 0.646823 0.490628
vt 0.233323 0.057032
vt 0.215036 0.067901
vt 0.201761 0.045959
vt 0.633627 0.496435
vt 0.646892 0.490547
vt 0.656989 0.522664
vt 0.202268 0.045660
vt 0.189003 0.057251
vt 0.170353 0.034940
vt 0.644652 0.527171
vt 0.657122 0.522546
vt 0.666181 0.557672
vt 0.166528 0.048649
vt 0.170143 0.035117
vt 0.650466 0.549724
vt 0.666216 0.557647
vt 0.673984 0.594687
vt 0.134932 0.026129
vt 0.137152 0.039639
vt 0.097858 0.018525
vt 0.661227 0.594061
vt 0.681502 0.640359
vt 0.098342 0.031575
vt 0.097988 0.018284
vt 0.622285 0.537359
vt 0.679523 0.641176
vt 0.156298 0.068030
vt 0.177128 0.077105
vt 0.640162 0.603551
vt 0.624602 0.536265
vt 0.666806 0.647048
vt 0.156368 0.067869
vt 0.088891 0.052560
vt 0.045238 0.026588
vt 0.634831 0.612949
vt 0.613043 0.566705
vt 0.080628 0.056429
vt 0.130645 0.073434
vt 0.611775 0.582687
vt 0.601337 0.546821
vt 0.110689 0.079336
vt 0.150199 0.084306
vt 0.591934 0.552288
vt 0.588136 0.522143
vt 0.140822 0.099260
vt 0.175663 0.098789
vt 0.575911 0.522865
vt 0.575740 0.495508
vt 0.170311 0.115211
vt 0.203048 0.113054
vt 0.560421 0.493297
vt 0.564250 0.472033
vt 0.199776 0.130687
vt 0.224988 0.124713
vt 0.546519 0.467423
vt 0.225370 0.145121
vt 0.613705 0.516195
vt 0.849661 0.654380
vt 0.857234 0.677374
vt 0.839715 0.683745
vt 0.850107 0.258186
vt 0.861662 0.235139
vt 0.869185 0.256293
vt 0.865414 0.656776
vt 0.858524 0.631180
vt 0.873134 0.635378
vt 0.859212 0.281292
vt 0.875856 0.275127
vt 0.882058 0.613262
vt 0.858593 0.630948
vt 0.869645 0.604616
vt 0.859187 0.281225
vt 0.884196 0.296025
vt 0.870020 0.307648
vt 0.889645 0.591536
vt 0.869467 0.604878
vt 0.880983 0.575276
vt 0.870054 0.307688
vt 0.892813 0.319155
vt 0.881582 0.337285
vt 0.899270 0.566557
vt 0.880865 0.575340
vt 0.894197 0.541324
vt 0.881551 0.337266
vt 0.903486 0.347851
vt 0.896018 0.370815
vt 0.912508 0.536690
vt 0.894923 0.541189
vt 0.910926 0.505717
vt 0.895957 0.370795
vt 0.914435 0.375186
vt 0.911688 0.406388
vt 0.923784 0.516435
vt 0.910772 0.505726
vt 0.930263 0.467332
vt 0.911672 0.406386
vt 0.923217 0.396002
vt 0.931276 0.444723
vt 0.937012 0.496681
vt 0.929459 0.467233
vt 0.948183 0.455850
vt 0.930229 0.444885
vt 0.939230 0.412507
vt 0.949037 0.456127
vt 0.950718 0.498033
vt 0.949102 0.456113
vt 0.967684 0.456199
vt 0.951149 0.411231
vt 0.984392 0.466889
vt 0.969566 0.457013
vt 0.985218 0.444864
vt 0.961584 0.401048
vt 0.962944 0.506325
vt 0.988371 0.489003
vt 0.960633 0.530133
vt 0.987389 0.423816
vt 0.962865 0.384761
vt 0.984528 0.533499
vt 0.989003 0.489437
vt 0.983634 0.379857
vt 0.957323 0.357957
vt 0.956308 0.553009
vt 0.973777 0.571144
vt 0.947704 0.584565
vt 0.973342 0.341476
vt 0.948196 0.331112
vt 0.962221 0.605651
vt 0.939702 0.611061
vt 0.961789 0.307101
vt 0.939633 0.302130
vt 0.951740 0.635591
vt 0.932372 0.635070
vt 0.950985 0.276969
vt 0.931140 0.279023
vt 0.942474 0.662597
vt 0.924665 0.656272
vt 0.941621 0.250166
vt 0.923497 0.257948
vt 0.917497 0.676388
vt 0.933369 0.685717
vt 0.941739 0.250448
vt 0.915775 0.238369
vt 0.932917 0.227214
vt 0.909800 0.696305
vt 0.933439 0.685598
vt 0.921296 0.714144
vt 0.932760 0.226977
vt 0.906465 0.215919
vt 0.920334 0.198553
vt 0.899710 0.720315
vt 0.921207 0.714202
vt 0.908740 0.740812
vt 0.920352 0.198567
vt 0.897385 0.192696
vt 0.907752 0.172020
vt 0.892040 0.740494
vt 0.908745 0.740798
vt 0.894436 0.771025
vt 0.907660 0.171974
vt 0.887034 0.166761
vt 0.893123 0.141847
vt 0.880902 0.765811
vt 0.878876 0.800853
vt 0.893692 0.141993
vt 0.876114 0.140838
vt 0.878657 0.111868
vt 0.867007 0.795339
vt 0.879093 0.800868
vt 0.860708 0.832113
vt 0.866269 0.118877
vt 0.878383 0.111845
vt 0.855200 0.815398
vt 0.860750 0.832120
vt 0.840101 0.863807
vt 0.859790 0.080619
vt 0.851824 0.091755
vt 0.838900 0.049057
vt 0.831517 0.854360
vt 0.813181 0.901424
vt 0.830029 0.058643
vt 0.839162 0.048979
vt 0.843992 0.786758
vt 0.811205 0.900605
vt 0.845340 0.125381
vt 0.853686 0.146515
vt 0.809929 0.846242
vt 0.846409 0.787628
vt 0.798088 0.895839
vt 0.845503 0.125317
vt 0.808518 0.066833
vt 0.795937 0.017617
vt 0.799523 0.849132
vt 0.816740 0.801017
vt 0.799935 0.063739
vt 0.823354 0.111097
vt 0.804561 0.811435
vt 0.822488 0.778679
vt 0.805054 0.101188
vt 0.829528 0.132603
vt 0.811973 0.775912
vt 0.830562 0.751892
vt 0.812328 0.136574
vt 0.837338 0.160840
vt 0.821397 0.743772
vt 0.840587 0.724287
vt 0.821953 0.168692
vt 0.846663 0.190278
vt 0.831300 0.711905
vt 0.849025 0.699549
vt 0.831897 0.200457
vt 0.853971 0.214027
vt 0.839722 0.683765
vt 0.839833 0.228750
vt 0.852861 0.765729
vt 0.705211 0.228873
vt 0.715097 0.654282
vt 0.715542 0.258089
vt 0.836013 0.454926
vt 0.850349 0.467083
vt 0.849204 0.445514
vt 0.852501 0.423917
vt 0.850093 0.533596
vt 0.849860 0.378768
vt 0.839126 0.570885
vt 0.838643 0.341688
vt 0.827640 0.605497
vt 0.827280 0.306727
vt 0.816431 0.277053
vt 0.725401 0.080517
vt 0.677370 0.011479
vt 0.676529 0.011811
vt 0.661189 0.895168
vt 0.661189 0.017598
vt 0.663997 0.848707
vt 0.665484 0.063614
vt 0.669463 0.811055
vt 0.677359 0.775779
vt 0.677703 0.136564
vt 0.687517 0.168471
vt 0.696752 0.711810
vt 0.456484 0.013065
vt 0.469236 0.143117
vt 0.202563 0.548016
vt 0.224606 0.560716
vt 0.243580 0.576860
vt 0.259885 0.601326
vt 0.271051 0.627763
vt 0.276845 0.655871
vt 0.265402 0.725627
vt 0.251925 0.747915
vt 0.234359 0.767145
vt 0.213379 0.782577
vt 0.189791 0.793622
vt 0.164503 0.799851
vt 0.138485 0.801028
vt 0.088263 0.788229
vt 0.065990 0.774748
vt 0.046776 0.757182
vt 0.031358 0.736204
vt 0.020328 0.712621
vt 0.014112 0.687340
vt 0.012948 0.661331
vt 0.025756 0.611122
vt 0.039236 0.588850
vt 0.056803 0.569635
vt 0.077780 0.554217
vt 0.101363 0.543187
vt 0.126644 0.536971
vt 0.152653 0.535807
vt 0.305222 0.800041
vt 0.305073 0.800689
vt 0.304637 0.800278
vt 0.304174 0.799676
vt 0.303887 0.799372
vt 0.303614 0.799056
vt 0.303367 0.798759
vt 0.303123 0.798536
vt 0.303020 0.798129
vt 0.302921 0.797811
vt 0.302900 0.797462
vt 0.302891 0.797182
vt 0.302945 0.796890
vt 0.303016 0.796659
vt 0.303110 0.796475
vt 0.304169 0.796014
vt 0.304415 0.796068
vt 0.304669 0.796178
vt 0.304927 0.796347
vt 0.305265 0.796791
vt 0.305325 0.797039
vt 0.305450 0.798041
vt 0.305459 0.798461
vt 0.305375 0.798872
vt 0.227859 0.341772
vt 0.334112 0.341772
vt 0.213089 0.209700
vt 0.467017 0.547202
vt 0.159675 0.252904
vt 0.439074 0.533806
vt 0.214788 0.479456
vt 0.196053 0.480968
vt 0.212091 0.495435
vt 0.225004 0.513058
vt 0.149275 0.433682
vt 0.258749 0.543167
vt 0.130716 0.399532
vt 0.292871 0.561510
vt 0.114413 0.366910
vt 0.325602 0.578247
vt 0.354235 0.591603
vt 0.557458 0.666524
vt 0.640215 0.681508
vt 0.640576 0.680679
vt 0.027785 0.044247
vt 0.647354 0.665750
vt 0.058598 0.079134
vt 0.611825 0.636193
vt 0.081310 0.109658
vt 0.100623 0.140215
vt 0.551669 0.593156
vt 0.522192 0.577488
vt 0.132051 0.199211
vt 0.225472 0.145305
vt 0.532820 0.439608
vt 0.477703 0.213057
vt 0.496438 0.211544
vt 0.480400 0.197078
vt 0.467487 0.179455
vt 0.543216 0.258830
vt 0.433742 0.149345
vt 0.561777 0.292980
vt 0.399620 0.131003
vt 0.578080 0.325602
vt 0.366889 0.114265
vt 0.338256 0.100910
vt 0.135036 0.025984
vt 0.052279 0.010997
vt 0.051918 0.011826
vt 0.664713 0.648263
vt 0.045139 0.026755
vt 0.633900 0.613376
vt 0.080667 0.056313
vt 0.611188 0.582853
vt 0.591873 0.552295
vt 0.140823 0.099352
vt 0.170299 0.115021
vt 0.560445 0.493301
vt 0.839774 0.228956
vt 0.849659 0.654393
vt 0.850106 0.258173
vt 0.970584 0.455024
vt 0.984921 0.467182
vt 0.983776 0.445611
vt 0.987073 0.424012
vt 0.984665 0.533699
vt 0.984432 0.378861
vt 0.973697 0.570990
vt 0.973215 0.341778
vt 0.962211 0.605606
vt 0.961851 0.306814
vt 0.951002 0.277138
vt 0.859966 0.080589
vt 0.811932 0.011546
vt 0.811091 0.011878
vt 0.795749 0.895222
vt 0.795749 0.017666
vt 0.798562 0.848777
vt 0.800045 0.063685
vt 0.804029 0.811138
vt 0.811925 0.775874
vt 0.812264 0.136640
vt 0.821398 0.743788
vt 0.822079 0.168549
vt 0.831313 0.711925
s 1
usemtl マテリアル.006
f 2323/4741/1702 2418/4742/1703 2324/4743/1704
f 2323/4744/1702 2417/4745/1705 2326/4746/1706
f 2325/4747/1707 2327/4748/1708 2328/4749/1709
f 2327/4750/1708 2326/4746/1706 2329/4751/1710
f 2331/4752/1711 2327/4753/1708 2330/4754/1712
f 2327/4755/1708 2332/4756/1713 2330/4757/1712
f 2334/4758/1714 2330/4759/1712 2333/4760/1715
f 2330/4761/1712 2335/4762/1716 2333/4763/1715
f 2337/4764/1717 2333/4765/1715 2336/4766/1718
f 2333/4767/1715 2338/4768/1719 2336/4769/1718
f 2340/4770/1720 2336/4771/1718 2339/4772/1721
f 2336/4773/1718 2341/4774/1722 2339/4775/1721
f 2343/4776/1723 2339/4777/1721 2342/4778/1724
f 2339/4779/1721 2344/4780/1725 2342/4781/1724
f 2346/4782/1726 2342/4783/1724 2345/4784/1727
f 2342/4785/1724 2347/4786/1728 2345/4787/1727
f 2349/4788/1729 2345/4789/1727 2348/4790/1730
f 2350/4791/1731 2345/4789/1727 2347/4786/1728
f 2351/4792/1732 2349/4788/1729 2348/4793/1730
f 2351/4794/1732 2350/4791/1731 2353/4795/1733
f 2352/4796/1734 2354/4797/1735 2355/4798/1736
f 2354/4799/1735 2353/4795/1733 2356/4800/1737
f 2357/4801/1738 2355/4798/1736 2354/4802/1735
f 2357/4803/1738 2356/4800/1737 2359/4804/1739
f 2358/4805/1740 2360/4806/1741 2361/4807/1742
f 2360/4808/1741 2359/4804/1739 2362/4809/1743
f 2361/4807/1742 2363/4810/1744 2364/4811/1745
f 2363/4812/1744 2362/4809/1743 2365/4813/1746
f 2364/4811/1745 2366/4814/1747 2367/4815/1748
f 2366/4816/1747 2365/4813/1746 2368/4817/1749
f 2367/4815/1748 2369/4818/1750 2370/4819/1751
f 2369/4820/1750 2368/4817/1749 2371/4821/1752
f 2373/4822/1753 2369/4818/1750 2372/4823/1754
f 2369/4824/1750 2374/4825/1755 2372/4826/1754
f 2376/4827/1756 2372/4828/1754 2375/4829/1757
f 2372/4830/1754 2377/4831/1758 2375/4832/1757
f 2379/4833/1759 2375/4834/1757 2378/4835/1760
f 2375/4836/1757 2380/4837/1761 2378/4838/1760
f 2382/4839/1762 2378/4835/1760 2381/4840/1763
f 2378/4841/1760 2383/4842/1764 2381/4843/1763
f 2385/4844/1765 2381/4845/1763 2384/4846/1766
f 2381/4847/1763 2386/4848/1767 2384/4849/1766
f 2388/4850/1768 2384/4851/1766 2387/4852/1769
f 2389/4853/1770 2384/4854/1766 2386/4848/1767
f 2391/4855/1771 2387/4856/1769 2390/4857/1772
f 2387/4858/1769 2392/4859/1773 2390/4860/1772
f 2394/4861/1774 2390/4857/1772 2393/4862/1775
f 2395/4863/1776 2390/4864/1772 2392/4859/1773
f 2396/4865/1777 2394/4861/1774 2393/4866/1775
f 2396/4867/1777 2395/4863/1776 2398/4868/1778
f 2400/4869/1779 2396/4870/1777 2399/4871/1780
f 2396/4872/1777 2401/4873/1781 2399/4874/1780
f 2400/4869/1779 2402/4875/1782 2403/4876/1783
f 2402/4877/1782 2401/4873/1781 2404/4878/1784
f 2403/4876/1783 2405/4879/1785 2406/4880/1786
f 2405/4881/1785 2404/4878/1784 2407/4882/1787
f 2406/4880/1786 2408/4883/1788 2409/4884/1789
f 2408/4885/1788 2407/4882/1787 2410/4886/1790
f 2409/4884/1789 2411/4887/1791 2412/4888/1792
f 2411/4889/1791 2410/4886/1790 2413/4890/1793
f 2412/4888/1792 2414/4891/1794 2415/4892/1795
f 2414/4893/1794 2413/4890/1793 2416/4894/1796
f 2415/4892/1795 2324/4895/1704 2418/4742/1703
f 2324/4896/1704 2416/4894/1796 2417/4745/1705
f 2398/4868/1778 2377/4831/1758 2362/4809/1743
f 2379/4833/1759 2397/4897/1797 2325/4747/1707
f 2421/4898/1798 2420/4899/1799 2419/4900/1800
f 2423/4901/1801 2419/4902/1800 2420/4899/1799
f 2424/4903/1802 2419/4902/1800 2422/4904/1803
f 2425/4905/1804 2422/4906/1803 2423/4901/1801
f 2425/4905/1804 2421/4907/1798 2424/4908/1802
f 2426/4909/1805 2423/4901/1801 2420/4899/1799
f 2429/4910/1806 2428/4911/1807 2427/4912/1808
f 2462/4913/1809 2446/4914/1810 2430/4915/1811
f 2432/4916/1812 2427/4912/1808 2430/4917/1811
f 2433/4918/1813 2430/4917/1811 2431/4919/1814
f 2457/4920/1815 2473/4921/1816 2489/4922/1817
f 2434/4923/1818 2431/4919/1814 2436/4924/1819
f 2435/4925/1820 2436/4924/1819 2437/4926/1821
f 2440/4927/1822 2437/4926/1821 2438/4928/1823
f 2441/4929/1824 2438/4928/1823 2439/4930/1825
f 2442/4931/1826 2439/4930/1825 2444/4932/1827
f 2443/4933/1828 2444/4932/1827 2445/4934/1829
f 2448/4935/1830 2445/4934/1829 2446/4936/1810
f 2449/4937/1831 2446/4936/1810 2447/4938/1832
f 2450/4939/1833 2447/4938/1832 2452/4940/1834
f 2451/4941/1835 2452/4940/1834 2453/4942/1836
f 2456/4943/1837 2453/4942/1836 2454/4944/1838
f 2457/4945/1815 2454/4944/1838 2455/4946/1839
f 2458/4947/1840 2455/4946/1839 2460/4948/1841
f 2459/4949/1842 2460/4948/1841 2461/4950/1843
f 2464/4951/1844 2461/4950/1843 2462/4952/1809
f 2465/4953/1845 2462/4952/1809 2463/4954/1846
f 2466/4955/1847 2463/4954/1846 2468/4956/1848
f 2467/4957/1849 2468/4956/1848 2469/4958/1850
f 2472/4959/1851 2469/4958/1850 2470/4960/1852
f 2473/4961/1816 2470/4960/1852 2471/4962/1853
f 2474/4963/1854 2471/4962/1853 2476/4964/1855
f 2475/4965/1856 2476/4964/1855 2477/4966/1857
f 2480/4967/1858 2477/4966/1857 2478/4968/1859
f 2481/4969/1860 2478/4968/1859 2479/4970/1861
f 2482/4971/1862 2479/4970/1861 2484/4972/1863
f 2483/4973/1864 2484/4972/1863 2485/4974/1865
f 2488/4975/1866 2485/4974/1865 2486/4976/1867
f 2489/4977/1817 2486/4976/1867 2487/4978/1868
f 2490/4979/1869 2487/4978/1868 2428/4911/1807
f 2493/4980/1805 2492/4981/1801 2491/4982/1799
f 2495/4983/1803 2491/4982/1799 2492/4984/1801
f 2496/4985/1798 2491/4982/1799 2494/4986/1800
f 2497/4987/1870 2494/4986/1800 2495/4988/1803
f 2497/4989/1870 2493/4980/1805 2496/4985/1798
f 2498/4990/1804 2495/4983/1803 2492/4984/1801
f 2499/4991/1871 2594/4992/1872 2500/4993/1873
f 2499/4994/1871 2593/4995/1874 2502/4996/1875
f 2501/4997/1876 2503/4998/1877 2504/4999/1878
f 2503/5000/1877 2502/4996/1875 2505/5001/1879
f 2507/5002/1880 2503/5003/1877 2506/5004/1881
f 2503/5005/1877 2508/5006/1882 2506/5007/1881
f 2510/5008/1883 2506/5009/1881 2509/5010/1884
f 2506/5011/1881 2511/5012/1885 2509/5013/1884
f 2513/5014/1886 2509/5015/1884 2512/5016/1887
f 2509/5017/1884 2514/5018/1888 2512/5019/1887
f 2516/5020/1889 2512/5021/1887 2515/5022/1890
f 2512/5023/1887 2517/5024/1891 2515/5025/1890
f 2519/5026/1892 2515/5027/1890 2518/5028/1893
f 2515/5029/1890 2520/5030/1894 2518/5031/1893
f 2522/5032/1895 2518/5033/1893 2521/5034/1896
f 2518/5035/1893 2523/5036/1897 2521/5037/1896
f 2525/5038/1898 2521/5039/1896 2524/5040/1899
f 2526/5041/1900 2521/5039/1896 2523/5036/1897
f 2527/5042/1901 2525/5038/1898 2524/5043/1899
f 2527/5044/1901 2526/5041/1900 2529/5045/1902
f 2528/5046/1903 2530/5047/1904 2531/5048/1905
f 2530/5049/1904 2529/5045/1902 2532/5050/1906
f 2533/5051/1907 2531/5048/1905 2530/5052/1904
f 2533/5053/1907 2532/5050/1906 2535/5054/1908
f 2534/5055/1909 2536/5056/1910 2537/5057/1911
f 2536/5058/1910 2535/5054/1908 2538/5059/1912
f 2537/5057/1911 2539/5060/1913 2540/5061/1914
f 2539/5062/1913 2538/5059/1912 2541/5063/1915
f 2540/5061/1914 2542/5064/1916 2543/5065/1917
f 2542/5066/1916 2541/5063/1915 2544/5067/1918
f 2543/5065/1917 2545/5068/1919 2546/5069/1920
f 2545/5070/1919 2544/5067/1918 2547/5071/1921
f 2549/5072/1922 2545/5068/1919 2548/5073/1923
f 2545/5074/1919 2550/5075/1924 2548/5076/1923
f 2552/5077/1925 2548/5078/1923 2551/5079/1926
f 2548/5080/1923 2553/5081/1927 2551/5082/1926
f 2555/5083/1928 2551/5084/1926 2554/5085/1929
f 2551/5086/1926 2556/5087/1930 2554/5088/1929
f 2558/5089/1931 2554/5085/1929 2557/5090/1932
f 2554/5091/1929 2559/5092/1933 2557/5093/1932
f 2561/5094/1934 2557/5095/1932 2560/5096/1935
f 2557/5097/1932 2562/5098/1936 2560/5099/1935
f 2564/5100/1937 2560/5101/1935 2563/5102/1938
f 2565/5103/1939 2560/5104/1935 2562/5098/1936
f 2567/5105/1940 2563/5106/1938 2566/5107/1941
f 2563/5108/1938 2568/5109/1942 2566/5110/1941
f 2570/5111/1943 2566/5107/1941 2569/5112/1944
f 2571/5113/1945 2566/5114/1941 2568/5109/1942
f 2572/5115/1946 2570/5111/1943 2569/5116/1944
f 2572/5117/1946 2571/5113/1945 2574/5118/1947
f 2576/5119/1948 2572/5120/1946 2575/5121/1949
f 2572/5122/1946 2577/5123/1950 2575/5124/1949
f 2576/5119/1948 2578/5125/1951 2579/5126/1952
f 2578/5127/1951 2577/5123/1950 2580/5128/1953
f 2579/5126/1952 2581/5129/1954 2582/5130/1955
f 2581/5131/1954 2580/5128/1953 2583/5132/1956
f 2582/5130/1955 2584/5133/1957 2585/5134/1958
f 2584/5135/1957 2583/5132/1956 2586/5136/1959
f 2585/5134/1958 2587/5137/1960 2588/5138/1961
f 2587/5139/1960 2586/5136/1959 2589/5140/1962
f 2588/5138/1961 2590/5141/1963 2591/5142/1964
f 2590/5143/1963 2589/5140/1962 2592/5144/1965
f 2591/5142/1964 2500/5145/1873 2594/4992/1872
f 2500/5146/1873 2592/5144/1965 2593/4995/1874
f 2574/5118/1947 2553/5081/1927 2538/5059/1912
f 2555/5083/1928 2573/5147/1966 2501/4997/1876
f 2595/5148/1967 2690/5149/1968 2596/5150/1969
f 2595/5151/1967 2689/5152/1970 2598/5153/1971
f 2597/5154/1972 2599/5155/1973 2600/5156/1974
f 2599/5157/1973 2598/5153/1971 2601/5158/1975
f 2603/5159/1976 2599/5160/1973 2602/5161/1977
f 2599/5162/1973 2604/5163/1978 2602/5164/1977
f 2606/5165/1979 2602/5166/1977 2605/5167/1980
f 2602/5168/1977 2607/5169/1981 2605/5170/1980
f 2609/5171/1982 2605/5172/1980 2608/5173/1983
f 2605/5174/1980 2610/5175/1984 2608/5176/1983
f 2612/5177/1985 2608/5178/1983 2611/5179/1986
f 2608/5180/1983 2613/5181/1987 2611/5182/1986
f 2615/5183/1988 2611/5184/1986 2614/5185/1989
f 2611/5186/1986 2616/5187/1990 2614/5188/1989
f 2618/5189/1991 2614/5190/1989 2617/5191/1992
f 2614/5192/1989 2619/5193/1993 2617/5194/1992
f 2621/5195/1994 2617/5196/1992 2620/5197/1995
f 2622/5198/1996 2617/5196/1992 2619/5193/1993
f 2623/5199/1997 2621/5195/1994 2620/5200/1995
f 2623/5201/1997 2622/5198/1996 2625/5202/1998
f 2624/5203/1999 2626/5204/2000 2627/5205/2001
f 2626/5206/2000 2625/5202/1998 2628/5207/2002
f 2629/5208/2003 2627/5205/2001 2626/5209/2000
f 2629/5210/2003 2628/5207/2002 2631/5211/2004
f 2630/5212/2005 2632/5213/2006 2633/5214/2007
f 2632/5215/2006 2631/5211/2004 2634/5216/2008
f 2633/5214/2007 2635/5217/2009 2636/5218/2010
f 2635/5219/2009 2634/5216/2008 2637/5220/2011
f 2636/5218/2010 2638/5221/2012 2639/5222/2013
f 2638/5223/2012 2637/5220/2011 2640/5224/2014
f 2639/5222/2013 2641/5225/2015 2642/5226/2016
f 2641/5227/2015 2640/5224/2014 2643/5228/2017
f 2645/5229/2018 2641/5225/2015 2644/5230/2019
f 2641/5231/2015 2646/5232/2020 2644/5233/2019
f 2648/5234/2021 2644/5235/2019 2647/5236/2022
f 2644/5237/2019 2649/5238/2023 2647/5239/2022
f 2651/5240/2024 2647/5241/2022 2650/5242/2025
f 2647/5243/2022 2652/5244/2026 2650/5245/2025
f 2654/5246/2027 2650/5242/2025 2653/5247/2028
f 2650/5248/2025 2655/5249/2029 2653/5250/2028
f 2657/5251/2030 2653/5252/2028 2656/5253/2031
f 2653/5254/2028 2658/5255/2032 2656/5256/2031
f 2660/5257/2033 2656/5258/2031 2659/5259/2034
f 2661/5260/2035 2656/5261/2031 2658/5255/2032
f 2663/5262/2036 2659/5263/2034 2662/5264/2037
f 2659/5265/2034 2664/5266/2038 2662/5267/2037
f 2666/5268/2039 2662/5264/2037 2665/5269/2040
f 2667/5270/2041 2662/5271/2037 2664/5266/2038
f 2668/5272/2042 2666/5268/2039 2665/5273/2040
f 2668/5274/2042 2667/5270/2041 2670/5275/2043
f 2672/5276/2044 2668/5277/2042 2671/5278/2045
f 2668/5279/2042 2673/5280/2046 2671/5281/2045
f 2672/5276/2044 2674/5282/2047 2675/5283/2048
f 2674/5284/2047 2673/5280/2046 2676/5285/2049
f 2675/5283/2048 2677/5286/2050 2678/5287/2051
f 2677/5288/2050 2676/5285/2049 2679/5289/2052
f 2678/5287/2051 2680/5290/2053 2681/5291/2054
f 2680/5292/2053 2679/5289/2052 2682/5293/2055
f 2681/5291/2054 2683/5294/2056 2684/5295/2057
f 2683/5296/2056 2682/5293/2055 2685/5297/2058
f 2684/5295/2057 2686/5298/2059 2687/5299/2060
f 2686/5300/2059 2685/5297/2058 2688/5301/2061
f 2687/5299/2060 2596/5302/1969 2690/5149/1968
f 2596/5303/1969 2688/5301/2061 2689/5152/1970
f 2670/5275/2043 2649/5238/2023 2634/5216/2008
f 2651/5240/2024 2669/5304/2062 2597/5154/1972
f 2691/5305/2063 2786/5306/2064 2692/5307/2065
f 2691/5308/2063 2785/5309/2066 2694/5310/2067
f 2693/5311/2068 2695/5312/2069 2696/5313/2070
f 2695/5314/2069 2694/5310/2067 2697/5315/2071
f 2699/5316/2072 2695/5317/2069 2698/5318/2073
f 2695/5319/2069 2700/5320/2074 2698/5321/2073
f 2702/5322/2075 2698/5323/2073 2701/5324/2076
f 2698/5325/2073 2703/5326/2077 2701/5327/2076
f 2705/5328/2078 2701/5329/2076 2704/5330/2079
f 2701/5331/2076 2706/5332/2080 2704/5333/2079
f 2708/5334/2081 2704/5335/2079 2707/5336/2082
f 2704/5337/2079 2709/5338/2083 2707/5339/2082
f 2711/5340/2084 2707/5341/2082 2710/5342/2085
f 2707/5343/2082 2712/5344/2086 2710/5345/2085
f 2714/5346/2087 2710/5347/2085 2713/5348/2088
f 2710/5349/2085 2715/5350/2089 2713/5351/2088
f 2717/5352/2090 2713/5353/2088 2716/5354/2091
f 2718/5355/2092 2713/5353/2088 2715/5350/2089
f 2719/5356/2093 2717/5352/2090 2716/5357/2091
f 2719/5358/2093 2718/5355/2092 2721/5359/2094
f 2720/5360/2095 2722/5361/2096 2723/5362/2097
f 2722/5363/2096 2721/5359/2094 2724/5364/2098
f 2725/5365/2099 2723/5362/2097 2722/5366/2096
f 2725/5367/2099 2724/5364/2098 2727/5368/2100
f 2726/5369/2101 2728/5370/2102 2729/5371/2103
f 2728/5372/2102 2727/5368/2100 2730/5373/2104
f 2729/5371/2103 2731/5374/2105 2732/5375/2106
f 2731/5376/2105 2730/5373/2104 2733/5377/2107
f 2732/5375/2106 2734/5378/2108 2735/5379/2109
f 2734/5380/2108 2733/5377/2107 2736/5381/2110
f 2735/5379/2109 2737/5382/2111 2738/5383/2112
f 2737/5384/2111 2736/5381/2110 2739/5385/2113
f 2741/5386/2114 2737/5382/2111 2740/5387/2115
f 2737/5388/2111 2742/5389/2116 2740/5390/2115
f 2744/5391/2117 2740/5392/2115 2743/5393/2118
f 2740/5394/2115 2745/5395/2119 2743/5396/2118
f 2747/5397/2120 2743/5398/2118 2746/5399/2121
f 2743/5400/2118 2748/5401/2122 2746/5402/2121
f 2750/5403/2123 2746/5404/2121 2749/5405/2124
f 2746/5406/2121 2751/5407/2125 2749/5408/2124
f 2753/5409/2126 2749/5405/2124 2752/5410/2127
f 2749/5411/2124 2754/5412/2128 2752/5413/2127
f 2756/5414/2129 2752/5415/2127 2755/5416/2130
f 2757/5417/2131 2752/5418/2127 2754/5412/2128
f 2759/5419/2132 2755/5420/2130 2758/5421/2133
f 2755/5422/2130 2760/5423/2134 2758/5424/2133
f 2762/5425/2135 2758/5421/2133 2761/5426/2136
f 2763/5427/2137 2758/5428/2133 2760/5423/2134
f 2764/5429/2138 2762/5425/2135 2761/5430/2136
f 2764/5431/2138 2763/5427/2137 2766/5432/2139
f 2768/5433/2140 2764/5434/2138 2767/5435/2141
f 2764/5436/2138 2769/5437/2142 2767/5438/2141
f 2768/5433/2140 2770/5439/2143 2771/5440/2144
f 2770/5441/2143 2769/5437/2142 2772/5442/2145
f 2771/5440/2144 2773/5443/2146 2774/5444/2147
f 2773/5445/2146 2772/5442/2145 2775/5446/2148
f 2774/5444/2147 2776/5447/2149 2777/5448/2150
f 2776/5449/2149 2775/5446/2148 2778/5450/2151
f 2777/5448/2150 2779/5451/2152 2780/5452/2153
f 2779/5453/2152 2778/5450/2151 2781/5454/2154
f 2780/5452/2153 2782/5455/2155 2783/5456/2156
f 2782/5457/2155 2781/5454/2154 2784/5458/2157
f 2783/5456/2156 2692/5459/2065 2786/5306/2064
f 2692/5460/2065 2784/5458/2157 2785/5309/2066
f 2766/5432/2139 2745/5395/2119 2730/5373/2104
f 2747/5397/2120 2765/5461/2158 2693/5311/2068
f 2323/4741/1702 2325/4747/1707 2418/4742/1703
f 2323/4744/1702 2324/5462/1704 2417/4745/1705
f 2325/4747/1707 2323/5463/1702 2327/4748/1708
f 2327/4750/1708 2323/5464/1702 2326/4746/1706
f 2331/4752/1711 2328/4749/1709 2327/4753/1708
f 2327/4755/1708 2329/4751/1710 2332/4756/1713
f 2334/4758/1714 2331/4752/1711 2330/4759/1712
f 2330/4761/1712 2332/4756/1713 2335/4762/1716
f 2337/4764/1717 2334/4758/1714 2333/4765/1715
f 2333/4767/1715 2335/4762/1716 2338/4768/1719
f 2340/4770/1720 2337/4764/1717 2336/4771/1718
f 2336/4773/1718 2338/4768/1719 2341/4774/1722
f 2343/4776/1723 2340/4770/1720 2339/4777/1721
f 2339/4779/1721 2341/4774/1722 2344/4780/1725
f 2346/4782/1726 2343/4776/1723 2342/4783/1724
f 2342/4785/1724 2344/4780/1725 2347/4786/1728
f 2349/4788/1729 2346/4782/1726 2345/4789/1727
f 2350/4791/1731 2348/4790/1730 2345/4789/1727
f 2351/4792/1732 2352/4796/1734 2349/4788/1729
f 2351/4794/1732 2348/5465/1730 2350/4791/1731
f 2352/4796/1734 2351/5466/1732 2354/4797/1735
f 2354/4799/1735 2351/5467/1732 2353/4795/1733
f 2357/4801/1738 2358/4805/1740 2355/4798/1736
f 2357/4803/1738 2354/5468/1735 2356/4800/1737
f 2358/4805/1740 2357/5469/1738 2360/4806/1741
f 2360/4808/1741 2357/5470/1738 2359/4804/1739
f 2361/4807/1742 2360/5471/1741 2363/4810/1744
f 2363/4812/1744 2360/5472/1741 2362/4809/1743
f 2364/4811/1745 2363/5473/1744 2366/4814/1747
f 2366/4816/1747 2363/5474/1744 2365/4813/1746
f 2367/4815/1748 2366/4814/1747 2369/4818/1750
f 2369/4820/1750 2366/5475/1747 2368/4817/1749
f 2373/4822/1753 2370/4819/1751 2369/4818/1750
f 2369/4824/1750 2371/4821/1752 2374/4825/1755
f 2376/4827/1756 2373/4822/1753 2372/4828/1754
f 2372/4830/1754 2374/4825/1755 2377/4831/1758
f 2379/4833/1759 2376/4827/1756 2375/4834/1757
f 2375/4836/1757 2377/4831/1758 2380/4837/1761
f 2382/4839/1762 2379/4833/1759 2378/4835/1760
f 2378/4841/1760 2380/4837/1761 2383/4842/1764
f 2385/4844/1765 2382/4839/1762 2381/4845/1763
f 2381/4847/1763 2383/4842/1764 2386/4848/1767
f 2388/4850/1768 2385/4844/1765 2384/4851/1766
f 2389/4853/1770 2387/5476/1769 2384/4854/1766
f 2391/4855/1771 2388/4850/1768 2387/4856/1769
f 2387/4858/1769 2389/4853/1770 2392/4859/1773
f 2394/4861/1774 2391/4855/1771 2390/4857/1772
f 2395/4863/1776 2393/5477/1775 2390/4864/1772
f 2396/4865/1777 2397/4897/1797 2394/4861/1774
f 2396/4867/1777 2393/5478/1775 2395/4863/1776
f 2400/4869/1779 2397/4897/1797 2396/4870/1777
f 2396/4872/1777 2398/4868/1778 2401/4873/1781
f 2400/4869/1779 2399/5479/1780 2402/4875/1782
f 2402/4877/1782 2399/5480/1780 2401/4873/1781
f 2403/4876/1783 2402/5481/1782 2405/4879/1785
f 2405/4881/1785 2402/5482/1782 2404/4878/1784
f 2406/4880/1786 2405/5483/1785 2408/4883/1788
f 2408/4885/1788 2405/4881/1785 2407/4882/1787
f 2409/4884/1789 2408/5484/1788 2411/4887/1791
f 2411/4889/1791 2408/5485/1788 2410/4886/1790
f 2412/4888/1792 2411/4887/1791 2414/4891/1794
f 2414/4893/1794 2411/5486/1791 2413/4890/1793
f 2415/4892/1795 2414/5487/1794 2324/4895/1704
f 2324/4896/1704 2414/4893/1794 2416/4894/1796
f 2332/4756/1713 2329/4751/1710 2326/4746/1706
f 2417/4745/1705 2416/4894/1796 2413/4890/1793
f 2332/4756/1713 2326/4746/1706 2417/4745/1705
f 2341/4774/1722 2338/4768/1719 2335/4762/1716
f 2335/4762/1716 2332/4756/1713 2417/4745/1705
f 2417/4745/1705 2413/4890/1793 2410/4886/1790
f 2417/4745/1705 2410/4886/1790 2407/4882/1787
f 2341/4774/1722 2335/4762/1716 2417/4745/1705
f 2347/4786/1728 2344/4780/1725 2341/4774/1722
f 2353/4795/1733 2350/4791/1731 2347/4786/1728
f 2359/4804/1739 2356/4800/1737 2353/4795/1733
f 2368/4817/1749 2365/4813/1746 2362/4809/1743
f 2362/4809/1743 2359/4804/1739 2353/4795/1733
f 2353/4795/1733 2347/4786/1728 2341/4774/1722
f 2341/4774/1722 2417/4745/1705 2407/4882/1787
f 2404/4878/1784 2401/4873/1781 2398/4868/1778
f 2341/4774/1722 2407/4882/1787 2404/4878/1784
f 2362/4809/1743 2353/4795/1733 2341/4774/1722
f 2371/4821/1752 2368/4817/1749 2362/4809/1743
f 2377/4831/1758 2374/4825/1755 2371/4821/1752
f 2383/4842/1764 2380/4837/1761 2377/4831/1758
f 2389/4853/1770 2386/4848/1767 2383/4842/1764
f 2395/4863/1776 2392/4859/1773 2389/4853/1770
f 2341/4774/1722 2404/4878/1784 2398/4868/1778
f 2398/4868/1778 2395/4863/1776 2389/4853/1770
f 2389/4853/1770 2383/4842/1764 2377/4831/1758
f 2377/4831/1758 2371/4821/1752 2362/4809/1743
f 2362/4809/1743 2341/4774/1722 2398/4868/1778
f 2398/4868/1778 2389/4853/1770 2377/4831/1758
f 2331/4752/1711 2334/4758/1714 2337/4764/1717
f 2337/4764/1717 2340/4770/1720 2343/4776/1723
f 2343/4776/1723 2346/4782/1726 2349/4788/1729
f 2349/4788/1729 2352/4796/1734 2355/4798/1736
f 2355/4798/1736 2358/4805/1740 2361/4807/1742
f 2361/4807/1742 2364/4811/1745 2367/4815/1748
f 2370/4819/1751 2373/4822/1753 2376/4827/1756
f 2361/4807/1742 2367/4815/1748 2370/4819/1751
f 2349/4788/1729 2355/4798/1736 2361/4807/1742
f 2337/4764/1717 2343/4776/1723 2349/4788/1729
f 2325/4747/1707 2328/4749/1709 2331/4752/1711
f 2331/4752/1711 2337/4764/1717 2349/4788/1729
f 2349/4788/1729 2361/4807/1742 2370/4819/1751
f 2370/4819/1751 2376/4827/1756 2379/4833/1759
f 2379/4833/1759 2382/4839/1762 2385/4844/1765
f 2385/4844/1765 2388/4850/1768 2391/4855/1771
f 2391/4855/1771 2394/4861/1774 2397/4897/1797
f 2397/4897/1797 2400/4869/1779 2403/4876/1783
f 2403/4876/1783 2406/4880/1786 2409/4884/1789
f 2412/4888/1792 2415/4892/1795 2418/4742/1703
f 2403/4876/1783 2409/4884/1789 2412/4888/1792
f 2385/4844/1765 2391/4855/1771 2397/4897/1797
f 2397/4897/1797 2403/4876/1783 2412/4888/1792
f 2412/4888/1792 2418/4742/1703 2325/4747/1707
f 2325/4747/1707 2331/4752/1711 2349/4788/1729
f 2349/4788/1729 2370/4819/1751 2379/4833/1759
f 2379/4833/1759 2385/4844/1765 2397/4897/1797
f 2397/4897/1797 2412/4888/1792 2325/4747/1707
f 2325/4747/1707 2349/4788/1729 2379/4833/1759
f 2421/4898/1798 2426/4909/1805 2420/4899/1799
f 2423/4901/1801 2422/4904/1803 2419/4902/1800
f 2424/4903/1802 2421/5488/1798 2419/4902/1800
f 2425/4905/1804 2424/5489/1802 2422/4906/1803
f 2425/4905/1804 2426/4909/1805 2421/4907/1798
f 2426/4909/1805 2425/4905/1804 2423/4901/1801
f 2429/4910/1806 2490/4979/1869 2428/4911/1807
f 2430/4915/1811 2427/5490/1808 2428/5491/1807
f 2428/5491/1807 2487/5492/1868 2486/5493/1867
f 2486/5493/1867 2485/5494/1865 2484/5495/1863
f 2484/5495/1863 2479/4970/1861 2478/4968/1859
f 2478/4968/1859 2477/5496/1857 2476/5497/1855
f 2476/5497/1855 2471/5498/1853 2470/5499/1852
f 2470/5499/1852 2469/5500/1850 2468/5501/1848
f 2468/5501/1848 2463/5502/1846 2462/4913/1809
f 2462/4913/1809 2461/5503/1843 2460/5504/1841
f 2460/5504/1841 2455/5505/1839 2454/5506/1838
f 2454/5506/1838 2453/5507/1836 2452/5508/1834
f 2452/5508/1834 2447/5509/1832 2446/4914/1810
f 2446/4914/1810 2445/5510/1829 2444/5511/1827
f 2444/5511/1827 2439/5512/1825 2438/5513/1823
f 2438/5513/1823 2437/5514/1821 2436/5515/1819
f 2436/5515/1819 2431/5516/1814 2430/4915/1811
f 2430/4915/1811 2428/5491/1807 2486/5493/1867
f 2486/5493/1867 2484/5495/1863 2478/4968/1859
f 2478/4968/1859 2476/5497/1855 2470/5499/1852
f 2470/5499/1852 2468/5501/1848 2462/4913/1809
f 2462/4913/1809 2460/5504/1841 2454/5506/1838
f 2454/5506/1838 2452/5508/1834 2446/4914/1810
f 2446/4914/1810 2444/5511/1827 2438/5513/1823
f 2438/5513/1823 2436/5515/1819 2430/4915/1811
f 2430/4915/1811 2486/5493/1867 2478/4968/1859
f 2478/4968/1859 2470/5499/1852 2462/4913/1809
f 2462/4913/1809 2454/5506/1838 2446/4914/1810
f 2446/4914/1810 2438/5513/1823 2430/4915/1811
f 2430/4915/1811 2478/4968/1859 2462/4913/1809
f 2432/4916/1812 2429/4910/1806 2427/4912/1808
f 2433/4918/1813 2432/4916/1812 2430/4917/1811
f 2489/4922/1817 2490/5517/1869 2429/5518/1806
f 2429/5518/1806 2432/5519/1812 2433/5520/1813
f 2433/5520/1813 2434/5521/1818 2435/5522/1820
f 2435/5522/1820 2440/5523/1822 2441/5524/1824
f 2441/5524/1824 2442/5525/1826 2443/5526/1828
f 2443/5526/1828 2448/5527/1830 2449/5528/1831
f 2449/5528/1831 2450/5529/1833 2451/5530/1835
f 2451/5530/1835 2456/5531/1837 2457/4920/1815
f 2457/4920/1815 2458/4947/1840 2459/4949/1842
f 2459/4949/1842 2464/4951/1844 2465/5532/1845
f 2465/5532/1845 2466/5533/1847 2467/5534/1849
f 2467/5534/1849 2472/5535/1851 2473/4921/1816
f 2473/4921/1816 2474/5536/1854 2475/5537/1856
f 2475/5537/1856 2480/4967/1858 2481/4969/1860
f 2481/4969/1860 2482/5538/1862 2483/5539/1864
f 2483/5539/1864 2488/5540/1866 2489/4922/1817
f 2489/4922/1817 2429/5518/1806 2433/5520/1813
f 2433/5520/1813 2435/5522/1820 2441/5524/1824
f 2441/5524/1824 2443/5526/1828 2449/5528/1831
f 2449/5528/1831 2451/5530/1835 2457/4920/1815
f 2457/4920/1815 2459/4949/1842 2465/5532/1845
f 2465/5532/1845 2467/5534/1849 2473/4921/1816
f 2473/4921/1816 2475/5537/1856 2481/4969/1860
f 2481/4969/1860 2483/5539/1864 2489/4922/1817
f 2489/4922/1817 2433/5520/1813 2441/5524/1824
f 2441/5524/1824 2449/5528/1831 2457/4920/1815
f 2457/4920/1815 2465/5532/1845 2473/4921/1816
f 2473/4921/1816 2481/4969/1860 2489/4922/1817
f 2489/4922/1817 2441/5524/1824 2457/4920/1815
f 2434/4923/1818 2433/4918/1813 2431/4919/1814
f 2435/4925/1820 2434/4923/1818 2436/4924/1819
f 2440/4927/1822 2435/4925/1820 2437/4926/1821
f 2441/4929/1824 2440/4927/1822 2438/4928/1823
f 2442/4931/1826 2441/4929/1824 2439/4930/1825
f 2443/4933/1828 2442/4931/1826 2444/4932/1827
f 2448/4935/1830 2443/4933/1828 2445/4934/1829
f 2449/4937/1831 2448/4935/1830 2446/4936/1810
f 2450/4939/1833 2449/4937/1831 2447/4938/1832
f 2451/4941/1835 2450/4939/1833 2452/4940/1834
f 2456/4943/1837 2451/4941/1835 2453/4942/1836
f 2457/4945/1815 2456/4943/1837 2454/4944/1838
f 2458/4947/1840 2457/4945/1815 2455/4946/1839
f 2459/4949/1842 2458/4947/1840 2460/4948/1841
f 2464/4951/1844 2459/4949/1842 2461/4950/1843
f 2465/4953/1845 2464/4951/1844 2462/4952/1809
f 2466/4955/1847 2465/4953/1845 2463/4954/1846
f 2467/4957/1849 2466/4955/1847 2468/4956/1848
f 2472/4959/1851 2467/4957/1849 2469/4958/1850
f 2473/4961/1816 2472/4959/1851 2470/4960/1852
f 2474/4963/1854 2473/4961/1816 2471/4962/1853
f 2475/4965/1856 2474/4963/1854 2476/4964/1855
f 2480/4967/1858 2475/4965/1856 2477/4966/1857
f 2481/4969/1860 2480/4967/1858 2478/4968/1859
f 2482/4971/1862 2481/4969/1860 2479/4970/1861
f 2483/4973/1864 2482/4971/1862 2484/4972/1863
f 2488/4975/1866 2483/4973/1864 2485/4974/1865
f 2489/4977/1817 2488/4975/1866 2486/4976/1867
f 2490/4979/1869 2489/4977/1817 2487/4978/1868
f 2493/4980/1805 2498/5541/1804 2492/4981/1801
f 2495/4983/1803 2494/4986/1800 2491/4982/1799
f 2496/4985/1798 2493/4980/1805 2491/4982/1799
f 2497/4987/1870 2496/4985/1798 2494/4986/1800
f 2497/4989/1870 2498/5542/1804 2493/4980/1805
f 2498/4990/1804 2497/5543/1870 2495/4983/1803
f 2499/4991/1871 2501/4997/1876 2594/4992/1872
f 2499/4994/1871 2500/5544/1873 2593/4995/1874
f 2501/4997/1876 2499/5545/1871 2503/4998/1877
f 2503/5000/1877 2499/5546/1871 2502/4996/1875
f 2507/5002/1880 2504/4999/1878 2503/5003/1877
f 2503/5005/1877 2505/5001/1879 2508/5006/1882
f 2510/5008/1883 2507/5002/1880 2506/5009/1881
f 2506/5011/1881 2508/5006/1882 2511/5012/1885
f 2513/5014/1886 2510/5008/1883 2509/5015/1884
f 2509/5017/1884 2511/5012/1885 2514/5018/1888
f 2516/5020/1889 2513/5014/1886 2512/5021/1887
f 2512/5023/1887 2514/5018/1888 2517/5024/1891
f 2519/5026/1892 2516/5020/1889 2515/5027/1890
f 2515/5029/1890 2517/5024/1891 2520/5030/1894
f 2522/5032/1895 2519/5026/1892 2518/5033/1893
f 2518/5035/1893 2520/5030/1894 2523/5036/1897
f 2525/5038/1898 2522/5032/1895 2521/5039/1896
f 2526/5041/1900 2524/5040/1899 2521/5039/1896
f 2527/5042/1901 2528/5046/1903 2525/5038/1898
f 2527/5044/1901 2524/5547/1899 2526/5041/1900
f 2528/5046/1903 2527/5548/1901 2530/5047/1904
f 2530/5049/1904 2527/5549/1901 2529/5045/1902
f 2533/5051/1907 2534/5055/1909 2531/5048/1905
f 2533/5053/1907 2530/5550/1904 2532/5050/1906
f 2534/5055/1909 2533/5551/1907 2536/5056/1910
f 2536/5058/1910 2533/5552/1907 2535/5054/1908
f 2537/5057/1911 2536/5553/1910 2539/5060/1913
f 2539/5062/1913 2536/5554/1910 2538/5059/1912
f 2540/5061/1914 2539/5555/1913 2542/5064/1916
f 2542/5066/1916 2539/5556/1913 2541/5063/1915
f 2543/5065/1917 2542/5064/1916 2545/5068/1919
f 2545/5070/1919 2542/5557/1916 2544/5067/1918
f 2549/5072/1922 2546/5069/1920 2545/5068/1919
f 2545/5074/1919 2547/5071/1921 2550/5075/1924
f 2552/5077/1925 2549/5072/1922 2548/5078/1923
f 2548/5080/1923 2550/5075/1924 2553/5081/1927
f 2555/5083/1928 2552/5077/1925 2551/5084/1926
f 2551/5086/1926 2553/5081/1927 2556/5087/1930
f 2558/5089/1931 2555/5083/1928 2554/5085/1929
f 2554/5091/1929 2556/5087/1930 2559/5092/1933
f 2561/5094/1934 2558/5089/1931 2557/5095/1932
f 2557/5097/1932 2559/5092/1933 2562/5098/1936
f 2564/5100/1937 2561/5094/1934 2560/5101/1935
f 2565/5103/1939 2563/5558/1938 2560/5104/1935
f 2567/5105/1940 2564/5100/1937 2563/5106/1938
f 2563/5108/1938 2565/5103/1939 2568/5109/1942
f 2570/5111/1943 2567/5105/1940 2566/5107/1941
f 2571/5113/1945 2569/5559/1944 2566/5114/1941
f 2572/5115/1946 2573/5147/1966 2570/5111/1943
f 2572/5117/1946 2569/5560/1944 2571/5113/1945
f 2576/5119/1948 2573/5147/1966 2572/5120/1946
f 2572/5122/1946 2574/5118/1947 2577/5123/1950
f 2576/5119/1948 2575/5561/1949 2578/5125/1951
f 2578/5127/1951 2575/5562/1949 2577/5123/1950
f 2579/5126/1952 2578/5563/1951 2581/5129/1954
f 2581/5131/1954 2578/5564/1951 2580/5128/1953
f 2582/5130/1955 2581/5565/1954 2584/5133/1957
f 2584/5135/1957 2581/5131/1954 2583/5132/1956
f 2585/5134/1958 2584/5566/1957 2587/5137/1960
f 2587/5139/1960 2584/5567/1957 2586/5136/1959
f 2588/5138/1961 2587/5137/1960 2590/5141/1963
f 2590/5143/1963 2587/5568/1960 2589/5140/1962
f 2591/5142/1964 2590/5569/1963 2500/5145/1873
f 2500/5146/1873 2590/5143/1963 2592/5144/1965
f 2508/5006/1882 2505/5001/1879 2502/4996/1875
f 2593/4995/1874 2592/5144/1965 2589/5140/1962
f 2508/5006/1882 2502/4996/1875 2593/4995/1874
f 2517/5024/1891 2514/5018/1888 2511/5012/1885
f 2511/5012/1885 2508/5006/1882 2593/4995/1874
f 2593/4995/1874 2589/5140/1962 2586/5136/1959
f 2593/4995/1874 2586/5136/1959 2583/5132/1956
f 2517/5024/1891 2511/5012/1885 2593/4995/1874
f 2523/5036/1897 2520/5030/1894 2517/5024/1891
f 2529/5045/1902 2526/5041/1900 2523/5036/1897
f 2535/5054/1908 2532/5050/1906 2529/5045/1902
f 2544/5067/1918 2541/5063/1915 2538/5059/1912
f 2538/5059/1912 2535/5054/1908 2529/5045/1902
f 2529/5045/1902 2523/5036/1897 2517/5024/1891
f 2517/5024/1891 2593/4995/1874 2583/5132/1956
f 2580/5128/1953 2577/5123/1950 2574/5118/1947
f 2517/5024/1891 2583/5132/1956 2580/5128/1953
f 2538/5059/1912 2529/5045/1902 2517/5024/1891
f 2547/5071/1921 2544/5067/1918 2538/5059/1912
f 2553/5081/1927 2550/5075/1924 2547/5071/1921
f 2559/5092/1933 2556/5087/1930 2553/5081/1927
f 2565/5103/1939 2562/5098/1936 2559/5092/1933
f 2571/5113/1945 2568/5109/1942 2565/5103/1939
f 2517/5024/1891 2580/5128/1953 2574/5118/1947
f 2574/5118/1947 2571/5113/1945 2565/5103/1939
f 2565/5103/1939 2559/5092/1933 2553/5081/1927
f 2553/5081/1927 2547/5071/1921 2538/5059/1912
f 2538/5059/1912 2517/5024/1891 2574/5118/1947
f 2574/5118/1947 2565/5103/1939 2553/5081/1927
f 2507/5002/1880 2510/5008/1883 2513/5014/1886
f 2513/5014/1886 2516/5020/1889 2519/5026/1892
f 2519/5026/1892 2522/5032/1895 2525/5038/1898
f 2525/5038/1898 2528/5046/1903 2531/5048/1905
f 2531/5048/1905 2534/5055/1909 2537/5057/1911
f 2537/5057/1911 2540/5061/1914 2543/5065/1917
f 2546/5069/1920 2549/5072/1922 2552/5077/1925
f 2537/5057/1911 2543/5065/1917 2546/5069/1920
f 2525/5038/1898 2531/5048/1905 2537/5057/1911
f 2513/5014/1886 2519/5026/1892 2525/5038/1898
f 2501/4997/1876 2504/4999/1878 2507/5002/1880
f 2507/5002/1880 2513/5014/1886 2525/5038/1898
f 2525/5038/1898 2537/5057/1911 2546/5069/1920
f 2546/5069/1920 2552/5077/1925 2555/5083/1928
f 2555/5083/1928 2558/5089/1931 2561/5094/1934
f 2561/5094/1934 2564/5100/1937 2567/5105/1940
f 2567/5105/1940 2570/5111/1943 2573/5147/1966
f 2573/5147/1966 2576/5119/1948 2579/5126/1952
f 2579/5126/1952 2582/5130/1955 2585/5134/1958
f 2588/5138/1961 2591/5142/1964 2594/4992/1872
f 2579/5126/1952 2585/5134/1958 2588/5138/1961
f 2561/5094/1934 2567/5105/1940 2573/5147/1966
f 2573/5147/1966 2579/5126/1952 2588/5138/1961
f 2588/5138/1961 2594/4992/1872 2501/4997/1876
f 2501/4997/1876 2507/5002/1880 2525/5038/1898
f 2525/5038/1898 2546/5069/1920 2555/5083/1928
f 2555/5083/1928 2561/5094/1934 2573/5147/1966
f 2573/5147/1966 2588/5138/1961 2501/4997/1876
f 2501/4997/1876 2525/5038/1898 2555/5083/1928
f 2595/5148/1967 2597/5154/1972 2690/5149/1968
f 2595/5151/1967 2596/5570/1969 2689/5152/1970
f 2597/5154/1972 2595/5571/1967 2599/5155/1973
f 2599/5157/1973 2595/5151/1967 2598/5153/1971
f 2603/5159/1976 2600/5156/1974 2599/5160/1973
f 2599/5162/1973 2601/5158/1975 2604/5163/1978
f 2606/5165/1979 2603/5159/1976 2602/5166/1977
f 2602/5168/1977 2604/5163/1978 2607/5169/1981
f 2609/5171/1982 2606/5165/1979 2605/5172/1980
f 2605/5174/1980 2607/5169/1981 2610/5175/1984
f 2612/5177/1985 2609/5171/1982 2608/5178/1983
f 2608/5180/1983 2610/5175/1984 2613/5181/1987
f 2615/5183/1988 2612/5177/1985 2611/5184/1986
f 2611/5186/1986 2613/5181/1987 2616/5187/1990
f 2618/5189/1991 2615/5183/1988 2614/5190/1989
f 2614/5192/1989 2616/5187/1990 2619/5193/1993
f 2621/5195/1994 2618/5189/1991 2617/5196/1992
f 2622/5198/1996 2620/5197/1995 2617/5196/1992
f 2623/5199/1997 2624/5203/1999 2621/5195/1994
f 2623/5201/1997 2620/5572/1995 2622/5198/1996
f 2624/5203/1999 2623/5573/1997 2626/5204/2000
f 2626/5206/2000 2623/5574/1997 2625/5202/1998
f 2629/5208/2003 2630/5212/2005 2627/5205/2001
f 2629/5210/2003 2626/5575/2000 2628/5207/2002
f 2630/5212/2005 2629/5576/2003 2632/5213/2006
f 2632/5215/2006 2629/5577/2003 2631/5211/2004
f 2633/5214/2007 2632/5578/2006 2635/5217/2009
f 2635/5219/2009 2632/5579/2006 2634/5216/2008
f 2636/5218/2010 2635/5580/2009 2638/5221/2012
f 2638/5223/2012 2635/5581/2009 2637/5220/2011
f 2639/5222/2013 2638/5221/2012 2641/5225/2015
f 2641/5227/2015 2638/5582/2012 2640/5224/2014
f 2645/5229/2018 2642/5226/2016 2641/5225/2015
f 2641/5231/2015 2643/5228/2017 2646/5232/2020
f 2648/5234/2021 2645/5229/2018 2644/5235/2019
f 2644/5237/2019 2646/5232/2020 2649/5238/2023
f 2651/5240/2024 2648/5234/2021 2647/5241/2022
f 2647/5243/2022 2649/5238/2023 2652/5244/2026
f 2654/5246/2027 2651/5240/2024 2650/5242/2025
f 2650/5248/2025 2652/5244/2026 2655/5249/2029
f 2657/5251/2030 2654/5246/2027 2653/5252/2028
f 2653/5254/2028 2655/5249/2029 2658/5255/2032
f 2660/5257/2033 2657/5251/2030 2656/5258/2031
f 2661/5260/2035 2659/5583/2034 2656/5261/2031
f 2663/5262/2036 2660/5257/2033 2659/5263/2034
f 2659/5265/2034 2661/5260/2035 2664/5266/2038
f 2666/5268/2039 2663/5262/2036 2662/5264/2037
f 2667/5270/2041 2665/5584/2040 2662/5271/2037
f 2668/5272/2042 2669/5304/2062 2666/5268/2039
f 2668/5274/2042 2665/5585/2040 2667/5270/2041
f 2672/5276/2044 2669/5304/2062 2668/5277/2042
f 2668/5279/2042 2670/5275/2043 2673/5280/2046
f 2672/5276/2044 2671/5586/2045 2674/5282/2047
f 2674/5284/2047 2671/5587/2045 2673/5280/2046
f 2675/5283/2048 2674/5588/2047 2677/5286/2050
f 2677/5288/2050 2674/5589/2047 2676/5285/2049
f 2678/5287/2051 2677/5590/2050 2680/5290/2053
f 2680/5292/2053 2677/5288/2050 2679/5289/2052
f 2681/5291/2054 2680/5591/2053 2683/5294/2056
f 2683/5296/2056 2680/5592/2053 2682/5293/2055
f 2684/5295/2057 2683/5294/2056 2686/5298/2059
f 2686/5300/2059 2683/5593/2056 2685/5297/2058
f 2687/5299/2060 2686/5594/2059 2596/5302/1969
f 2596/5303/1969 2686/5300/2059 2688/5301/2061
f 2604/5163/1978 2601/5158/1975 2598/5153/1971
f 2689/5152/1970 2688/5301/2061 2685/5297/2058
f 2604/5163/1978 2598/5153/1971 2689/5152/1970
f 2613/5181/1987 2610/5175/1984 2607/5169/1981
f 2607/5169/1981 2604/5163/1978 2689/5152/1970
f 2689/5152/1970 2685/5297/2058 2682/5293/2055
f 2689/5152/1970 2682/5293/2055 2679/5289/2052
f 2613/5181/1987 2607/5169/1981 2689/5152/1970
f 2619/5193/1993 2616/5187/1990 2613/5181/1987
f 2625/5202/1998 2622/5198/1996 2619/5193/1993
f 2631/5211/2004 2628/5207/2002 2625/5202/1998
f 2640/5224/2014 2637/5220/2011 2634/5216/2008
f 2634/5216/2008 2631/5211/2004 2625/5202/1998
f 2625/5202/1998 2619/5193/1993 2613/5181/1987
f 2613/5181/1987 2689/5152/1970 2679/5289/2052
f 2676/5285/2049 2673/5280/2046 2670/5275/2043
f 2613/5181/1987 2679/5289/2052 2676/5285/2049
f 2634/5216/2008 2625/5202/1998 2613/5181/1987
f 2643/5228/2017 2640/5224/2014 2634/5216/2008
f 2649/5238/2023 2646/5232/2020 2643/5228/2017
f 2655/5249/2029 2652/5244/2026 2649/5238/2023
f 2661/5260/2035 2658/5255/2032 2655/5249/2029
f 2667/5270/2041 2664/5266/2038 2661/5260/2035
f 2613/5181/1987 2676/5285/2049 2670/5275/2043
f 2670/5275/2043 2667/5270/2041 2661/5260/2035
f 2661/5260/2035 2655/5249/2029 2649/5238/2023
f 2649/5238/2023 2643/5228/2017 2634/5216/2008
f 2634/5216/2008 2613/5181/1987 2670/5275/2043
f 2670/5275/2043 2661/5260/2035 2649/5238/2023
f 2603/5159/1976 2606/5165/1979 2609/5171/1982
f 2609/5171/1982 2612/5177/1985 2615/5183/1988
f 2615/5183/1988 2618/5189/1991 2621/5195/1994
f 2621/5195/1994 2624/5203/1999 2627/5205/2001
f 2627/5205/2001 2630/5212/2005 2633/5214/2007
f 2633/5214/2007 2636/5218/2010 2639/5222/2013
f 2642/5226/2016 2645/5229/2018 2648/5234/2021
f 2633/5214/2007 2639/5222/2013 2642/5226/2016
f 2621/5195/1994 2627/5205/2001 2633/5214/2007
f 2609/5171/1982 2615/5183/1988 2621/5195/1994
f 2597/5154/1972 2600/5156/1974 2603/5159/1976
f 2603/5159/1976 2609/5171/1982 2621/5195/1994
f 2621/5195/1994 2633/5214/2007 2642/5226/2016
f 2642/5226/2016 2648/5234/2021 2651/5240/2024
f 2651/5240/2024 2654/5246/2027 2657/5251/2030
f 2657/5251/2030 2660/5257/2033 2663/5262/2036
f 2663/5262/2036 2666/5268/2039 2669/5304/2062
f 2669/5304/2062 2672/5276/2044 2675/5283/2048
f 2675/5283/2048 2678/5287/2051 2681/5291/2054
f 2684/5295/2057 2687/5299/2060 2690/5149/1968
f 2675/5283/2048 2681/5291/2054 2684/5295/2057
f 2657/5251/2030 2663/5262/2036 2669/5304/2062
f 2669/5304/2062 2675/5283/2048 2684/5295/2057
f 2684/5295/2057 2690/5149/1968 2597/5154/1972
f 2597/5154/1972 2603/5159/1976 2621/5195/1994
f 2621/5195/1994 2642/5226/2016 2651/5240/2024
f 2651/5240/2024 2657/5251/2030 2669/5304/2062
f 2669/5304/2062 2684/5295/2057 2597/5154/1972
f 2597/5154/1972 2621/5195/1994 2651/5240/2024
f 2691/5305/2063 2693/5311/2068 2786/5306/2064
f 2691/5308/2063 2692/5595/2065 2785/5309/2066
f 2693/5311/2068 2691/5596/2063 2695/5312/2069
f 2695/5314/2069 2691/5597/2063 2694/5310/2067
f 2699/5316/2072 2696/5313/2070 2695/5317/2069
f 2695/5319/2069 2697/5315/2071 2700/5320/2074
f 2702/5322/2075 2699/5316/2072 2698/5323/2073
f 2698/5325/2073 2700/5320/2074 2703/5326/2077
f 2705/5328/2078 2702/5322/2075 2701/5329/2076
f 2701/5331/2076 2703/5326/2077 2706/5332/2080
f 2708/5334/2081 2705/5328/2078 2704/5335/2079
f 2704/5337/2079 2706/5332/2080 2709/5338/2083
f 2711/5340/2084 2708/5334/2081 2707/5341/2082
f 2707/5343/2082 2709/5338/2083 2712/5344/2086
f 2714/5346/2087 2711/5340/2084 2710/5347/2085
f 2710/5349/2085 2712/5344/2086 2715/5350/2089
f 2717/5352/2090 2714/5346/2087 2713/5353/2088
f 2718/5355/2092 2716/5354/2091 2713/5353/2088
f 2719/5356/2093 2720/5360/2095 2717/5352/2090
f 2719/5358/2093 2716/5598/2091 2718/5355/2092
f 2720/5360/2095 2719/5599/2093 2722/5361/2096
f 2722/5363/2096 2719/5600/2093 2721/5359/2094
f 2725/5365/2099 2726/5369/2101 2723/5362/2097
f 2725/5367/2099 2722/5601/2096 2724/5364/2098
f 2726/5369/2101 2725/5602/2099 2728/5370/2102
f 2728/5372/2102 2725/5603/2099 2727/5368/2100
f 2729/5371/2103 2728/5604/2102 2731/5374/2105
f 2731/5376/2105 2728/5605/2102 2730/5373/2104
f 2732/5375/2106 2731/5606/2105 2734/5378/2108
f 2734/5380/2108 2731/5607/2105 2733/5377/2107
f 2735/5379/2109 2734/5378/2108 2737/5382/2111
f 2737/5384/2111 2734/5608/2108 2736/5381/2110
f 2741/5386/2114 2738/5383/2112 2737/5382/2111
f 2737/5388/2111 2739/5385/2113 2742/5389/2116
f 2744/5391/2117 2741/5386/2114 2740/5392/2115
f 2740/5394/2115 2742/5389/2116 2745/5395/2119
f 2747/5397/2120 2744/5391/2117 2743/5398/2118
f 2743/5400/2118 2745/5395/2119 2748/5401/2122
f 2750/5403/2123 2747/5397/2120 2746/5404/2121
f 2746/5406/2121 2748/5401/2122 2751/5407/2125
f 2753/5409/2126 2750/5403/2123 2749/5405/2124
f 2749/5411/2124 2751/5407/2125 2754/5412/2128
f 2756/5414/2129 2753/5409/2126 2752/5415/2127
f 2757/5417/2131 2755/5609/2130 2752/5418/2127
f 2759/5419/2132 2756/5414/2129 2755/5420/2130
f 2755/5422/2130 2757/5417/2131 2760/5423/2134
f 2762/5425/2135 2759/5419/2132 2758/5421/2133
f 2763/5427/2137 2761/5610/2136 2758/5428/2133
f 2764/5429/2138 2765/5461/2158 2762/5425/2135
f 2764/5431/2138 2761/5611/2136 2763/5427/2137
f 2768/5433/2140 2765/5461/2158 2764/5434/2138
f 2764/5436/2138 2766/5432/2139 2769/5437/2142
f 2768/5433/2140 2767/5612/2141 2770/5439/2143
f 2770/5441/2143 2767/5613/2141 2769/5437/2142
f 2771/5440/2144 2770/5614/2143 2773/5443/2146
f 2773/5445/2146 2770/5615/2143 2772/5442/2145
f 2774/5444/2147 2773/5616/2146 2776/5447/2149
f 2776/5449/2149 2773/5445/2146 2775/5446/2148
f 2777/5448/2150 2776/5617/2149 2779/5451/2152
f 2779/5453/2152 2776/5618/2149 2778/5450/2151
f 2780/5452/2153 2779/5619/2152 2782/5455/2155
f 2782/5457/2155 2779/5620/2152 2781/5454/2154
f 2783/5456/2156 2782/5621/2155 2692/5459/2065
f 2692/5460/2065 2782/5457/2155 2784/5458/2157
f 2700/5320/2074 2697/5315/2071 2694/5310/2067
f 2785/5309/2066 2784/5458/2157 2781/5454/2154
f 2700/5320/2074 2694/5310/2067 2785/5309/2066
f 2709/5338/2083 2706/5332/2080 2703/5326/2077
f 2703/5326/2077 2700/5320/2074 2785/5309/2066
f 2785/5309/2066 2781/5454/2154 2778/5450/2151
f 2785/5309/2066 2778/5450/2151 2775/5446/2148
f 2709/5338/2083 2703/5326/2077 2785/5309/2066
f 2715/5350/2089 2712/5344/2086 2709/5338/2083
f 2721/5359/2094 2718/5355/2092 2715/5350/2089
f 2727/5368/2100 2724/5364/2098 2721/5359/2094
f 2736/5381/2110 2733/5377/2107 2730/5373/2104
f 2730/5373/2104 2727/5368/2100 2721/5359/2094
f 2721/5359/2094 2715/5350/2089 2709/5338/2083
f 2709/5338/2083 2785/5309/2066 2775/5446/2148
f 2772/5442/2145 2769/5437/2142 2766/5432/2139
f 2709/5338/2083 2775/5446/2148 2772/5442/2145
f 2730/5373/2104 2721/5359/2094 2709/5338/2083
f 2739/5385/2113 2736/5381/2110 2730/5373/2104
f 2745/5395/2119 2742/5389/2116 2739/5385/2113
f 2751/5407/2125 2748/5401/2122 2745/5395/2119
f 2757/5417/2131 2754/5412/2128 2751/5407/2125
f 2763/5427/2137 2760/5423/2134 2757/5417/2131
f 2709/5338/2083 2772/5442/2145 2766/5432/2139
f 2766/5432/2139 2763/5427/2137 2757/5417/2131
f 2757/5417/2131 2751/5407/2125 2745/5395/2119
f 2745/5395/2119 2739/5385/2113 2730/5373/2104
f 2730/5373/2104 2709/5338/2083 2766/5432/2139
f 2766/5432/2139 2757/5417/2131 2745/5395/2119
f 2699/5316/2072 2702/5322/2075 2705/5328/2078
f 2705/5328/2078 2708/5334/2081 2711/5340/2084
f 2711/5340/2084 2714/5346/2087 2717/5352/2090
f 2717/5352/2090 2720/5360/2095 2723/5362/2097
f 2723/5362/2097 2726/5369/2101 2729/5371/2103
f 2729/5371/2103 2732/5375/2106 2735/5379/2109
f 2738/5383/2112 2741/5386/2114 2744/5391/2117
f 2729/5371/2103 2735/5379/2109 2738/5383/2112
f 2717/5352/2090 2723/5362/2097 2729/5371/2103
f 2705/5328/2078 2711/5340/2084 2717/5352/2090
f 2693/5311/2068 2696/5313/2070 2699/5316/2072
f 2699/5316/2072 2705/5328/2078 2717/5352/2090
f 2717/5352/2090 2729/5371/2103 2738/5383/2112
f 2738/5383/2112 2744/5391/2117 2747/5397/2120
f 2747/5397/2120 2750/5403/2123 2753/5409/2126
f 2753/5409/2126 2756/5414/2129 2759/5419/2132
f 2759/5419/2132 2762/5425/2135 2765/5461/2158
f 2765/5461/2158 2768/5433/2140 2771/5440/2144
f 2771/5440/2144 2774/5444/2147 2777/5448/2150
f 2780/5452/2153 2783/5456/2156 2786/5306/2064
f 2771/5440/2144 2777/5448/2150 2780/5452/2153
f 2753/5409/2126 2759/5419/2132 2765/5461/2158
f 2765/5461/2158 2771/5440/2144 2780/5452/2153
f 2780/5452/2153 2786/5306/2064 2693/5311/2068
f 2693/5311/2068 2699/5316/2072 2717/5352/2090
f 2717/5352/2090 2738/5383/2112 2747/5397/2120
f 2747/5397/2120 2753/5409/2126 2765/5461/2158
f 2765/5461/2158 2780/5452/2153 2693/5311/2068
f 2693/5311/2068 2717/5352/2090 2747/5397/2120
