{
  "drone": {
    "spawnPos": {
      "x": 0.0,
      "y": 1.0,
      "z": 0.0
    },
    "spawnYaw": 0.0
  },
  "gates": [
    {
      "gateRadius": 2.5,
      "perfectRadius": 1.0,
      "pos": {
        "x": -3.0,
        "y": 3.0,
        "z": 30.0
      },
      "rot": {
        "x": 0.20000000298023224,
        "y": -0.4000000059604645,
        "z": 0.0
      },
      "scale": {
        "x": 2.0,
        "y": 2.0,
        "z": 2.0
      },
      "thickness": 0.800000011920929
    }
  ],
  "goal": {
    "pos": {
      "x": 0.0,
      "y": 0.0,
      "z": 0.0
    }
  },
  "version": 1,
  "walls": [
    {
      "center": {
        "x": -4.0,
        "y": 2.0,
        "z": 18.0
      },
      "half": {
        "x": 4.0,
        "y": 2.0,
        "z": 0.5
      },
      "rot": {
        "x": 0.0,
        "y": 0.6000000238418579,
        "z": 0.0
      },
      "type": "OBB"
    }
  ]
}